code,description
A00-B99,Ciertas enfermedades infecciosas y parasitarias
C00-D49,Tumores [neoplasias]
D50-D89,"Enfermedades de la sangre y de los órganos hematopoyéticos, y ciertos trastornos que afectan el mecanismo de la inmunidad"
E00-E89,"Enfermedades endocrinas, nutricionales y metabolicas"
F01-F99,Trastornos mentales y del comportamiento
G00-G99,Enfermedades del sistema nervioso
H00-H59,Enfermedades del ojo y sus anexos
H60-H95,Enfermedades del oído y de la apófisis mastoides
I00-I99,Enfermedades del sistema circulatorio
J00-J99,Enfermedades del sistema respiratorio
K00-K95,Enfermedades del sistema digestivo
L00-L99,Enfermedades de la piel y del tejido subcutáneo
M00-M99,Enfermedades del sistema osteomuscular y del tejido conjuntivo
N00-N99,Enfermedades del sistema genitourinario
O00-O9A,"Embarazo, parto y puerperio"
P00-P96,Ciertas afecciones originadas en el período perinatal
Q00-Q99,"Malformaciones congénitas, deformidades y anomalías cromosómicas"
R00-R99,"Síntomas, signos y hallazgos anormales clínicos y de laboratorio, no clasificados en otra parte"
S00-T88,"Traumatismos, envenenamientos y algunas otras consecuencias de causas externas"
V01-Y99,Causas externas de morbilidad y de mortalidad
Z00-Z99,Factores que influyen en el estado de salud y contacto con los servicios de salud
H60-H62,Enfermedades del oído externo
H65-H75,Enfermedades del oído medio y de la mastoides
H80-H83,Enfermedades del oído interno
H90-H95,Otros trastornos del oído
H00-H06,"Trastornos del párpado, aparato lagrimal y órbita"
H10-H13,Trastornos de la conjuntiva
H15-H22,"Trastornos de la esclerótica, córnea, iris y cuerpo ciliar"
G00-G09,Enfermedades inflamatorias del sistema nervioso central
G10-G13,Atrofias sistémicas que afectan principalmente el sistema nervioso central
G20-G26,Trastornos extrapiramidales y del movimiento
H25-H28,Trastornos del cristalino
H30-H36,Trastornos de la coroides y de la retina
H40-H42,Glaucoma
H43-H45,Trastornos del cuerpo vítreo y del globo ocular
H46-H48,Trastornos del nervio óptico y de las vías ópticas
H49-H52,"binocular, de la acomodación y de la refracción"
H53-H54,Alteraciones de la visión y ceguera
F00-F09,"Trastornos mentales orgánicos, incluidos los trastornos sintomáticos"
F10-F19,Trastornos mentales y del comportamiento debidos al uso de sustancias psicoactivas
F20-F29,"Esquizofrenia, trastornos esquizotípicos y trastornos delirantes"
F30-F39,Trastornos del humor [afectivos]
F40-F48,"Trastornos neuróticos, trastornos relacionados con el estrés y trastornos somatomorfos"
E00-E07,Trastornos de la glándula tiroides
E10-E14,Diabetes mellitus
E15-E16,Otros trastornos de la regulación de la glucosa y de la secreción interna del páncreas
E20-E35,Trastornos de otras glándulas endocrinas
D50-D53,Anemias nutricionales
D55-D59,Anemias hemolíticas
D60-D64,Anemias aplásticas y otras anemias
D65-D69,"Defectos de la coagulación, púrpura y otras afecciones hemorrágicas"
D70-D77,Otras enfermedades de la sangre y de los órganos hematopoyéticos
C00-C97,Tumores [neoplasias] malignos
D00-D09,Tumores [neoplasias] in situ
D10-D36,Tumores [neoplasias] benignos
D37-D48,Tumores [neoplasias] de comportamiento incierto o desconocido
G30-G32,Otras enfermedades degenerativas del sistema nervioso
G35-G37,Enfermedades desmielinizantes del sistema nervioso central
G40-G47,Trastornos episódicos y paroxísticos
G50-G59,"Trastornos de los nervios, de las raíces y de los plexos nerviosos"
G60-G64,Polineuropatías y otros trastornos del sistema nervioso periférico
G70-G73,Enfermedades musculares y de la unión neuromuscular
G80-G83,Parálisis cerebral y otros síndromes paralíticos
G90-G99,Otros trastornos del sistema nervioso
A00-A09,Enfermedades infecciosas intestinales
A15-A19,Tuberculosis
H55-H59,Otros trastornos del ojo y sus anexos
F50-F59,Síndromes del comportamiento asociados con alteraciones fisiológicas y factores físicos
F60-F69,Trastornos de la personalidad y del comportamiento en adultos
F70-F79,Retraso mental
F80-F89,Trastornos del desarrollo psicológico
F90-F98,Trastornos emocionales y del comportamiento que aparecen habitualmente en la niñez y en la adolescencia
F99,"Trastorno mental, no especificado"
S00-S09,Traumatismos de la cabeza
S10-S19,Traumatismos del cuello
S20-S29,Traumatismos del tórax
S30-S39,"Traumatismos del abdomen, de la región lumbosacra, de la columna lumbar y de la pelvis"
R00-R09,Síntomas y signos que involucran los sistemas circulatorio y respiratorio
R10-R19,Síntomas y signos que involucran el sistema digestivo y el abdomen
R20-R23,Síntomas y signos que involucran la piel y el tejido subcutáneo
R25-R29,Síntomas y signos que involucran los sistemas nervioso y osteomuscular
R30-R39,Síntomas y signos que involucran el sistema urinario
R40-R46,"Síntomas y signos que involucran el conocimiento, la percepción, el estado emocional y la conducta"
R47-R49,Síntomas y signos que involucran el habla y la voz
Q00-Q07,Malformaciones congénitas del sistema nervioso
Q10-Q18,"Malformaciones congénitas del ojo, del oído, de la cara y del cuello"
Q20-Q28,Malformaciones congénitas del sistema circulatorio
Q30-Q34,Malformaciones congénitas del sistema respiratorio
E40-E46,Desnutrición
E50-E64,Otras deficiencias nutricionales
E65-E68,Obesidad y otros tipos de hiperalimentación
E70-E90,Trastornos metabólicos
P00-P04,"Feto y recién nacido afectados por factores maternos y por complicaciones del embarazo, del trabajo de parto y del parto"
P05-P08,Trastornos relacionados con la duración de la gestación y el crecimiento fetal
P10-P15,Traumatismo del nacimiento
P20-P29,Trastornos respiratorios y cardiovasculares específicos del período perinatal
P35-P39,Infecciones específicas del período perinatal
P50-P61,Trastornos hemorrágicos y hematológicos del feto y del recién nacido
P70-P74,Trastornos endocrinos y metabólicos transitorios específicos del feto y del recién nacido
D80-D89,Ciertos trastornos que afectan el mecanismo de la inmunidad
O00-O08,Embarazo terminado en aborto
O10-O16,"Edema, proteinuria y trastornos hipertensivos en el embarazo, el parto y el puerperio"
O20-O29,Otros trastornos maternos relacionados principalmente con el embarazo
O30-O48,Atención materna relacionada con el feto y la cavidad amniótica y con posibles problemas del parto
N00-N08,Enfermedades glomerulares
N10-N16,Enfermedad renal tubulointersticial
N17-N19,Insuficiencia renal
N20-N23,Litiasis urinaria
N25-N29,Otros trastornos del riñón y del uréter
A20-A28,Ciertas zoonosis bacterianas
A30-A49,Otras enfermedades bacterianas
A50-A64,predominantemente sexual
A65-A69,Otras enfermedades debidas a espiroquetas
A70-A74,Otras enfermedades causadas por clamidias
A75-A79,Rickettsiosis
A80-A89,Infecciones virales del sistema nervioso central
A90-A99,Fiebres virales transmitidas por artrópodos y fiebres virales hemorrágicas
B00-B09,Infecciones virales caracterizadas por lesiones de la piel y de las membranas mucosas
M00-M25,Artropatías
M30-M36,Trastornos sistémicos del tejido conjuntivo
M40-M54,Dorsopatías
M60-M79,Trastornos de los tejidos blandos
M80-M94,Osteopatías y condropatías
L00-L08,Infecciones de la piel y del tejido subcutáneo
L10-L14,Trastornos flictenulares
L20-L30,Dermatitis y eczema
L40-L45,Trastornos papuloescamosos
L50-L54,Urticaria y eritema
K00-K14,"Enfermedades de la cavidad bucal, de las glándulas salivales y de los maxilares"
K20-K31,"Enfermedades del esófago, del estómago y del duodeno"
K35-K38,Enfermedades del apéndice
K40-K46,Hernia
K50-K52,Enteritis y colitis no infecciosas
K55-K63,Otras enfermedades de los intestinos
J00-J06,Infecciones agudas de las vías respiratorias superiores
J09-J18,Influenza [gripe] y neumonía
J20-J22,Otras infecciones agudas de las vías respiratorias inferiores
J30-J39,Otras enfermedades de las vías respiratorias superiores
I00-I02,Fiebre reumática aguda
I05-I09,Enfermedades cardíacas reumáticas crónicas
I10-I15,Enfermedades hipertensivas
I20-I25,Enfermedades isquémicas del corazón
S40-S49,Traumatismos del hombro y del brazo
S50-S59,Traumatismos del antebrazo y del codo
S60-S69,Traumatismos de la muñeca y de la mano
S70-S79,Traumatismos de la cadera y del muslo
S80-S89,Traumatismos de la rodilla y de la pierna
S90-S99,Traumatismos del tobillo y del pie
T00-T07,Traumatismos que afectan múltiples regiones del cuerpo
Z00-Z13,Personas en contacto con los servicios de salud para investigación y exámenes
Z20-Z29,"Personas con riesgos potenciales para su salud, relacionados con enfermedades transmisibles"
Z30-Z39,Personas en contacto con los servicios de salud en circunstancias relacionadas con la reproducción
V01-X59,Accidentes
X60-X84,Lesiones autoinfligidas intencionalmente
X85-Y09,Agresiones
Y10-Y34,Eventos de intención no determinada
Y35-Y36,Intervención legal y operaciones de guerra
Y40-Y84,Complicaciones de la atención médica y quirúrgica
H90,Hipoacusia conductiva y neurosensorial
H91,Otras hipoacusias
H92,Otalgia y secreción del oído
H80,Otosclerosis
H81,Trastornos de la función vestibular
H82,Síndromes vertiginosos en enfermedades clasificadas en otra parte
H83,Otros trastornos del oído interno
H65,Otitis media no supurativa
H66,Otitis media supurativa y la no especificada
H67,Otitis media en enfermedades clasificadas en otra parte
H60,Otitis externa
H61,Otros trastornos del oído externo
H62,Trastornos del oído externo en enfermedades clasificadas en otra parte
H15,Trastornos de la esclerótica
H16,Queratitis
H17,Opacidades y cicatrices corneales
H18,Otros trastornos de la córnea
H19,Trastornos de la esclerótica y de la córnea en enfermedades clasificadas en otra parte
H20,Iridociclitis
H21,Otros trastornos del iris y del cuerpo ciliar
H22,Trastornos del iris y del cuerpo ciliar en enfermedades clasificadas en otra parte
R50-R69,Síntomas y signos generales
R70-R79,sin diagnóstico
R80-R82,"Hallazgos anormales en el examen de orina, sin diagnóstico"
R83-R89,"Hallazgos anormales en el examen de otros líquidos, sustancias y tejidos corporales, sin diagnóstico"
R90-R94,"Hallazgos anormales en diagnóstico por imágenes y en estudios funcionales, sin diagnóstico"
R95-R99,Causas de mortalidad mal definidas y desconocidas
H10,Conjuntivitis
H11,Otros trastornos de la conjuntiva
H13,Trastornos de la conjuntiva en enfermedades clasificadas en otra parte
Q35-Q37,Fisura del paladar y labio leporino
Q38-Q45,Otras malformaciones congénitas del sistema digestivo
Q50-Q56,Malformaciones congénitas de los órganos genitales
Q60-Q64,Malformaciones congénitas del sistema urinario
Q65-Q79,Malformaciones y deformidades congénitas del sistema osteomuscular
Q80-Q89,Otras malformaciones congénitas
Q90-Q99,"Anomalías cromosómicas, no clasificadas en otra parte"
H00,Orzuelo y calacio
H01,Otras inflamaciones del párpado
H02,Otros trastornos de los párpados
H03,Trastornos del párpado en enfermedades clasificadas en otra parte
H04,Trastornos del aparato lagrimal
H05,Trastornos de la órbita
H06,Trastornos del aparato lagrimal y de la órbita en enfermedades clasificadas en otra parte
P75-P78,Trastornos del sistema digestivo del feto y del recién nacido
P80-P83,Afecciones asociadas con la regulación tegumentaria y la temperatura del feto y del recién nacido
P90-P96,Otros trastornos originados en el período perinatal
O60-O75,Complicaciones del trabajo de parto y del parto
O80-O84,Parto
O85-O92,Complicaciones principalmente relacionadas con el puerperio
O94-O99,Otras afecciones obstétricas no clasificadas en otra parte
F40,Trastornos fóbicos de ansiedad
F41,Otros trastornos de ansiedad
F42,Trastorno obsesivo-compulsivo
F43,Reacción al estrés grave y trastornos de adaptación
F44,Trastornos disociativos [de conversión]
F45,Trastornos somatomorfos
F48,Otros trastornos neuróticos
N30-N39,Otras enfermedades del sistema urinario
N40-N51,Enfermedades de los órganos genitales masculinos
N60-N64,Trastornos de la mama
N70-N77,Enfermedades inflamatorias de los órganos pélvicos femeninos
N80-N98,Trastornos no inflamatorios de los órganos genitales femeninos
N99,"Trastornos del sistema genitourinario consecutivos a procedimientos, no clasificados en otra parte"
F30,Episodio maníaco
F31,Trastorno afectivo bipolar
F32,Episodio depresivo
F33,Trastorno depresivo recurrente
F34,Trastornos del humor [afectivos] persistentes
F38,Otros trastornos del humor [afectivos]
F39,"Trastorno del humor [afectivo], no especificado"
F20,Esquizofrenia
F21,Trastorno esquizotípico
F22,Trastornos delirantes persistentes
F23,Trastornos psicóticos agudos y transitorios
F24,Trastorno delirante inducido
B15-B19,Hepatitis viral
B20-B24,Enfermedad por virus de la inmunodeficiencia ­humana [VIH]
B25-B34,Otras enfermedades virales
B35-B49,Micosis
B50-B64,Enfermedades debidas a protozoarios
B65-B83,Helmintiasis
B85-B89,"Pediculosis, acariasis y otras infestaciones"
B90-B94,Secuelas de enfermedades infecciosas y parasitarias
B95-B97,"Bacterias, virus y otros agentes infecciosos"
B99,Otras enfermedades infecciosas y las no especificadas
F10,Trastornos mentales y del comportamiento ­debidos al uso de alcohol
F11,Trastornos mentales y del comportamiento ­debidos al uso de opiáceos
F12,Trastornos mentales y del comportamiento debidos al uso de cannabinoides
F13,Trastornos mentales y del comportamiento debidos al uso de sedantes o hipnóticos
F14,Trastornos mentales y del comportamiento debidos al uso de cocaína
F15,"Trastornos mentales y del comportamiento debidos al uso de otros estimulantes, incluida la cafeína"
M95-M99,Otros trastornos del sistema osteomuscular y del tejido conjuntivo
F00,Demencia en la enfermedad de Alzheimer (G30.–)
F01,Demencia vascular
F02,Demencia en otras enfermedades clasificadas en otra parte
L55-L59,Trastornos de la piel y del tejido subcutáneo relacionados con radiación
L60-L75,Trastornos de las faneras
L80-L99,Otros trastornos de la piel y del tejido subcutáneo
H53,Alteraciones de la visión
H54,Ceguera y disminución de la agudeza visual
K65-K67,Enfermedades del peritoneo
K70-K77,Enfermedades del hígado
K80-K87,"Trastornos de la vesícula biliar, de las vías biliares y del páncreas"
K90-K93,Otras enfermedades del sistema digestivo
J40-J47,Enfermedades crónicas de las vías respiratorias inferiores
J60-J70,Enfermedades del pulmón debidas a agentes externos
J80-J84,Otras enfermedades respiratorias que afectan principalmente al intersticio
J85-J86,Afecciones supurativas y necróticas de las vías respiratorias inferiores
J90-J94,Otras
J95-J99,Otras enfermedades del sistema respiratorio
H49,Estrabismo paralítico
H50,Otros estrabismos
H51,Otros trastornos de los movimientos binoculares
H52,Trastornos de la acomodación y de la refracción
I26-I28,Enfermedad cardiopulmonar y enfermedades de la circulación pulmonar
I30-I52,Otras formas de enfermedad del corazón
I60-I69,Enfermedades cerebrovasculares
I70-I79,"Enfermedades de las arterias, de las arteriolas y de los vasos capilares"
I80-I89,"Enfermedades de las venas y de los vasos y ganglios linfáticos, no clasificadas en otra parte"
I95-I99,Otros trastornos y los no especificados del sistema circulatorio
H46,Neuritis óptica
H47,Otros trastornos del nervio óptico [II par] y de las vías ópticas
H48,Trastornos del nervio óptico [II par] y de las vías ópticas en enfermedades clasificadas en otra parte
H43,Trastornos del cuerpo vítreo
H44,Trastornos del globo ocular
H45,Trastornos del cuerpo vítreo y del globo ocular en enfermedades clasificadas en otra parte
H40,Glaucoma
H42,Glaucoma en enfermedades clasificadas en otra parte
H30,Inflamación coriorretiniana
H31,Otros trastornos de la coroides
H32,Trastornos coriorretinianos en enfermedades clasificadas en otra parte
T08-T14,"Traumatismos de parte no especificada del tronco, miembro o región del cuerpo"
T15-T19,Efectos de cuerpos extraños que penetran por orificios naturales
T20-T32,Quemaduras y corrosiones
T33-T35,Congelamiento
T36-T50,"Envenenamiento por drogas, medicamentos y sustancias biológicas"
T51-T65,Efectos tóxicos de sustancias de procedencia principalmente no medicinal
T66-T78,Otros efectos y los no especificados de causas externas
T79,"Algunas complicaciones precoces de traumatismos, no clasificadas en otra parte"
T80-T88,"Complicaciones de la atención médica y quirúrgica, no clasificadas en otra parte"
H25,Catarata senil
H26,Otras cataratas
H27,Otros trastornos del cristalino
H28,Catarata y otros trastornos del cristalino en enfermedades clasificadas en otra parte
Z40-Z54,Personas en contacto con los servicios de salud para procedimientos específicos y cuidados de salud
Z55-Z65,"Personas con riesgos potenciales para su salud, relacionados con circunstancias socioeconómicas y psicosociales"
Z70-Z76,Personas en contacto con los servicios de salud por otras circunstancias
Z80-Z99,"Personas con riesgos potenciales para su salud, relacionados con su historia familiar y personal, y algunas condiciones que influyen sobre su estado de salud"
G20,Enfermedad de Parkinson
G21,Parkinsonismo secundario
G22,Parkinsonismo en enfermedades clasificadas en otra parte
G23,Otras enfermedades degenerativas de los núcleos de la base
G24,Distonía
G25,Otros trastornos extrapiramidales y del movimiento
G10,Enfermedad de Huntington
G11,Ataxia hereditaria
G12,Atrofia muscular espinal y síndromes afines
G13,Atrofias sistémicas que afectan primariamente el sistema nervioso central en enfermedades clasificadas en otra parte
G00,"Meningitis bacteriana, no clasificada en otra parte"
G01,Meningitis en enfermedades bacterianas clasificadas en otra parte
G02,Meningitis en otras enfermedades infecciosas y parasitarias clasificadas en otra parte
G03,Meningitis debida a otras causas y a las no especificadas
G04,"Encefalitis, mielitis y encefalomielitis"
G05,"Encefalitis, mielitis y encefalomielitis en enfermedades clasificadas en otra parte"
S30,"Traumatismo superficial del abdomen, de la región lumbosacra y de la pelvis"
S31,"Herida del abdomen, de la región lumbosacra y de la pelvis"
S20,Traumatismo superficial del tórax
S21,Herida del tórax
S22,"Fractura de las costillas, del esternón y de la columna torácica [dorsal]"
S23,"Luxación, esguince y torcedura de articulaciones y ligamentos del tórax"
S24,Traumatismo de nervios y de la médula espinal a nivel del tórax
S10,Traumatismo superficial del cuello
S11,Herida del cuello
S12,Fractura del cuello
S00,Traumatismo superficial de la cabeza
S01,Herida de la cabeza
S02,Fractura de huesos del cráneo y de la cara
S03,"Luxación, esguince y torcedura de articulaciones y de ligamentos de la cabeza"
S04,Traumatismo de nervios craneales
F90,Trastornos hipercinéticos
F91,Trastornos de la conducta
F92,Trastornos mixtos de la conducta y de las emociones
F93,Trastornos emocionales de comienzo específico en la niñez
F94,Trastornos del comportamiento social de comienzo específico en la niñez y en la adolescencia
F95,Trastornos por tics
F98,Otros trastornos emocionales y del comportamiento que aparecen habitualmente en la niñez y en la adolescencia
F80,Trastornos específicos del desarrollo del habla y del lenguaje
F81,Trastornos específicos del desarrollo de las habilidades escolares
F82,Trastorno específico del desarrollo de la función motriz
F83,Trastornos específicos mixtos del desarrollo
F84,Trastornos generalizados del desarrollo
Y85-Y89,Secuelas de causas externas de morbilidad y de mortalidad
Y90-Y98,Factores suplementarios relacionados con causas de morbilidad y de mortalidad clasificadas en otra parte
H93,"Otros trastornos del oído, no clasificados en otra parte"
H94,Otros trastornos del oído en enfermedades clasificadas en otra parte
H95,"Trastornos del oído y de la apófisis mastoides consecutivos a procedimientos, no clasificados en otra parte"
F70,Retraso mental leve
F71,Retraso mental moderado
F72,Retraso mental grave
F73,Retraso mental profundo
F78,Otros tipos de retraso mental
F60,Trastornos específicos de la personalidad
F61,Trastornos mixtos y otros trastornos de la personalidad
F62,"Cambios perdurables de la personalidad, no atribuibles a lesión o a enfermedad cerebral"
F50,Trastornos de la ingestión de alimentos
F51,Trastornos no orgánicos del sueño
F52,Disfunción sexual no ocasionada por trastorno ni enfermedad orgánicos
F53,"Trastornos mentales y del comportamiento asociados con el puerperio, no clasificados en otra parte"
F54,Factores psicológicos y del comportamiento asociados con trastornos o enfermedades clasificados en otra parte
F55,Abuso de sustancias que no producen dependencia
H55,Nistagmo y otros movimientos oculares irregulares
H57,Otros trastornos del ojo y sus anexos
H58,Otros trastornos del ojo y sus anexos en enfermedades clasificadas en otra parte
H59,"Trastornos del ojo y sus anexos consecutivos a procedimientos, no clasificados en otra parte"
A00,Cólera
A01,Fiebres tifoidea y paratifoidea
A02,Otras infecciones debidas a Salmonella
A03,Shigelosis
A04,Otras infecciones intestinales bacterianas
A05,"Otras intoxicaciones alimentarias bacterianas, no clasificadas en otra parte"
A06,Amebiasis
G90,Trastornos del sistema nervioso autónomo
G91,Hidrocéfalo
G92,Encefalopatía tóxica
G93,Otros trastornos del encéfalo
G94,Otros trastornos del encéfalo en enfermedades clasificadas en otra parte
G95,Otras enfermedades de la médula espinal
G96,Otros trastornos del sistema nervioso central
G80,Parálisis cerebral
G81,Hemiplejía
G82,Paraplejía y cuadriplejía
G83,Otros síndromes paralíticos
G70,Miastenia gravis y otros trastornos neuromusculares
G71,Trastornos musculares primarios
G72,Otras miopatías
G60,Neuropatía hereditaria e idiopática
G61,Polineuropatía inflamatoria
G62,Otras polineuropatías
G63,Polineuropatías en enfermedades clasificadas en otra parte
G64,Otros trastornos del sistema nervioso periférico
G50,Trastornos del nervio trigémino
G51,Trastornos del nervio facial
G52,Trastornos de otros nervios craneales
G53,Trastornos de los nervios craneales en enfermedades clasificadas en otra parte
G40,Epilepsia
G41,Estado de mal epiléptico
G43,Migraña
H68,Inflamación y obstrucción de la trompa de Eustaquio
H69,Otros trastornos de la trompa de Eustaquio
H70,Mastoiditis y afecciones relacionadas
H71,Colesteatoma del oído medio
H72,Perforación de la membrana timpánica
H73,Otros trastornos de la membrana timpánica
H74,Otros trastornos del oído medio y de la apófisis mastoides
H75,Otros trastornos del oído medio y de la apófisis mastoides en enfermedades clasificadas en otra parte
G35,Esclerosis múltiple
G36,Otras desmielinizaciones diseminadas agudas
G37,Otras enfermedades desmielinizantes del sistema nervioso central
G30,Enfermedad de Alzheimer
G31,"Otras enfermedades degenerativas del sistema nervioso, no clasificadas en otra parte"
G32,Otros trastornos degenerativos del sistema nervioso en enfermedades clasificadas en otra parte
D37,Tumor de comportamiento incierto o desconocido de la cavidad bucal y de los órganos digestivos
D38,Tumor de comportamiento incierto o desconocido del oído medio y de los órganos respiratorios e intratorácicos
D39,Tumor de comportamiento incierto o desconocido de los órganos genitales femeninos
D40,Tumor de comportamiento incierto o desconocido de los órganos genitales masculinos
D41,Tumor de comportamiento incierto o desconocido de los órganos urinarios
D42,Tumor de comportamiento incierto o desconocido de las meninges
D43,Tumor de comportamiento incierto o desconocido del encéfalo y del sistema nervioso central
D10,Tumor benigno de la boca y de la faringe
D11,Tumor benigno de las glándulas salivales mayores
D12,"Tumor benigno del colon, del recto, del conducto anal y del ano"
D00,"Carcinoma in situ de la cavidad bucal, del esófago y del estómago"
D01,Carcinoma in situ de otros órganos digestivos y de los no especificados
D02,Carcinoma in situ del sistema respiratorio y del oído medio
D03,Melanoma in situ
D04,Carcinoma in situ de la piel
D05,Carcinoma in situ de la mama
D06,Carcinoma in situ del cuello del útero
C00-C75,y afines
C76-C80,"Tumores [neoplasias] malignos de sitios mal definidos, secundarios y de sitios no especificados"
C81-C96,"Tumores [neoplasias] malignos del tejido linfático, de los órganos hematopoyéticos y de tejidos afines"
C97,Tumores malignos (primarios) de sitios múltiples independientes
D70,Agranulocitosis
D71,Trastornos funcionales de los polimorfonucleares neutrófilos
D72,Otros trastornos de los leucocitos
D73,Enfermedades del bazo
D74,Metahemoglobinemia
D65,Coagulación intravascular diseminada [síndrome de desfibrinación]
D66,Deficiencia hereditaria del factor VIII
D67,Deficiencia hereditaria del factor IX
D68,Otros defectos de la coagulación
D69,Púrpura y otras afecciones hemorrágicas
D60,"Aplasia adquirida, exclusiva de la serie roja [eritroblastopenia]"
D61,Otras anemias aplásticas
D62,Anemia posthemorrágica aguda
D63,Anemia en enfermedades crónicas clasificadas en otra parte
D64,Otras anemias
D55,Anemia debida a trastornos enzimáticos
D56,Talasemia
D57,Trastornos falciformes
D58,Otras anemias hemolíticas hereditarias
D59,Anemia hemolítica adquirida
D50,Anemias por deficiencia de hierro
D51,Anemia por deficiencia de vitamina B12
D52,Anemia por deficiencia de folatos
D53,Otras anemias nutricionales
E20,Hipoparatiroidismo
E21,Hiperparatiroidismo y otros trastornos de la glándula paratiroides
E22,Hiperfunción de la glándula hipófisis
E23,Hipofunción y otros trastornos de la glándula hipófisis
E24,Síndrome de Cushing
E15,Coma hipoglicémico no diabético
E16,Otros trastornos de la secreción interna del páncreas
E10,Diabetes mellitus insulinodependiente
E11,Diabetes mellitus no insulinodependiente
E12,Diabetes mellitus asociada con desnutrición
E13,Otras diabetes mellitus especificadas
E00,Síndrome congénito de deficiencia de yodo
E01,Trastornos tiroideos vinculados a deficiencia de yodo y afecciones relacionadas
E02,Hipotiroidismo subclínico por deficiencia de yodo
E03,Otros hipotiroidismos
E04,Otros bocios no tóxicos
E05,Tirotoxicosis [hipertiroidismo]
E06,Tiroiditis
F25,Trastornos esquizoafectivos
F28,Otros trastornos psicóticos de origen no orgánico
F29,"Psicosis de origen no orgánico, no especificada"
F16,Trastornos mentales y del comportamiento debidos al uso de alucinógenos
F17,Trastornos mentales y del comportamiento debidos al uso de tabaco
F18,Trastornos mentales y del comportamiento debidos al uso de disolventes volátiles
F19,Trastornos mentales y del comportamiento debidos al uso de múltiples drogas y al uso de otras sustancias psicoactivas
F03,"Demencia, no especificada"
F04,"Síndrome amnésico orgánico, no inducido por ­alcohol o por otras sustancias psicoactivas"
F05,"Delirio, no inducido por alcohol o por otras ­sustancias psicoactivas"
F06,"Otros trastornos mentales debidos a lesión y disfunción cerebral, y a enfermedad física"
F07,"Trastornos de la personalidad y del comportamiento debidos a enfermedad, lesión o disfunción cerebral"
F09,"Trastorno mental orgánico o sintomático, no especificado"
H33,Desprendimiento y desgarro de la retina
H34,Oclusión vascular de la retina
H35,Otros trastornos de la retina
H36,Trastornos de la retina en enfermedades clasificadas en otra parte
T90-T98,"Secuelas de traumatismos, de envenenamientos y de otras consecuencias de causas externas"
G26,Trastornos extrapiramidales y del movimiento en enfermedades clasificadas en otra parte
Z30,Atención para la anticoncepción
Z31,Atención para la procreación
Z32,Examen y prueba del embarazo
Z33,"Estado de embarazo, incidental"
Z34,Supervisión de embarazo normal
Z35,Supervisión de embarazo de alto riesgo
Z20,Contacto con y exposición a enfermedades transmisibles
Z21,Estado de infección asintomática por el virus de la inmunodeficiencia humana [VIH]
Z22,Portador de agente de enfermedad infecciosa
Z00,Examen general e investigación de personas sin quejas o sin diagnóstico informado
Z01,Otros exámenes especiales e investigaciones en personas sin quejas o sin diagnóstico informado
Z02,Exámenes y contactos para fines administrativos
Z03,Observación y evaluación médicas por sospecha de enfermedades y afecciones
Z04,Examen y observación por otras razones
Z08,Examen de seguimiento consecutivo al tratamiento por tumor maligno
T00,Traumatismos superficiales que afectan múltiples regiones del cuerpo
T01,Heridas que afectan múltiples regiones del cuerpo
S90,Traumatismo superficial del tobillo y del pie
S91,Herida del tobillo y del pie
S92,"Fractura del pie, excepto del tobillo"
S93,"Luxación, esguince y torcedura de articulaciones y ligamentos del tobillo y del pie"
S94,Traumatismo de nervios a nivel del pie y del tobillo
S80,Traumatismo superficial de la pierna
S81,Herida de la pierna
S82,"Fractura de la pierna, inclusive el tobillo"
S83,"Luxación, esguince y torcedura de articulaciones y ligamentos de la rodilla"
S70,Traumatismo superficial de la cadera y del muslo
S71,Herida de la cadera y del muslo
S72,Fractura del fémur
S73,"Luxación, esguince y torcedura de la articulación y de los ligamentos de la cadera"
S60,Traumatismo superficial de la muñeca y de la mano
S61,Herida de la muñeca y de la mano
S62,Fractura a nivel de la muñeca y de la mano
S50,Traumatismo superficial del antebrazo y del codo
S51,Herida del antebrazo y del codo
S52,Fractura del antebrazo
S53,"Luxación, esguince y torcedura de articulaciones y ligamentos del codo"
S54,Traumatismo de nervios a nivel del antebrazo
S40,Traumatismo superficial del hombro y del brazo
S41,Herida del hombro y del brazo
S42,Fractura del hombro y del brazo
S43,"Luxación, esguince y torcedura de articulaciones y ligamentos de la cintura escapular"
S44,Traumatismo de nervios a nivel del hombro y del brazo
I20,Angina de pecho
I21,Infarto agudo del miocardio
I22,Infarto subsecuente del miocardio
I23,Ciertas complicaciones presentes posteriores al infarto agudo del miocardio
I10,Hipertensión esencial (primaria)
I11,Enfermedad cardíaca hipertensiva
I12,Enfermedad renal hipertensiva
I05,Enfermedades reumáticas de la válvula mitral
I06,Enfermedades reumáticas de la válvula aórtica
I07,Enfermedades reumáticas de la válvula tricúspide
I08,Enfermedades valvulares múltiples
I09,Otras enfermedades reumáticas del corazón
I00,Fiebre reumática sin mención de complicación cardíaca
I01,Fiebre reumática con complicación cardíaca
I02,Corea reumática
J30,Rinitis alérgica y vasomotora
J31,"Rinitis, rinofaringitis y faringitis crónicas"
J32,Sinusitis crónica
J33,Pólipo nasal
J20,Bronquitis aguda
J21,Bronquiolitis aguda
J22,Infección aguda no especificada de las vías respiratorias inferiores
J09,Influenza debida a virus de la influenza aviar identificado
J10,Influenza debida a otro virus de la influenza identificado
J11,Influenza debida a virus no identificado
J12,"Neumonía viral, no clasificada en otra parte"
J00,Rinofaringitis aguda [resfriado común]
J01,Sinusitis aguda
J02,Faringitis aguda
J03,Amigdalitis aguda
J04,Laringitis y traqueítis agudas
J05,Laringitis obstructiva aguda [crup] y epiglotitis
K55,Trastornos vasculares de los intestinos
K56,Íleo paralítico y obstrucción intestinal sin hernia
K57,Enfermedad diverticular del intestino
K58,Síndrome del colon irritable
K59,Otros trastornos funcionales del intestino
K60,Fisura y fístula de las regiones anal y rectal
K61,Absceso de las regiones anal y rectal
K50,Enfermedad de Crohn [enteritis regional]
K51,Colitis ulcerativa
K52,Otras colitis y gastroenteritis no infecciosas
K40,Hernia inguinal
K41,Hernia femoral
K42,Hernia umbilical
K43,Hernia ventral
K35,Apendicitis aguda
K36,Otros tipos de apendicitis
K37,"Apendicitis, no especificada"
K38,Otras enfermedades del apéndice
K20,Esofagitis
K21,Enfermedad del reflujo gastroesofágico
K22,Otras enfermedades del esófago
K00,Trastornos del desarrollo y de la erupción de los dientes
K01,Dientes incluidos e impactados
K02,Caries dental
K03,Otras enfermedades de los tejidos duros de los dientes
K04,Enfermedades de la pulpa y de los tejidos periapicales
K05,Gingivitis y enfermedades periodontales
L40,Psoriasis
L41,Parapsoriasis
L42,Pitiriasis rosada
L43,Liquen plano
L44,Otros trastornos papuloescamosos
L20,Dermatitis atópica
L21,Dermatitis seborreica
L22,Dermatitis del pañal
L23,Dermatitis alérgica de contacto
L24,Dermatitis de contacto por irritantes
L25,"Dermatitis de contacto, forma no especificada"
L26,Dermatitis exfoliativa
L10,Pénfigo
L11,Otros trastornos acantolíticos
L12,Penfigoide
L00,Síndrome estafilocócico de la piel escaldada
L01,Impétigo
L02,"Absceso cutáneo, furúnculo y carbunco"
L03,Celulitis
L04,Linfadenitis aguda
M80-M85,Trastornos de la densidad y de la estructura óseas
M86-M90,Otras osteopatías
M91-M94,Condropatías
M60-M63,Trastornos de los músculos
M65-M68,Trastornos de los tendones y de la sinovia
M70-M79,Otros trastornos de los tejidos blandos
M40-M43,Dorsopatías deformantes
M45-M49,Espondilopatías
M50-M54,Otras dorsopatías
M30,Poliarteritis nudosa y afecciones relacionadas
M31,Otras vasculopatías necrotizantes
M32,Lupus eritematoso sistémico
M33,Dermatopolimiositis
M34,Esclerosis sistémica
M35,Otro compromiso sistémico del tejido conjuntivo
M36,Trastornos sistémicos del tejido conjuntivo en enfermedades clasificadas en otra parte
M00-M03,Artropatías infecciosas
M05-M14,Poliartropatías inflamatorias
M15-M19,Artrosis
M20-M25,Otros trastornos articulares
A90,Fiebre del dengue [dengue clásico]
A91,Fiebre del dengue hemorrágico
A92,Otras fiebres virales transmitidas por mosquitos
A93,"Otras fiebres virales transmitidas por artrópodos, no clasificadas en otra parte"
A80,Poliomielitis aguda
A81,Infecciones del sistema nervioso central por virus atípico
A82,Rabia
A83,Encefalitis viral transmitida por mosquitos
A84,Encefalitis viral transmitida por garrapatas
A85,"Otras encefalitis virales, no clasificadas en otra parte"
A75,Tifus
A77,Fiebre maculosa [rickettsiosis transmitida por garrapatas]
A78,Fiebre Q
A79,Otras rickettsiosis
A70,Infección debida a Chlamydia psittaci
A71,Tracoma
A74,Otras enfermedades causadas por clamidias
A65,Sífilis no venérea
A66,Frambesia
A67,Pinta [carate]
A68,Fiebres recurrentes
A69,Otras infecciones causadas por espiroquetas
A50,Sífilis congénita
A51,Sífilis precoz
A52,Sífilis tardía
A53,Otras sífilis y las no especificadas
A30,Lepra [enfermedad de Hansen]
A31,Infecciones debidas a otras micobacterias
A32,Listeriosis
A33,Tétanos neonatal
A34,Tétanos obstétrico
A35,Otros tétanos
A20,Peste
A21,Tularemia
A22,Carbunco [ántrax]
A23,Brucelosis
A24,Muermo y melioidosis
A15,"Tuberculosis respiratoria, confirmada bacteriológica e histológicamente"
A16,"Tuberculosis respiratoria, no confirmada bacteriológica o histológicamente"
A17,Tuberculosis del sistema nervioso
A18,Tuberculosis de otros órganos
A19,Tuberculosis miliar
N20,Cálculo del riñón y del uréter
N21,Cálculo de las vías urinarias inferiores
N22,Cálculo de las vías urinarias en enfermedades clasificadas en otra parte
N23,"Cólico renal, no especificado"
N17,Insuficiencia renal aguda
N18,Insuficiencia renal crónica
N19,Insuficiencia renal no especificada
N10,Nefritis tubulointersticial aguda
N11,Nefritis tubulointersticial crónica
N12,"Nefritis tubulointersticial, no especificada como aguda o crónica"
N13,Uropatía obstructiva y por reflujo
N14,Afecciones tubulares y tubulointersticiales inducidas por drogas y por metales pesados
N00,Síndrome nefrítico agudo
N01,Síndrome nefrítico rápidamente progresivo
N02,Hematuria recurrente y persistente
N03,Síndrome nefrítico crónico
N04,Síndrome nefrótico
N05,Síndrome nefrítico no especificado
N06,Proteinuria aislada con lesión morfológica especificada
O30,Embarazo múltiple
O31,Complicaciones específicas del embarazo múltiple
O32,"Atención materna por presentación anormal del feto, conocida o presunta"
O33,Atención materna por desproporción conocida o presunta
O34,Atención materna por anormalidades conocidas o presuntas de los órganos pelvianos de la madre
G06,Absceso y granuloma intracraneal e intrarraquídeo
G07,Absceso y granuloma intracraneal e intrarraquídeo en enfermedades clasificadas en otra parte
G08,Flebitis y tromboflebitis intracraneal e intrarraquídea
G09,Secuelas de enfermedades inflamatorias del sistema nervioso central
S32,Fractura de la columna lumbar y de la pelvis
S33,"Luxación, esguince y torcedura de articulaciones y ligamentos de la columna lumbar y de la pelvis"
S34,"Traumatismo de los nervios y de la médula espinal lumbar, a nivel del abdomen, de la región lumbosacra y de la pelvis"
S35,"Traumatismo de vasos sanguíneos a nivel del abdomen, de la región lumbosacra y de la pelvis"
S36,Traumatismo de órganos intraabdominales
S37,Traumatismo del aparato urinario y de los órganos pélvicos
S38,"Traumatismo por aplastamiento y amputación traumática de parte del abdomen, de la región lumbosacra y de la pelvis"
S39,"Otros traumatismos y los no especificados del abdomen, de la región lumbosacra y de la pelvis"
S25,Traumatismo de vasos sanguíneos del tórax
S26,Traumatismo del corazón
S27,Traumatismo de otros órganos intratorácicos y de los no especificados
S28,Traumatismo por aplastamiento del tórax y amputación traumática de parte del tórax
S29,Otros traumatismos y los no especificados del tórax
O20,Hemorragia precoz del embarazo
O21,Vómitos excesivos en el embarazo
O22,Complicaciones venosas en el embarazo
O23,Infección de las vías genitourinarias en el embarazo
O24,Diabetes mellitus en el embarazo
O25,Desnutrición en el embarazo
O26,Atención a la madre por otras complicaciones principalmente relacionadas con el embarazo
S13,"Luxación, esguince y torcedura de articulaciones y ligamentos del cuello"
S14,Traumatismo de la médula espinal y de nervios a nivel del cuello
S15,Traumatismo de vasos sanguíneos a nivel del cuello
S16,Traumatismo de tendón y músculos a nivel del cuello
S17,Traumatismo por aplastamiento del cuello
S18,Amputación traumática a nivel del cuello
S19,Otros traumatismos y los no especificados del cuello
S05,Traumatismo del ojo y de la órbita
S06,Traumatismo intracraneal
S07,Traumatismo por aplastamiento de la cabeza
S08,Amputación traumática de parte de la cabeza
S09,Otros traumatismos y los no especificados de la cabeza
O10,"Hipertensión preexistente que complica el embarazo, el parto y el puerperio"
O11,"Trastornos hipertensivos preexistentes, con proteinuria agregada"
O12,Edema y proteinuria gestacionales [inducidos por el embarazo] sin hipertensión
O13,Hipertensión gestacional [inducida por el embarazo] sin proteinuria significativa
O14,Hipertensión gestacional [inducida por el embarazo] con proteinuria significativa
F88,Otros trastornos del desarrollo psicológico
F89,"Trastorno del desarrollo psicológico, no especificado"
O00,Embarazo ectópico
O01,Mola hidatiforme
O02,Otros productos anormales de la concepción
O03,Aborto espontáneo
O04,Aborto médico
O05,Otro aborto
O06,Aborto no especificado
O07,Intento fallido de aborto
D80,Inmunodeficiencia con predominio de defectos de los anticuerpos
D81,Inmunodeficiencias combinadas
D82,Inmunodeficiencia asociada con otros defectos mayores
D83,Inmunodeficiencia variable común
D84,Otras inmunodeficiencias
D86,Sarcoidosis
D89,"Otros trastornos que afectan el mecanismo de la inmunidad, no clasificados en otra parte"
P70,Trastornos transitorios del metabolismo de los carbohidratos específicos del feto y del recién nacido
P71,Trastornos neonatales transitorios del metabolismo del calcio y del magnesio
P72,Otros trastornos endocrinos neonatales transitorios
P74,Otras alteraciones metabólicas y electrolíticas neonatales transitorias
P50,Pérdida de sangre fetal
P51,Hemorragia umbilical del recién nacido
P52,Hemorragia intracraneal no traumática del feto y del recién nacido
P53,Enfermedad hemorrágica del feto y del recién nacido
P35,Enfermedades virales congénitas
P36,Sepsis bacteriana del recién nacido
P37,Otras enfermedades infecciosas y parasitarias congénitas
P38,Onfalitis del recién nacido con o sin hemorragia leve
P39,Otras infecciones específicas del período perinatal
F79,"Retraso mental, no especificado"
P20,Hipoxia intrauterina
P21,Asfixia del nacimiento
P22,Dificultad respiratoria del recién nacido
P23,Neumonía congénita
F63,Trastornos de los hábitos y de los impulsos
F64,Trastornos de la identidad de género
F65,Trastornos de la preferencia sexual
F66,Trastornos psicológicos y del comportamiento asociados con el desarrollo y con la orientación sexuales
F68,Otros trastornos de la personalidad y del comportamiento en adultos
F69,"Trastorno de la personalidad y del comportamiento en adultos, no especificado"
F59,"Síndromes del comportamiento asociados con alteraciones fisiológicas y factores físicos, no especificados"
P10,Hemorragia y laceración intracraneal debidas a traumatismo del nacimiento
P11,Otros traumatismos del nacimiento en el sistema nervioso central
P12,Traumatismo del nacimiento en el cuero cabelludo
P13,Traumatismo del esqueleto durante el nacimiento
P14,Traumatismo del sistema nervioso periférico durante el nacimiento
P15,Otros traumatismos del nacimiento
A07,Otras enfermedades intestinales debidas a protozoarios
A08,Infecciones intestinales debidas a virus y otros organismos especificados
A09,Diarrea y gastroenteritis de presunto origen infeccioso
G97,"Trastornos del sistema nervioso consecutivos a procedimientos, no clasificados en otra parte"
G98,"Otros trastornos del sistema nervioso, no clasificados en otra parte"
G99,Otros trastornos del sistema nervioso en enfermedades clasificadas en otra parte
P05,Retardo del crecimiento fetal y desnutrición fetal
P00,Feto y recién nacido afectados por condiciones de la madre no necesariamente relacionadas con el embarazo presente
P01,Feto y recién nacido afectados por complicaciones maternas del embarazo
P02,"Feto y recién nacido afectados por complicaciones de la placenta, del cordón umbilical y de las membranas"
P03,Feto y recién nacido afectados por otras complicaciones del trabajo de parto y del parto
P04,Feto y recién nacido afectados por influencias nocivas transmitidas a través de la placenta o de la leche materna
G54,Trastornos de las raíces y de los plexos nerviosos
G55,Compresiones de las raíces y de los plexos nerviosos en enfermedades clasificadas en otra parte
G56,Mononeuropatías del miembro superior
G57,Mononeuropatías del miembro inferior
G58,Otras mononeuropatías
G59,Mononeuropatía en enfermedades clasificadas en otra parte
E70,Trastornos del metabolismo de los aminoácidos aromáticos
E71,Trastornos del metabolismo de los aminoácidos de cadena ramificada y de los ácidos grasos
E72,Otros trastornos del metabolismo de los aminoácidos
E65,Adiposidad localizada
E66,Obesidad
E67,Otros tipos de hiperalimentación
E68,Secuelas de hiperalimentación
E50,Deficiencia de vitamina A
E51,Deficiencia de tiamina
E52,Deficiencia de niacina [pelagra]
E53,Deficiencias de otras vitaminas del grupo B
E54,Deficiencia de ácido ascórbico
E55,Deficiencia de vitamina D
E56,Otras deficiencias de vitaminas
G44,Otros síndromes de cefalea
G45,Ataques de isquemia cerebral transitoria y síndromes afines
G46,Síndromes vasculares encefálicos en enfermedades cerebrovasculares (I60–I67)
G47,Trastornos del sueño
E40,Kwashiorkor
E41,Marasmo nutricional
E42,Kwashiorkor marasmático
Q20,Malformaciones congénitas de las cámaras cardíacas y sus conexiones
Q21,Malformaciones congénitas de los tabiques cardíacos
Q22,Malformaciones congénitas de las válvulas pulmonar y tricúspide
Q23,Malformaciones congénitas de las válvulas aórtica y mitral
Q24,Otras malformaciones congénitas del corazón
Q25,Malformaciones congénitas de las grandes arterias
Q10,"Malformaciones congénitas de los párpados, del aparato lagrimal y de la órbita"
Q11,"Anoftalmía, microftalmía y macroftalmía"
Q12,Malformaciones congénitas del cristalino
Q00,Anencefalia y malformaciones congénitas similares
Q01,Encefalocele
Q02,Microcefalia
Q03,Hidrocéfalo congénito
Q04,Otras malformaciones congénitas del encéfalo
Q05,Espina bífida
R47,"Alteraciones del habla, no clasificadas en otra parte"
R48,"Dislexia y otras disfunciones simbólicas, no clasificadas en otra parte"
R49,Alteraciones de la voz
R40,"Somnolencia, estupor y coma"
R41,Otros síntomas y signos que involucran la función cognoscitiva y la conciencia
R42,Mareo y desvanecimiento
R43,Trastornos del olfato y del gusto
R30,Dolor asociado con la micción
R31,"Hematuria, no especificada"
R32,"Incontinencia urinaria, no especificada"
R25,Movimientos involuntarios anormales
R26,Anormalidades de la marcha y de la movilidad
R27,Otras fallas de coordinación
R29,Otros síntomas y signos que involucran los sistemas nervioso y osteomuscular
R20,Alteraciones de la sensibilidad cutánea
R21,Salpullido y otras erupciones cutáneas no especificadas
R22,"Tumefacción, masa o prominencia de la piel y del tejido subcutáneo localizadas"
R23,Otros cambios en la piel
R10,Dolor abdominal y pélvico
R11,Náusea y vómito
R12,Acidez
R13,Disfagia
R00,Anormalidades del latido cardíaco
D44,Tumor de comportamiento incierto o desconocido de las glándulas endocrinas
D45,Policitemia vera
D46,Síndromes mielodisplásicos
D47,"Otros tumores de comportamiento incierto o desconocido del tejido linfático, de los órganos hematopoyéticos y de tejidos afines"
D48,Tumor de comportamiento incierto o desconocido de otros sitios y de los no especificados
D13,Tumor benigno de otras partes y de las mal definidas del sistema digestivo
D14,Tumor benigno del oído medio y del sistema respiratorio
D15,Tumor benigno de otros órganos intratorácicos y de los no especificados
D16,Tumor benigno del hueso y del cartílago articular
D17,Tumores benignos lipomatosos
D18,Hemangioma y linfangioma de cualquier sitio
D19,Tumores benignos del tejido mesotelial
D20,Tumor benigno del tejido blando del peritoneo y del retroperitoneo
D07,Carcinoma in situ de otros órganos genitales y de los no especificados
D09,Carcinoma in situ de otros sitios y de los no especificados
D75,Otras enfermedades de la sangre y de los órganos hematopoyéticos
D76,Ciertas enfermedades que afectan al tejido linforreticular y al sistema reticuloendotelial
D77,Otros trastornos de la sangre y de los órganos hematopoyéticos en enfermedades clasificadas en otra parte
E25,Trastornos adrenogenitales
E26,Hiperaldosteronismo
E27,Otros trastornos de la glándula suprarrenal
E28,Disfunción ovárica
E29,Disfunción testicular
E30,"Trastornos de la pubertad, no clasificados en otra parte"
E31,Disfunción poliglandular
E32,Enfermedades del timo
E14,"Diabetes mellitus, no especificada"
E07,Otros trastornos tiroideos
G130,Neuromiopatía y neuropatía paraneoplásica
G131,Otras atrofias sistémicas que afectan el sistema nervioso central en enfermedad neoplásica
G132,"Atrofia sistémica que afecta primariamente el sistema nervioso central en el mixedema (E00.1, E03.–)"
G138,Atrofia sistémica que afecta primariamente el sistema nervioso central en otras enfermedades clasificadas en otra parte
G120,"Atrofia muscular espinal infantil, tipo I [Werdnig–Hoffman]"
G121,Otras atrofias musculares espinales hereditarias
G122,Enfermedades de las neuronas motoras
G128,Otras atrofias musculares espinales y sindromes afines
G129,"Atrofia muscular espinal, sin otra especificación"
G110,Ataxia congénita no progresiva
G111,Ataxia cerebelosa de iniciación temprana
G112,Ataxia cerebelosa de iniciación tardía
G113,Ataxia cerebelosa con reparación defectuosa del ADN
G114,Paraplejía espástica hereditaria
G118,Otras ataxias hereditarias
G119,"Ataxia hereditaria, no especificada"
G250,Temblor esencial
G251,Temblor inducido por drogas
G252,Otras formas especificadas de temblor
G253,Mioclonía
G254,Corea inducida por drogas
G255,Otras coreas
G256,Tics inducidos por drogas y otros tics de origen orgánico
G258,Otros trastornos extrapiramidales y del movimiento
G259,"Trastorno extrapiramidal y del movimiento, no especificado"
G240,Distonía inducida por drogas
G241,Distonía idiopática familiar
G242,Distonía idiopática no familiar
G243,Tortícolis espasmódica
G244,Distonía bucofacial idiopática
G245,Blefarospasmo
G248,Otras distonías
G230,Enfermedad de Hallervorden–Spatz
G231,Oftalmoplejia supranuclear progresiva [Steele-Richardson- Olszewski]
G232,Degeneración nigroestriada
G238,Otras enfermedades degenerativas específicas de los núcleos de la base
G239,"Enfermedad degenerativa de los núcleos de la base, no especificada"
G210,Síndrome neuroléptico maligno
G211,Otro parkinsonismo secundario inducido por drogas
G212,Parkinsonismo secundario debido a otros agentes externos
G213,Parkinsonismo postencefalítico
G218,Otros tipos de parkinsonismo secundario
G219,"Parkinsonismo secundario, no especificado"
Z80,Historia familiar de tumor maligno
Z81,Historia familiar de trastornos mentales y del comportamiento
Z82,Historia familiar de ciertas discapacidades y enfermedades crónicas incapacitantes
Z83,Historia familiar de otros trastornos específicos
Z84,Historia familiar de otras afecciones
Z70,"Consulta relacionada con actitud, conducta u orientación sexual"
Z71,"Personas en contacto con los servicios de salud por otras consultas y consejos médicos, no clasificados en otra parte"
Z72,Problemas relacionados con el estilo de vida
Z73,Problemas relacionados con dificultades con el modo de vida
Z74,Problemas relacionados con dependencia del prestador de servicios
Z75,Problemas relacionados con facilidades de atención médica u otros servicios de salud
Z76,Personas en contacto con los servicios de salud por otras circunstancias
Z55,Problemas relacionados con la educación y la alfabetización
Z56,Problemas relacionados con el empleo y el desempleo
Z57,Exposición a factores de riesgo ocupacional
Z58,Problemas relacionados con el ambiente físico
Z59,Problemas relacionados con la vivienda y las circunstancias económicas
Z60,Problemas relacionados con el ambiente social
Z40,Cirugía profiláctica
Z41,Procedimientos para otros propósitos que no sean los de mejorar el estado de salud
Z42,Cuidados posteriores a la cirugía plástica
H280,Catarata diabética (E10–E14 con cuarto carácter común .3)
H281,"Catarata en otras enfermedades endocrinas, nutricionales y metabólicas clasificadas en otra parte"
H282,Catarata en otras enfermedades clasificadas en otra parte
H288,Otros trastornos del cristalino en enfermedades clasificadas en otra parte
H270,Afaquia
H271,Luxación del cristalino
H278,Otros trastornos especificados del cristalino
H279,"Trastorno del cristalino, no especificado"
H260,"Catarata infantil, juvenil y presenil"
H261,Catarata traumática
H262,Catarata complicada
H263,Catarata inducida por drogas
H264,Catarata residual
H268,Otras formas especificadas de catarata
H269,"Catarata, no especificada"
H250,Catarata senil incipiente
H251,Catarata senil nuclear
H252,"Catarata senil, tipo morgagnian"
H258,Otras cataratas seniles
H259,"Catarata senil, no especificada"
T790,Embolia gaseosa (traumática)
T791,Embolia grasa (traumática)
T792,Hemorragia traumática secundaria y recurrente
T793,"Infección postraumática de herida, no clasificada en otra parte"
T66,Efectos no especificados de la radiación
T67,Efectos del calor y de la luz
T68,Hipotermia
T69,Otros efectos de la reducción de la temperatura
T70,Efectos de la presión del aire y de la presión del agua
T51,Efecto tóxico del alcohol
T52,Efecto tóxico de disolventes orgánicos
T53,Efecto tóxico de los derivados halogenados de los hidrocarburos alifáticos y aromáticos
T54,Efecto tóxico de sustancias corrosivas
T55,Efecto tóxico de detergentes y jabones
T36,Envenenamiento por antibióticos sistémicos
T37,Envenenamiento por otros antiinfecciosos y antiparasitarios sistémicos
T38,"Envenenamiento por hormonas y sus sustitutos y antagonistas sintéticos, no clasificados en otra parte"
T33,Congelamiento superficial
T34,Congelamiento con necrosis tisular
T35,Congelamiento que afecta múltiples regiones del cuerpo y congelamiento no especificado
T20-T25,"Quemaduras y corrosiones de la superficie externa del cuerpo, especificadas por sitio"
T26-T28,Quemaduras y corrosiones limitadas al ojo y órganos internos
T29-T32,Quemaduras y corrosiones de múltiples regiones del cuerpo y las no especificadas
T15,Cuerpo extraño en parte externa del ojo
T16,Cuerpo extraño en el oído
T17,Cuerpo extraño en las vías respiratorias
T18,Cuerpo extraño en el tubo digestivo
T08,"Fractura de la columna vertebral, nivel no especificado"
T09,"Otros traumatismos de la columna vertebral y del tronco, nivel no especificado"
T10,"Fractura de miembro superior, nivel no especificado"
T11,"Otros traumatismos de miembro superior, nivel no especificado"
T12,"Fractura de miembro inferior, nivel no especificado"
T13,"Otros traumatismos de miembro inferior, nivel no especificado"
T14,Traumatismo de regiones no especificadas del cuerpo
H320,Inflamación coriorretiniana en enfermedades infecciosas y parasitarias clasificadas en otra parte
H328,Otros trastornos coriorretinianos en enfermedades clasificadas en otra parte
H310,Cicatrices coriorretinianas
H311,Degeneración coroidea
H312,Distrofia coroidea hereditaria
H313,Hemorragia y ruptura de la coroides
H314,Desprendimiento de la coroides
H318,Otros trastornos especificados de la coroides
H319,"Trastorno de la coroides, no especificado"
H300,Coriorretinitis focal
H301,Coriorretinitis diseminada
H302,Ciclitis posterior
H308,Otras coriorretinitis
H309,"Coriorretinitis, no especificada"
H420,"Glaucoma en enfermedades endocrinas, nutricionales y metabólicas, clasificadas en otra parte"
H428,Glaucoma en otras enfermedades clasificadas en otra parte
H400,Sospecha de glaucoma
H401,Glaucoma primario de ángulo abierto
H402,Glaucoma primario de ángulo cerrado
H403,Glaucoma secundario a traumatismo ocular
H404,Glaucoma secundario a inflamación ocular
H405,Glaucoma secundario a otros trastornos del ojo
H450,Hemorragia del vítreo en enfermedades clasificadas en otra parte
H451,Endoftalmitis en enfermedades clasificadas en otra parte
H458,Otros trastornos del cuerpo vítreo y del globo ocular en enfermedades clasificadas en otra parte
H440,Endoftalmitis purulenta
H441,Otras endoftalmitis
H442,Miopía degenerativa
H443,Otros trastornos degenerativos del globo ocular
H430,Prolapso del vítreo
H431,Hemorragia del vítreo
H432,Depósitos cristalinos en el cuerpo vítreo
H433,Otras opacidades vítreas
H438,Otros trastornos del cuerpo vítreo
H439,"Trastorno del cuerpo vítreo, no especificado"
H480,Atrofia óptica en enfermedades clasificadas en otra parte
H481,Neuritis retrobulbar en enfermedades clasificadas en otra parte
H488,Otros trastornos del nervio óptico y de las vías ópticas en enfermedades clasificadas en otra parte
H470,"Trastornos del nervio óptico, no clasificados en otra parte"
H471,"Papiledema, no especificado"
H472,Atrofia óptica
H473,Otros trastornos del disco óptico
H474,Trastornos del quiasma óptico
H475,Trastornos de otras vías ópticas
H476,Trastornos de la corteza visual
H477,"Trastorno de las vías ópticas, no especificado"
I95,Hipotensión
I97,"Trastornos del sistema circulatorio consecutivos a procedimientos, no clasificados en otra parte"
I98,Otros trastornos del sistema circulatorio en enfermedades clasificadas en otra parte
I99,Otros trastornos y los no especificados del sistema circulatorio
I80,Flebitis y tromboflebitis
I81,Trombosis de la vena porta
I82,Otras embolias y trombosis venosas
I83,Venas varicosas de los miembros inferiores
I84,Hemorroides
I85,Várices esofágicas
I70,Aterosclerosis
I71,Aneurisma y disección aórticos
I72,Otros aneurismas
I73,Otras enfermedades vasculares periféricas
I74,Embolia y trombosis arteriales
I60,Hemorragia subaracnoidea
I61,Hemorragia intraencefálica
I62,Otras hemorragias intracraneales no traumáticas
I63,Infarto cerebral
I64,"Accidente vascular encefálico agudo, no especificado como hemorrágico o isquémico"
I65,Oclusión y estenosis de las arterias precerebrales sin ocasionar infarto cerebral
I30,Pericarditis aguda
I31,Otras enfermedades del pericardio
I32,Pericarditis en enfermedades clasificadas en otra parte
I26,Embolia pulmonar
I27,Otras enfermedades cardiopulmonares
I28,Otras enfermedades de los vasos pulmonares
H520,Hipermetropía
H521,Miopía
H522,Astigmatismo
H523,Anisometropía y aniseiconía
H524,Presbicia
H525,Trastornos de la acomodación
H526,Otros trastornos de la refracción
H527,"Trastorno de la refracción, no especificado"
H510,Parálisis de la conjugación de la mirada
H511,Exceso e insuficiencia de la convergencia ocular
H512,Oftalmoplejía internuclear
H518,Otros trastornos especificados de los movimientos binoculares
H519,"Trastorno del movimiento binocular, no especificado"
H500,Estrabismo concomitante convergente
H501,Estrabismo concomitante divergente
H502,Estrabismo vertical
H503,Heterotropía intermitente
H504,Otras heterotropías o las no especificadas
H505,Heteroforia
H506,Estrabismo mecánico
H508,Otros estrabismos especificados
H509,"Estrabismo, no especificado"
H490,Parálisis del nervio motor ocular común [III par]
H491,Parálisis del nervio patético [IV par]
H492,Parálisis del nervio motor ocular externo [VI par]
J95,"Trastornos del sistema respiratorio consecutivos a procedimientos, no clasificados en otra parte"
J96,"Insuficiencia respiratoria, no clasificada en otra parte"
J98,Otros trastornos respiratorios
J90,Derrame pleural no clasificado en otra parte
J91,Derrame pleural en afecciones clasificadas en otra parte
J92,Paquipleuritis
J93,Neumotórax
J94,Otras afecciones de la pleura
J85,Absceso del pulmón y del mediastino
J86,Piotórax
J80,Síndrome de dificultad respiratoria del adulto
J81,Edema pulmonar
J82,"Eosinofilia pulmonar, no clasificada en otra parte"
J84,Otras enfermedades pulmonares intersticiales
J60,Neumoconiosis de los mineros del carbón
J61,Neumoconiosis debida al asbesto y a otras fibras minerales
J40,"Bronquitis, no especificada como aguda o crónica"
J41,Bronquitis crónica simple y mucopurulenta
J42,Bronquitis crónica no especificada
J43,Enfisema
J44,Otras enfermedades pulmonares obstructivas crónicas
K90,Malabsorción intestinal
K91,"Trastornos del sistema digestivo consecutivos a procedimientos, no clasificados en otra parte"
K92,Otras enfermedades del sistema digestivo
K93,Trastornos de otros órganos digestivos en enfermedades clasificadas en otra parte
K80,Colelitiasis
K81,Colecistitis
K82,Otras enfermedades de la vesícula biliar
K83,Otras enfermedades de las vías biliares
K70,Enfermedad alcohólica del hígado
K71,Enfermedad tóxica del hígado
K72,"Insuficiencia hepática, no clasificada en otra parte"
K73,"Hepatitis crónica, no clasificada en otra parte"
K74,Fibrosis y cirrosis del hígado
K75,Otras enfermedades inflamatorias del hígado
K76,Otras enfermedades del hígado
K65,Peritonitis
K66,Otros trastornos del peritoneo
K67,Trastornos del peritoneo en enfermedades infecciosas clasificadas en otra parte
H540,Ceguera de ambos ojos
H541,"Ceguera de un ojo, visión subnormal del otro"
H542,Visión subnormal de ambos ojos
H543,Disminución indeterminada de la agudeza visual en ambos ojos
H530,Ambliopía ex anopsia
H531,Alteraciones visuales subjetivas
H532,Diplopía
H533,Otros trastornos de la visión binocular
H534,Defectos del campo visual
H535,Deficiencia de la visión cromática
H536,Ceguera nocturna
H538,Otras alteraciones visuales
H539,"Alteración visual, no especificada"
L80,Vitíligo
L81,Otros trastornos de la pigmentación
L82,Queratosis seborreica
L60,Trastornos de las uñas
L62,Trastornos de las uñas en enfermedades clasificadas en otra parte
L63,Alopecia areata
L64,Alopecia andrógena
L55,Quemadura solar
L56,Otros cambios agudos de la piel debidos a radiación ultravioleta
L57,Cambios de la piel debidos a exposición crónica a radiación no ionizante
L58,Radiodermatitis
L59,Otros trastornos de la piel y del tejido subcutáneo relacionados con radiación
L50,Urticaria
L51,Eritema multiforme
L52,Eritema nudoso
L53,Otras afecciones eritematosas
L54,Eritema en enfermedades clasificadas en otra parte
F010,Demencia vascular de comienzo agudo
F011,Demencia vascular por infartos múltiples
F012,Demencia vascular subcortical
F013,"Demencia vascular mixta, cortical y subcortical"
F018,Otras demencias vasculares
F000,"Demencia en la enfermedad de Alzheimer, de comienzo temprano (G30.0)"
F001,"Demencia en la enfermedad de Alzheimer, de comienzo tardío (G30.1)"
F002,"Demencia en la enfermedad de Alzheimer, atípica o de tipo mixto (G30.8)"
F009,"Demencia en la enfermedad de Alzheimer, no especificada (G30.9)"
M95,Otras deformidades adquiridas del sistema osteomuscular y del tejido conjuntivo
M96,"Trastornos osteomusculares consecutivos a procedimientos, no clasificados en otra parte"
M99,"Lesiones biomecánicas, no clasificadas en otra parte"
B95,Estreptococos y estafilococos como causa de enfermedades clasificadas en otros capítulos
B96,Otros agentes bacterianos como causa de enfermedades clasificadas en otros capítulos
B97,Agentes virales como causa de enfermedades clasificadas en otros capítulos
B90,Secuelas de tuberculosis
B91,Secuelas de poliomielitis
B92,Secuelas de lepra
B94,Secuelas de otras enfermedades infecciosas y parasitarias y de las no especificadas
B85,Pediculosis y phthiriasis
B86,Escabiosis
B87,Miasis
B88,Otras infestaciones
B65,Esquistosomiasis [bilharziasis]
B66,Otras infecciones debidas a trematodos
B67,Equinococosis
B68,Teniasis
B69,Cisticercosis
B50,Paludismo [malaria] debido a Plasmodium falciparum
B51,Paludismo [malaria] debido a Plasmodium vivax
B52,Paludismo [malaria] debido a Plasmodium malariae
B53,Otro paludismo [malaria] confirmado parasitológicamente
B54,Paludismo [malaria] no especificado
B35,Dermatofitosis
B36,Otras micosis superficiales
B37,Candidiasis
B25,Enfermedad debida a virus citomegálico
Z36,Pesquisas prenatales
Z37,Producto del parto
Z38,Nacidos vivos según lugar de nacimiento
Z39,Examen y atención del postparto
Z23,Necesidad de inmunización contra enfermedad bacteriana única
Z24,Necesidad de inmunización contra ciertas enfermedades virales
Z25,Necesidad de inmunización contra otras enfermedades virales únicas
Z26,Necesidad de inmunización contra otras enfermedades infecciosas únicas
Z27,Necesidad de inmunización contra combinaciones de enfermedades infecciosas
Z28,Inmunización no realizada
Z29,Necesidad de otras medidas profilácticas
Z09,Examen de seguimiento consecutivo a tratamiento por otras afecciones diferentes a tumores malignos
Z10,Control general de salud de rutina de subpoblaciones definidas
Z11,Examen de pesquisa especial para enfermedades infecciosas y parasitarias
Z12,Examen de pesquisa especial para tumores
Z13,Examen de pesquisa especial para otras enfermedades y trastornos
B20,"Enfermedad por virus de la inmunodeficiencia humana [VIH], resultante en enfermedades ­infecciosas y parasitarias"
B21,"Enfermedad por virus de la inmunodeficiencia humana [VIH], resultante en tumores malignos"
B22,"Enfermedad por virus de la inmunodeficiencia humana [VIH], resultante en otras enfermedades especificadas"
B23,"Enfermedad por virus de la inmunodeficiencia humana [VIH], resultante en otras afecciones"
B24,"Enfermedad por virus de la inmunodeficiencia humana [VIH], sin otra especificación"
T02,Fracturas que afectan múltiples regiones del cuerpo
T03,"Luxaciones, torceduras y esguinces que afectan múltiples regiones del cuerpo"
T04,Traumatismos por aplastamiento que afectan múltiples regiones del cuerpo
T05,Amputaciones traumáticas que afectan múltiples regiones del cuerpo
T06,"Otros traumatismos que afectan múltiples regiones del cuerpo, no clasificados en otra parte"
T07,"Traumatismos múltiples, no especificados"
S95,Traumatismo de vasos sanguíneos a nivel del pie y del tobillo
S96,Traumatismo de tendón y músculo a nivel del pie y del tobillo
S97,Traumatismo por aplastamiento del pie y del tobillo
S98,Amputación traumática del pie y del tobillo
S99,Otros traumatismos y los no especificados del pie y del tobillo
B15,Hepatitis aguda tipo A
B16,Hepatitis aguda tipo B
B17,Otras hepatitis virales agudas
B18,Hepatitis viral crónica
B19,"Hepatitis viral, sin otra especificación"
S84,Traumatismo de nervios a nivel de la pierna
S85,Traumatismo de vasos sanguíneos a nivel de la pierna
S86,Traumatismo de tendón y músculo a nivel de la pierna
S87,Traumatismo por aplastamiento de la pierna
S88,Amputación traumática de la pierna
S89,Otros traumatismos y los no especificados de la pierna
S74,Traumatismo de nervios a nivel de la cadera y del muslo
S75,Traumatismo de vasos sanguíneos a nivel de la cadera y del muslo
S76,Traumatismo de tendón y músculo a nivel de la cadera y del muslo
S77,Traumatismo por aplastamiento de la cadera y del muslo
S78,Amputación traumática de la cadera y del muslo
S79,Otros traumatismos y los no especificados de la cadera y del muslo
S63,"Luxación, esguince y torcedura de articulaciones y ligamentos a nivel de la muñeca y de la mano"
S64,Traumatismo de nervios a nivel de la muñeca y de la mano
S65,Traumatismo de vasos sanguíneos a nivel de la muñeca y de la mano
S66,Traumatismo de tendón y músculo a nivel de la muñeca y de la mano
S67,Traumatismo por aplastamiento de la muñeca y de la mano
S68,Amputación traumática de la muñeca y de la mano
B00,Infecciones herpéticas [herpes simple]
B01,Varicela
B02,Herpes zoster
B03,Viruela1
B04,Viruela de los monos
S55,Traumatismo de los vasos sanguíneos a nivel del antebrazo
S56,Traumatismo de tendón y músculo a nivel del antebrazo
S57,Traumatismo por aplastamiento del antebrazo
S58,Amputación traumática del antebrazo
S59,Otros traumatismos y los no especificados del antebrazo
S45,Traumatismo de vasos sanguíneos a nivel del hombro y del brazo
S46,Traumatismo de tendón y músculo a nivel del hombro y del brazo
S47,Traumatismo por aplastamiento del hombro y del brazo
S48,Amputación traumática del hombro y del brazo
S49,Otros traumatismos y los no especificados del hombro y del brazo
F230,"Trastorno psicótico agudo polimorfo, sin síntomas de esquizofrenia"
F231,"Trastorno psicótico agudo polimorfo, con síntomas de esquizofrenia"
F232,Trastorno psicótico agudo de tipo esquizofrénico
F233,"Otro trastorno psicótico agudo, con predominio de ideas delirantes"
F238,Otros trastornos psicóticos agudos y transitorios
F239,"Trastorno psicótico agudo y transitorio, no especificado"
I24,Otras enfermedades isquémicas agudas del corazón
I25,Enfermedad isquémica crónica del corazón
I13,Enfermedad cardiorrenal hipertensiva
I15,Hipertensión secundaria
F220,Trastorno delirante
F228,Otros trastornos delirantes persistentes
F229,"Trastorno delirante persistente, no especificado"
J34,Otros trastornos de la nariz y de los senos paranasales
J35,Enfermedades crónicas de las amígdalas y de las adenoides
J36,Absceso periamigdalino
J37,Laringitis y laringotraqueítis crónicas
J38,"Enfermedades de las cuerdas vocales y de la laringe, no clasificadas en otra parte"
J39,Otras enfermedades de las vías respiratorias superiores
J13,Neumonía debida a Streptococcus pneumoniae
J14,Neumonía debida a Haemophilus influenzae
J15,"Neumonía bacteriana, no clasificada en otra parte"
J16,"Neumonía debida a otros microorganismos infecciosos, no clasificados en otra parte"
J17,Neumonía en enfermedades clasificadas en otra parte
J18,"Neumonía, organismo no especificado"
J06,"Infecciones agudas de las vías respiratorias superiores, de sitios múltiples o no especificados"
F200,Esquizofrenia paranoide
F201,Esquizofrenia hebefrénica
F202,Esquizofrenia catatónica
F203,Esquizofrenia indiferenciada
F204,Depresión postesquizofrénica
F205,Esquizofrenia residual
F206,Esquizofrenia simple
F208,Otras esquizofrenias
F209,"Esquizofrenia, no especificada"
K62,Otras enfermedades del ano y del recto
K63,Otras enfermedades de los intestinos
K44,Hernia diafragmática
K45,Otras hernias de la cavidad abdominal
K46,Hernia no especificada de la cavidad abdominal
F380,"Otros trastornos del humor [afectivos], aislados"
F381,"Otros trastornos del humor [afectivos], recurrentes"
F388,"Otros trastornos del humor [afectivos], especificados"
K23,Trastornos del esófago en enfermedades clasificadas en otra parte
K25,Úlcera gástrica
K26,Úlcera duodenal
K27,"Úlcera péptica, de sitio no especificado"
K28,Úlcera gastroyeyunal
K29,Gastritis y duodenitis
K30,Dispepsia
K31,Otras enfermedades del estómago y del duodeno
F340,Ciclotimia
F341,Distimia
F348,Otros trastornos del humor [afectivos] persistentes
F349,"Trastorno persistente del humor [afectivo], no especificado"
K06,Otros trastornos de la encía y de la zona edéntula
K07,Anomalías dentofaciales [incluso la maloclusión]
K08,Otros trastornos de los dientes y de sus estructuras de sostén
K09,"Quistes de la región bucal, no clasificados en otra parte"
K10,Otras enfermedades de los maxilares
K11,Enfermedades de las glándulas salivales
K12,Estomatitis y lesiones afines
K13,Otras enfermedades de los labios y de la mucosa bucal
K14,Enfermedades de la lengua
L45,Trastornos papuloescamosos en enfermedades clasificadas en otra parte
L27,Dermatitis debida a sustancias ingeridas
L28,Liquen simple crónico y prurigo
L29,Prurito
L30,Otras dermatitis
F330,"Trastorno depresivo recurrente, episodio leve presente"
F331,"Trastorno depresivo recurrente, episodio moderado presente"
F332,"Trastorno depresivo recurrente, episodio depresivo grave presente sin síntomas psicóticos"
F333,"Trastorno depresivo recurrente, episodio depresivo grave presente, con síntomas psicóticos"
F334,Trastorno depresivo recurrente actualmente en remisión
F338,Otros trastornos depresivos recurrentes
F339,"Trastorno depresivo recurrente, no especificado"
L13,Otros trastornos flictenulares
L14,Trastornos flictenulares en enfermedades clasificadas en otra parte
L05,Quiste pilonidal
L08,Otras infecciones locales de la piel y del tejido subcutáneo
F320,Episodio depresivo leve
F321,Episodio depresivo moderado
F322,Episodio depresivo grave sin síntomas psicóticos
F323,Episodio depresivo grave con síntomas psicóticos
F328,Otros episodios depresivos
F329,"Episodio depresivo, no especificado"
F310,"Trastorno afectivo bipolar, episodio hipomaníaco presente"
F311,"Trastorno afectivo bipolar, episodio maníaco presente sin síntomas psicóticos"
F312,"Trastorno afectivo bipolar, episodio maníaco presente con síntomas psicóticos"
F313,"Trastorno afectivo bipolar, episodio depresivo presente leve o moderado"
F314,"Trastorno afectivo bipolar, episodio depresivo grave presente sin síntomas psicóticos"
F315,"Trastorno afectivo bipolar, episodio depresivo grave presente con síntomas psicóticos"
F316,"Trastorno afectivo bipolar, episodio mixto presente"
F317,"Trastorno afectivo bipolar, actualmente en remisión"
F300,Hipomanía
F301,Manía sin síntomas psicóticos
F302,Manía con síntomas psicóticos
F308,Otros episodios maníacos
F309,"Episodio maníaco, no especificado"
N990,Insuficiencia renal consecutiva a procedimientos
N991,Estrechez uretral consecutiva a procedimientos
N992,Adherencias postoperatorias de la vagina
N993,Prolapso de la cúpula vaginal después de histerectomía
N994,Adherencias peritoneales pélvicas consecutivas a procedimientos
N995,Mal funcionamiento de estoma externo de vías urinarias
N80,Endometriosis
N81,Prolapso genital femenino
N82,Fístulas que afectan el tracto genital femenino
N83,"Trastornos no inflamatorios del ovario, de la trompa de Falopio y del ligamento ancho"
N84,Pólipo del tracto genital femenino
N70,Salpingitis y ooforitis
N71,"Enfermedad inflamatoria del útero, excepto del cuello uterino"
N72,Enfermedad inflamatoria del cuello uterino
N73,Otras enfermedades pélvicas inflamatorias femeninas
N74,Trastornos inflamatorios de la pelvis femenina en enfermedades clasificadas en otra parte
N75,Enfermedades de la glándula de Bartholin
N60,Displasia mamaria benigna
N61,Trastornos inflamatorios de la mama
N62,Hipertrofia de la mama
N63,Masa no especificada en la mama
N64,Otros trastornos de la mama
N40,Hiperplasia de la próstata
N41,Enfermedades inflamatorias de la próstata
N42,Otros trastornos de la próstata
N43,Hidrocele y espermatocele
N44,Torsión del testículo
N45,Orquitis y epididimitis
N30,Cistitis
N31,"Disfunción neuromuscular de la vejiga, no clasificada en otra parte"
N32,Otros trastornos de la vejiga
N33,Trastornos de la vejiga en enfermedades clasificadas en otra parte
N34,Uretritis y síndrome uretral
N25,Trastornos resultantes de la función tubular renal alterada
N26,"Riñón contraído, no especificado"
N27,Riñón pequeño de causa desconocida
N28,"Otros trastornos del riñón y del uréter, no clasificados en otra parte"
N29,Otros trastornos del riñón y del uréter en enfermedades clasificadas en otra parte
F480,Neurastenia
F481,Síndrome de despersonalización y desvinculación de la realidad
F488,Otros trastornos neuróticos especificados
F489,"Trastorno neurótico, no especificado"
F450,Trastorno de somatización
F451,Trastorno somatomorfo indiferenciado
F452,Trastorno hipocondríaco
F453,Disfunción autonómica somatomorfa
F454,Trastorno de dolor persistente somatomorfo
F458,Otros trastornos somatomorfos
F459,"Trastorno somatomorfo, no especificado"
F440,Amnesia disociativa
F441,Fuga disociativa
F442,Estupor disociativo
F443,Trastornos de trance y de posesión
F444,Trastornos disociativos del movimiento
F445,Convulsiones disociativas
F446,Anestesia disociativa y pérdida sensorial
F447,Trastornos disociativos mixtos [y de conversión]
F448,Otros trastornos disociativos [de conversión]
F449,"Trastorno disociativo [de conversión], no especificado"
F430,Reacción al estrés agudo
F431,Trastorno de estrés postraumático
F432,Trastornos de adaptación
F438,Otras reacciones al estrés grave
F439,"Reacción al estrés grave, no especificada"
F420,Predominio de pensamientos o rumiaciones obsesivas
F421,Predominio de actos compulsivos [rituales obsesivos]
F422,Actos e ideas obsesivas mixtos
F428,Otros trastornos obsesivo-compulsivos
F429,"Trastorno obsesivo-compulsivo, no especificado"
F410,Trastorno de pánico [ansiedad paroxística episódica]
F411,Trastorno de ansiedad generalizada
F412,Trastorno mixto de ansiedad y depresión
F413,Otros trastornos de ansiedad mixtos
F418,Otros trastornos de ansiedad especificados
F419,"Trastorno de ansiedad, no especificado"
A94,"Fiebre viral transmitida por artrópodos, no ­especificada"
A95,Fiebre amarilla
A96,Fiebre hemorrágica por arenavirus
A98,"Otras fiebres virales hemorrágicas, no clasificadas en otra parte"
A99,"Fiebre viral hemorrágica, no especificada"
A86,"Encefalitis viral, no especificada"
A87,Meningitis viral
A88,"Otras infecciones virales del sistema nervioso central, no clasificadas en otra parte"
A89,"Infección viral del sistema nervioso central, no especificada"
A54,Infección gonocócica
A55,Linfogranuloma (venéreo) por clamidias
A56,Otras enfermedades de transmisión sexual debidas a clamidias
A57,Chancro blando
A58,Granuloma inguinal
A59,Tricomoniasis
A60,Infección anogenital debida a virus del herpes [herpes simple]
A63,"Otras enfermedades de transmisión predominantemente sexual, no clasificadas en otra parte"
A64,Enfermedad de transmisión sexual no ­especificada
A36,Difteria
A37,Tos ferina [tos convulsiva]
A38,Escarlatina
A39,Enfermedad meningocócica
A40,Septicemia estreptocócica
A41,Otras septicemias
A42,Actinomicosis
A43,Nocardiosis
A44,Bartonelosis
A25,Fiebres por mordedura de rata
A26,Erisipeloide
A27,Leptospirosis
A28,"Otras enfermedades zoonóticas bacterianas, no clasificadas en otra parte"
N15,Otras enfermedades renales tubulointersticiales
N16,Trastornos renales tubulointersticiales en enfermedades clasificadas en otra parte
N07,"Nefropatía hereditaria, no clasificada en otra parte"
N08,Trastornos glomerulares en enfermedades clasificadas en otra parte
O35,"Atención materna por anormalidad o lesión fetal, conocida o presunta"
O36,Atención materna por otros problemas fetales conocidos o presuntos
O40,Polihidramnios
O41,Otros trastornos del líquido amniótico y de las membranas
O42,Ruptura prematura de las membranas
O43,Trastornos placentarios
O44,Placenta previa
O45,Desprendimiento prematuro de la placenta [abruptio placentae]
O46,"Hemorragia anteparto, no clasificada en otra parte"
O28,Hallazgos anormales en el examen prenatal de la madre
O29,Complicaciones de la anestesia administrada durante el embarazo
O15,Eclampsia
O16,"Hipertensión materna, no especificada"
O08,"Complicaciones consecutivas al aborto, al embarazo ectópico y al embarazomolar"
P54,Otras hemorragias neonatales
P55,Enfermedad hemolítica del feto y del recién nacido
P56,Hidropesía fetal debida a enfermedad hemolítica
P57,Kernicterus
P58,Ictericia neonatal debida a otras hemólisis excesivas
P59,Ictericia neonatal por otras causas y por las no especificadas
P60,Coagulación intravascular diseminada en el feto y el recién nacido
P61,Otros trastornos hematológicos perinatales
P24,Síndromes de aspiración neonatal
P25,"Enfisema intersticial y afecciones relacionadas, originadas en el período perinatal"
P26,Hemorragia pulmonar originada en el período perinatal
P27,Enfermedad respiratoria crónica originada en el período perinatal
P28,"Otros problemas respiratorios del recién nacido, originados en el período perinatal"
P29,Trastornos cardiovasculares originados en el período perinatal
P07,"Trastornos relacionados con duración corta de la gestación y con bajo peso al nacer, no clasificados en otra parte"
P08,Trastornos relacionados con el embarazo prolongado y con sobrepeso al nacer
E73,Intolerancia a la lactosa
E74,Otros trastornos del metabolismo de los carbohidratos
E75,Trastornos del metabolismo de los esfingolípidos y otros trastornos por almacenamiento de lípidos
E76,Trastornos del metabolismo de los glucosaminoglicanos
E77,Trastornos del metabolismo de las glucoproteínas
E78,Trastornos del metabolismo de las lipoproteínas y otras lipidemias
E79,Trastornos del metabolismo de las purinas y de las pirimidinas
E80,Trastornos del metabolismo de las porfirinas y de la bilirrubina
E83,Trastornos del metabolismo de los minerales
E58,Deficiencia dietética de calcio
E59,Deficiencia dietética de selenio
E60,Deficiencia dietética de zinc
E61,Deficiencias de otros elementos nutricionales
E63,Otras deficiencias nutricionales
E64,Secuelas de la desnutrición y de otras deficiencias nutricionales
E43,"Desnutrición proteicocalórica severa, no especificada"
E44,Desnutrición proteicocalórica de grado moderado y leve
E45,Retardo del desarrollo debido a desnutrición proteicocalórica
E46,"Desnutrición proteicocalórica, no especificada"
Q26,Malformaciones congénitas de las grandes venas
Q27,Otras malformaciones congénitas del sistema vascular periférico
Q28,Otras malformaciones congénitas del sistema circulatorio
Q13,Malformaciones congénitas del segmento anterior del ojo
Q14,Malformaciones congénitas del segmento posterior del ojo
Q15,Otras malformaciones congénitas del ojo
Q16,Malformaciones congénitas del oído que causan alteración de la audición
Q17,Otras malformaciones congénitas del oído
Q18,Otras malformaciones congénitas de la cara y del cuello
Q06,Otras malformaciones congénitas de la médula espinal
Q07,Otras malformaciones congénitas del sistema nervioso
R44,Otros síntomas y signos que involucran las sensaciones y percepciones generales
R45,Síntomas y signos que involucran el estado emocional
R46,Síntomas y signos que involucran la apariencia y el comportamiento
R33,Retención de orina
R34,Anuria y oliguria
R35,Poliuria
R36,Descarga uretral
R39,Otros síntomas y signos que involucran el sistema urinario
R14,Flatulencia y afecciones afines
R15,Incontinencia fecal
R16,"Hepatomegalia y esplenomegalia, no clasificadas en otra parte"
R17,Ictericia no especificada
R18,Ascitis
R19,Otros síntomas y signos que involucran el sistema digestivo y el abdomen
R01,Soplos y otros sonidos cardíacos
R02,"Gangrena, no clasificada en otra parte"
R03,"Lectura de presión sanguínea anormal, sin diagnóstico"
R04,Hemorragias de las vías respiratorias
R05,Tos
R06,Anormalidades de la respiración
D21,Otros tumores benignos del tejido conjuntivo y de los tejidos blandos
D22,Nevo melanocítico
D23,Otros tumores benignos de la piel
D24,Tumor benigno de la mama
D25,Leiomioma del útero
D26,Otros tumores benignos del útero
D27,Tumor benigno del ovario
E34,Otros trastornos endocrinos
E35,Trastornos endocrinos en enfermedades clasificadas en otra parte
T90,Secuelas de traumatismos de la cabeza
T91,Secuelas de traumatismos del cuello y del tronco
T92,Secuelas de traumatismos de miembro superior
T93,Secuelas de traumatismos de miembro inferior
T80,"Complicaciones consecutivas a infusión, transfusión e inyección terapéutica"
T81,"Complicaciones de procedimientos, no clasificadas en otra parte"
T82,"Complicaciones de dispositivos protésicos, implantes e injertos cardiovasculares"
T83,"Complicaciones de dispositivos, implantes e injertos genitourinarios"
T84,"Complicaciones de dispositivos protésicos, implantes e injertos ortopédicos internos"
G249,"Distonía, no especificada"
H360,Retinopatía diabética (E10–E14 con cuarto carácter común .3)
H368,Otros trastornos de la retina en enfermedades clasificadas en otra parte
H350,Retinopatías del fondo y cambios vasculares retinianos
H351,Retinopatía de la prematuridad
H352,Otras retinopatías proliferativas
H353,Degeneración de la mácula y del polo posterior del ojo
H354,Degeneración periférica de la retina
H355,Distrofia hereditaria de la retina
H356,Hemorragia retiniana
H357,Separación de las capas de la retina
H358,Otros trastornos especificados de la retina
H340,Oclusión arterial transitoria de la retina
H341,Oclusión de la arteria central de la retina
H342,Otras formas de oclusión de la arteria de la retina
H348,Otras oclusiones vasculares retinianas
H349,"Oclusión vascular retiniana, sin otra especificación"
H330,Desprendimiento de la retina con ruptura
H331,Retinosquisis y quistes de la retina
H332,Desprendimiento seroso de la retina
H333,Desgarro de la retina sin desprendimiento
H334,Desprendimiento de la retina por tracción
H335,Otros desprendimientos de la retina
F070,"Trastorno de la personalidad, orgánico"
F071,Síndrome postencefalítico
F072,Síndrome postconcusional
F078,"Otros trastornos orgánicos de la personalidad y del comportamiento debidos a enfermedad, lesión y disfunción cerebrales"
F079,"Trastorno orgánico de la personalidad y del comportamiento, no especificado, debido a enfermedad, lesión y disfunción cerebral"
F060,Alucinosis orgánica
F061,"Trastorno catatónico, orgánico"
F062,"Trastorno delirante [esquizofreniforme], orgánico"
F063,"Trastornos del humor [afectivos], orgánicos"
F064,"Trastorno de ansiedad, orgánico"
F058,Otros delirios
F059,"Delirio, no especificado"
F020,Demencia en la enfermedad de Pick (G3l.0)
F021,Demencia en la enfermedad de Creutzfeldt–Jakob (A81.0)
F022,Demencia en la enfermedad de Huntington (Gl0)
F250,Trastorno esquizoafectivo de tipo maníaco
F251,Trastorno esquizoafectivo de tipo depresivo
F252,Trastorno esquizoafectivo de tipo mixto
F258,Otros trastornos esquizoafectivos
E050,Tirotoxicosis con bocio difuso
E051,Tirotoxicosis con nódulo solitario tiroideo tóxico
E052,Tirotoxicosis con bocio multinodular tóxico
E053,Tirotoxicosis por tejido tiroideo ectópico
E054,Tirotoxicosis facticia
E055,Crisis o tormenta tirotóxica
E058,Otras tirotoxicosis
E059,"Tirotoxicosis, no especificada"
E040,Bocio difuso no tóxico
E041,Nódulo tiroideo solitario no tóxico
E042,Bocio multinodular no tóxico
E048,Otros bocios no tóxicos especificados
E049,"Bocio no tóxico, no especificado"
Z85,Historia personal de tumor maligno
Z86,Historia personal de algunas otras enfermedades
Z87,Historia personal de otras enfermedades y afecciones
Z88,"Historia personal de alergia a drogas, medicamentos y sustancias biológicas"
Z89,Ausencia adquirida de miembros
Z90,"Ausencia adquirida de órganos, no clasificada en otra parte"
Z91,"Historia personal de factores de riesgo, no clasificados en otra parte"
Z92,Historia personal de tratamiento médico
Z61,Problemas relacionados con hechos negativos en la niñez
Z62,Otros problemas relacionados con la crianza del niño
Z63,"Otros problemas relacionados con el grupo primario de apoyo, inclusive circunstancias familiares"
Z64,Problemas relacionados con ciertas circunstancias psicosociales
Z65,Problemas relacionados con otras circunstancias psicosociales
Z43,Atención de orificios artificiales
Z44,Prueba y ajuste de dispositivos protésicos externos
Z45,Asistencia y ajuste de dispositivos implantados
Z46,Prueba y ajuste de otros dispositivos
Z47,Otros cuidados posteriores a la ortopedia
Z48,Otros cuidados posteriores a la cirugía
Z49,Cuidados relativos al procedimiento de diálisis
Z50,Atención por el uso de procedimientos de rehabilitación
Z51,Otra atención médica
Z52,Donantes de órganos y tejidos
T794,Choque traumático
T795,Anuria traumática
T796,Isquemia traumática de músculo
T797,Enfisema subcutáneo traumático
T798,Otras complicaciones precoces de los traumatismos
T799,Complicaciones precoces no especificadas de los traumatismos
T71,Asfixia
T73,Efectos de otras privaciones
T74,Síndromes del maltrato
T75,Efectos de otras causas externas
T78,"Efectos adversos, no clasificados en otra parte"
T56,Efecto tóxico de metales
T57,Efecto tóxico de otras sustancias inorgánicas
T58,Efecto tóxico del monóxido de carbono
T59,"Efecto tóxico de otros gases, humos y vapores"
T60,Efecto tóxico de plaguicidas [pesticidas]
T61,Efecto tóxico de sustancias nocivas ingeridas como alimentos marinos
T62,Efecto tóxico de otras sustancias nocivas ingeridas como alimento
T63,Efecto tóxico del contacto con animales venenosos
T39,"Envenenamiento por analgésicos no narcóticos, antipiréticos y antirreumáticos"
T40,Envenenamiento por narcóticos y psicodislépticos [alucinógenos]
T41,Envenenamiento por anestésicos y gases terapéuticos
T42,"Envenenamiento por antiepilépticos, hipnóticos-sedantes y drogas antiparkinsonianas"
T43,"Envenenamiento por psicotrópicos, no clasificados en otra parte"
T44,Envenenamiento por drogas que afectan principalmente el sistema nervioso autónomo
T19,Cuerpo extraño en las vías genitourinarias
H406,Glaucoma secundario a drogas
H408,Otros glaucomas
H409,"Glaucoma, no especificado"
H444,Hipotonía ocular
H445,Afecciones degenerativas del globo ocular
H446,Retención intraocular de cuerpo extraño magnético (antiguo)
H447,Retención intraocular de cuerpo extraño no magnético (antiguo)
H448,Otros trastornos del globo ocular
H449,"Trastorno del globo ocular, no especificado"
I86,Várices de otros sitios
I87,Otros trastornos de las venas
I88,Linfadenitis inespecífica
I89,Otros trastornos no infecciosos de los vasos y ganglios linfáticos
I77,Otros trastornos arteriales o arteriolares
I78,Enfermedades de los vasos capilares
I79,"Trastornos de las arterias, de las arteriolas y de los vasos capilares en enfermedades clasificadas en otra parte"
I66,Oclusión y estenosis de las arterias cerebrales sin ocasionar infarto cerebral
I67,Otras enfermedades cerebrovasculares
I68,Trastornos cerebrovasculares en enfermedades clasificadas en otra parte
I69,Secuelas de enfermedad cerebrovascular
I33,Endocarditis aguda y subaguda
I34,Trastornos no reumáticos de la válvula mitral
I35,Trastornos no reumáticos de la válvula aórtica
I36,Trastornos no reumáticos de la válvula tricúspide
I37,Trastornos de la válvula pulmonar
I38,"Endocarditis, válvula no especificada"
H493,Oftalmoplejía total (externa)
H494,Oftalmoplejía externa progresiva
H498,Otros estrabismos paralíticos
H499,"Estrabismo paralítico, no especificado"
J99,Trastornos respiratorios en enfermedades clasificadas en otra parte
J62,Neumoconiosis debida a polvo de sílice
J63,Neumoconiosis debida a otros polvos inorgánicos
J64,"Neumoconiosis, no especificada"
J65,Neumoconiosis asociada con tuberculosis
J66,Enfermedades de las vías aéreas debidas a polvos orgánicos específicos
J67,Neumonitis debida a hipersensibilidad al polvo orgánico
J45,Asma
J46,Estado asmático
J47,Bronquiectasia
K85,Pancreatitis aguda
K86,Otras enfermedades del páncreas
K87,"Trastornos de la vesícula biliar, de las vías biliares y del páncreas en enfermedades clasificadas en otra parte"
K77,Trastornos del hígado en enfermedades clasificadas en otra parte
H544,Ceguera de un ojo
H545,Visión subnormal de un ojo
H546,Disminución indeterminada de la agudeza visual de un ojo
H547,"Disminución de la agudeza visual, sin especificación"
L83,Acantosis nigricans
L84,Callos y callosidades
L85,Otros tipos de engrosamiento epidérmico
L86,Queratoderma en enfermedades clasificadas en otra parte
L87,Trastornos de la eliminación transepidérmica
L88,Pioderma gangrenoso
L89,Úlcera de decúbito
L90,Trastornos atróficos de la piel
L91,Trastornos hipertróficos de la piel
L92,Trastornos granulomatosos de la piel y del tejido subcutáneo
L65,Otra pérdida no cicatricial del pelo
L66,Alopecia cicatricial [pérdida cicatricial del pelo]
L67,Anormalidades del tallo y del color del pelo
L68,Hipertricosis
L70,Acné
F019,"Demencia vascular, no especificada"
B89,"Enfermedad parasitaria, no especificada"
B70,Difilobotriasis y esparganosis
B71,Otras infecciones debidas a cestodos
B72,Dracontiasis
B73,Oncocercosis
B74,Filariasis
B75,Triquinosis
B76,Anquilostomiasis y necatoriasis
B77,Ascariasis
B55,Leishmaniasis
B56,Tripanosomiasis africana
B57,Enfermedad de Chagas
B58,Toxoplasmosis
B59,Neumocistosis (J17.3)
B38,Coccidioidomicosis
B39,Histoplasmosis
B40,Blastomicosis
B41,Paracoccidioidomicosis
B42,Esporotricosis
B43,Cromomicosis y absceso feomicótico
B44,Aspergilosis
B26,Parotiditis infecciosa
B27,Mononucleosis infecciosa
B30,Conjuntivitis viral
B33,"Otras enfermedades virales, no clasificadas en otra parte"
B34,Infección viral de sitio no especificado
S69,Otros traumatismos y los no especificados de la muñeca y de la mano
B05,Sarampión
B06,Rubéola [sarampión alemán]
B07,Verrugas víricas
B08,"Otras infecciones víricas caracterizadas por lesiones de la piel y de las membranas mucosas, no clasificadas en otra parte"
B09,"Infección viral no especificada, caracterizada por lesiones de la piel y de las membranas mucosas"
F318,Otros trastornos afectivos bipolares
F319,"Trastorno afectivo bipolar, no especificado"
N998,Otros trastornos del sistema genitourinario consecutivos a procedimientos
N999,Trastorno no especificado del sistema genitourinario consecutivo a procedimientos
N85,"Otros trastornos no inflamatorios del útero, excepto del cuello"
N86,Erosión y ectropión del cuello del útero
N87,Displasia del cuello uterino
N88,Otros trastornos no inflamatorios del cuello del útero
N89,Otros trastornos no inflamatorios de la vagina
N90,Otros trastornos no inflamatorios de la vulva y del perineo
N91,"Menstruación ausente, escasa o rara"
N92,"Menstruación excesiva, frecuente e irregular"
N76,Otras afecciones inflamatorias de la vagina y de la vulva
N77,Ulceración e inflamación vulvovaginal en enfermedades clasificadas en otra parte
N46,Esterilidad en el varón
N47,"Prepucio redundante, fimosis y parafimosis"
N48,Otros trastornos del pene
N49,"Trastornos inflamatorios de órganos genitales masculinos, no clasificados en otra parte"
N50,Otros trastornos de los órganos genitales masculinos
N51,Trastornos de los órganos genitales masculinos en enfermedades clasificadas en otra parte
N35,Estrechez uretral
N36,Otros trastornos de la uretra
N37,Trastornos de la uretra en enfermedades clasificadas en otra parte
N39,Otros trastornos del sistema urinario
A46,Erisipela
A48,"Otras enfermedades bacterianas, no clasificadas en otra parte"
A49,Infección bacteriana de sitio no especificado
O47,Falso trabajo de parto
O48,Embarazo prolongado
E84,Fibrosis quística
E85,Amiloidosis
E86,Depleción del volumen
E87,"Otros trastornos de los líquidos, de los electrólitos y del equilibrio ácido-básico"
E88,Otros trastornos metabólicos
E89,"Trastornos endocrinos y metabólicos consecutivos a procedimientos, no clasificados en otra parte"
E90,Trastornos nutricionales y metabólicos en enfermedades clasificadas en otra parte
R07,Dolor de garganta y en el pecho
R09,Otros síntomas y signos que involucran los sistemas circulatorio y respiratorio
D28,Tumor benigno de otros órganos genitales femeninos y de los no especificados
D29,Tumor benigno de los órganos genitales masculinos
D30,Tumor benigno de los órganos urinarios
D31,Tumor benigno del ojo y sus anexos
D32,Tumores benignos de las meninges
D33,Tumor benigno del encéfalo y de otras partes del sistema nervioso central
D34,Tumor benigno de la glándula tiroides
D35,Tumor benigno de otras glándulas endocrinas y de las no especificadas
E070,Hipersecreción de calcitonina
E071,Bocio dishormogenético
E078,Otros trastornos especificados de la glándula tiroides
E079,"Trastorno de la glándula tiroides, no especificado"
E060,Tiroiditis aguda
E061,Tiroiditis subaguda
E062,Tiroiditis crónica con tirotoxicosis transitoria
E063,Tiroiditis autoinmune
E064,Tiroiditis inducida por drogas
E065,Otras tiroiditis crónicas
E069,"Tiroiditis, no especificada"
E310,Insuficiencia poliglandular autoinmune
E311,Hiperfunción poliglandular
E318,Otras disfunciones poliglandulares
E319,"Disfunción poliglandular, no especificada"
E300,Pubertad retardada
E301,Pubertad precoz
E308,Otros trastornos de la pubertad
E309,"Trastorno de la pubertad, no especificado"
E290,Hiperfunción testicular
E291,Hipofunción testicular
E298,Otras disfunciones testiculares
E299,"Disfunción testicular, no especificada"
E280,Exceso de estrógenos
E281,Exceso de andrógenos
E282,Síndrome de ovario poliquístico
E283,Insuficiencia ovárica primaria
E288,Otras disfunciones ováricas
E289,"Disfunción ovárica, no especificada"
E270,Otra hiperactividad corticosuprarrenal
E271,Insuficiencia corticosuprarrenal primaria
E272,Crisis addisoniana
E273,Insuficiencia corticosuprarrenal inducida por drogas
E274,Otras insuficiencias corticosuprarrenales y las no especificadas
E275,Hiperfunción de la médula suprarrenal
E278,Otros trastornos especificados de la glándula suprarrenal
E279,"Trastorno de la glándula suprarrenal, no especificado"
E260,Hiperaldosteronismo primario
E261,Hiperaldosteronismo secundario
E268,Otros tipos de hiperaldosteronismo
E269,"Hiperaldosteronismo, no especificado"
E250,Trastornos adrenogenitales congénitos con deficiencia enzimática
E258,Otros trastornos adrenogenitales
E259,"Trastorno adrenogenital, no especificado"
D760,"Histiocitosis de las células de Langerhans, no clasificada en otra parte"
D761,Linfohistiocitosis hemofagocítica
D762,Síndrome hemofagocítico asociado a infección
D763,Otros síndromes histiocíticos
T94,Secuelas de traumatismos que afectan múltiples regiones del cuerpo y las no especificadas
T95,"Secuelas de quemaduras, corrosiones y congelamientos"
T96,"Secuelas de envenenamientos por drogas, medicamentos y sustancias biológicas"
T97,Secuelas de efectos tóxicos de sustancias de procedencia principalmente no medicinal
T98,Secuelas de otros efectos y los no especificados de causas externas
D750,Eritrocitosis familiar
D751,Policitemia secundaria
D752,Trombocitosis esencial
D758,Otras enfermedades especificadas de la sangre y de los órganos hematopoyéticos
D759,"Enfermedad de la sangre y de los órganos hematopoyéticos, no especificada"
D740,Metahemoglobinemia congénita
D748,Otras metahemoglobinemias
D749,"Metahemoglobinemia, no especificada"
D090,Carcinoma in situ de la vejiga
D091,Carcinoma in situ de otros órganos urinarios y de los no especificados
D092,Carcinoma in situ del ojo
D093,Carcinoma in situ de la glándula tiroides y de otras glándulas endocrinas
D097,Carcinoma in situ de otros sitios especificados
D099,"Carcinoma in situ, sitio no especificado"
D070,Carcinoma in situ del endometrio
D071,Carcinoma in situ de la vulva
D072,Carcinoma in situ de la vagina
D073,Carcinoma in situ de otros sitios de órganos genitales femeninos y de los no especificados
D074,Carcinoma in situ del pene
D075,Carcinoma in situ de la próstata
D190,Tumor benigno del tejido mesotelial de la pleura
D191,Tumor benigno del tejido mesotelial del peritoneo
D197,Tumor benigno del tejido mesotelial de otros sitios especificados
D199,"Tumor benigno del tejido mesotelial, de sitio no especificado"
D180,"Hemangioma, de cualquier sitio"
D181,"Linfangioma, de cualquier sitio"
D170,"Tumor benigno lipomatoso de piel y de tejido subcutáneo de cabeza, cara y cuello"
D171,Tumor benigno lipomatoso de piel y de tejido subcutáneo del tronco
D172,Tumor benigno lipomatoso de piel y de tejido subcutáneo de miembros
D173,Tumor benigno lipomatoso de piel y de tejido subcutáneo de otros sitios y de los no especificados
D174,Tumor benigno lipomatoso de los órganos intratorácicos
D175,Tumor benigno lipomatoso de los órganos intraabdominales
D176,Tumor benigno lipomatoso del cordón espermático
D177,Tumor benigno lipomatoso de otros sitios especificados
D179,"Tumor benigno lipomatoso, de sitio no especificado"
D160,Tumor benigno del omóplato y huesos largos del miembro superior
D161,Tumor benigno de los huesos cortos del miembro superior
D162,Tumor benigno de los huesos largos del miembro inferior
D163,Tumor benigno de los huesos cortos del miembro inferior
D164,Tumor benigno de los huesos del cráneo y de la cara
D165,Tumor benigno del maxilar inferior
D166,Tumor benigno de la columna vertebral
D167,"Tumor benigno de las costillas, esternón y clavícula"
D168,"Tumor benigno de los huesos pélvicos, sacro y cóccix"
T85,"Complicaciones de otros dispositivos protésicos, implantes e injertos internos"
T86,Falla y rechazo del trasplante de órganos y tejidos
T87,Complicaciones peculiares de la reinserción y amputación
T88,"Otras complicaciones de la atención médica y quirúrgica, no clasificadas en otra parte"
D150,Tumor benigno del timo
D151,Tumor benigno del corazón
D152,Tumor benigno del mediastino
D157,Tumor benigno de otros órganos intratorácicos especificados
D159,Tumor benigno de órgano intratorácico no especificado
D140,"Tumor benigno del oído medio, de la cavidad nasal y de los senos paranasales"
D141,Tumor benigno de la laringe
D142,Tumor benigno de la tráquea
D143,Tumor benigno de los bronquios y del pulmón
D144,"Tumor benigno del sistema respiratorio, sitio no especificado"
D130,Tumor benigno del esófago
D131,Tumor benigno del estómago
D132,Tumor benigno del duodeno
D133,Tumor benigno de otras partes y de las no especificadas del intestino delgado
D134,Tumor benigno del hígado
D135,Tumor benigno de las vías biliares extrahepáticas
D136,Tumor benigno del páncreas
D137,Tumor benigno del páncreas endocrino
D139,Tumor benigno de sitios mal definidos del sistema digestivo
D480,Tumor de comportamiento incierto o desconocido del hueso y cartílago articular
D481,Tumor de comportamiento incierto o desconocido del tejido conjuntivo y otro tejido blando
D482,Tumor de comportamiento incierto o desconocido de los nervios periféricos y del sistema nervioso autónomo
D483,Tumor de comportamiento incierto o desconocido del retroperitoneo
D484,Tumor de comportamiento incierto o desconocido del peritoneo
D485,Tumor de comportamiento incierto o desconocido de la piel
D486,Tumor de comportamiento incierto o desconocido de la mama
D487,Tumor de comportamiento incierto o desconocido de otros sitios especificados
D489,"Tumor de comportamiento incierto o desconocido, de sitio no especificado"
D470,Tumor de comportamiento incierto o desconocido de los mastocitos e histiocitos
D471,Enfermedad mieloproliferativa crónica
D472,Gammopatía monoclonal
D473,Trombocitopenia (hemorrágica) esencial
D477,"Otros tumores especificados de comportamiento incierto o desconocido del tejido linfático, de los órganos hematopoyéticos y de tejidos afines"
D479,"Tumores de comportamiento incierto o desconocido del tejido linfático, de los órganos hematopoyéticos y de tejidos afines, no especificados"
D460,"Anemia refractaria sin sideroblastos, así descrita"
D461,Anemia refractaria con sideroblastos
D462,Anemia refractaria con exceso de blastos
D463,Anemia refractaria con exceso de blastos con transformación
D464,"Anemia refractaria, sin otra especificación"
D467,Otros síndromes mielodisplásicos
D469,"Síndrome mielodisplásico, sin otra especificación"
D440,Tumor de comportamiento incierto o desconocido de la glándula tiroides
D441,Tumor de comportamiento incierto o desconocido de la glándula suprarrenal
D442,Tumor de comportamiento incierto o desconocido de la glándula paratiroides
D443,Tumor de comportamiento incierto o desconocido de la glándula hipófisis
D444,Tumor de comportamiento incierto o desconocido del conducto craneofaríngeo
D445,Tumor de comportamiento incierto o desconocido de la glándula pineal
D446,Tumor de comportamiento incierto o desconocido del cuerpo carotídeo
D447,Tumor de comportamiento incierto o desconocido del cuerpo aórtico y otros cuerpos cromafines
D430,"Tumor de comportamiento incierto o desconocido del encéfalo, supratentorial"
D431,"Tumor de comportamiento incierto o desconocido del encéfalo, infratentorial"
D432,"Tumor de comportamiento incierto o desconocido del encéfalo, parte no especificada"
D433,Tumor de comportamiento incierto o desconocido de los nervios craneales
D434,Tumor de comportamiento incierto o desconocido de la médula espinal
D437,Tumor de comportamiento incierto o desconocido de otras partes especificadas del sistema nervioso central
D439,"Tumor de comportamiento incierto o desconocido del sistema nervioso central, sitio no especificado"
H359,"Trastorno de la retina, no especificado"
F065,"Trastorno disociativo, orgánico"
F066,"Trastorno de labilidad emocional [asténico], orgánico"
F067,Trastorno cognoscitivo leve
F068,Otros trastornos mentales especificados debidos a lesión y disfunción cerebral y a enfermedad física
F069,Trastorno mental no especificado debido a lesión y disfunción cerebral y a enfermedad física
R100,Abdomen agudo
R101,Dolor abdominal localizado en parte superior
R102,Dolor pélvico y perineal
R103,Dolor localizado en otras partes inferiores del abdomen
R104,Otros dolores abdominales y los no especificados
R220,"Tumefacción, masa o prominencia localizada en la cabeza"
R221,"Tumefacción, masa o prominencia localizada en el cuello"
R222,"Tumefacción, masa o prominencia localizada en el tronco"
R223,"Tumefacción, masa o prominencia localizada en el miembro superior"
R224,"Tumefacción, masa o prominencia localizada en el miembro inferior"
R227,"Tumefacción, masa o prominencia localizada en sitios múltiples"
R229,"Tumefacción, masa o prominencia localizada en parte no especificada"
F023,Demencia en la enfermedad de Parkinson (G20)
F024,Demencia en la enfermedad por virus de la inmunodeficiencia humana [VIH] (B22.0)
F028,Demencia en otras enfermedades especificadas clasificadas en otra parte
F259,"Trastorno esquizoafectivo, no especificado"
Z93,Aberturas artificiales
Z94,Órganos y tejidos trasplantados
Z95,Presencia de implantes e injertos cardiovasculares
Z96,Presencia de otros implantes funcionales
Z97,Presencia de otros dispositivos
Z98,Otros estados postquirúrgicos
Z99,"Dependencia de máquinas y dispositivos capacitantes, no clasificada en otra parte"
Z53,Persona en contacto con los servicios de salud para procedimientos específicos no realizados
Z54,Convalecencia
T64,Efecto tóxico de aflatoxina y otras micotoxinas contaminantes de alimentos
T65,Efecto tóxico de otras sustancias y las no especificadas
T45,"Envenenamiento por agentes principalmente sistémicos y hematológicos, no clasificados en otra parte"
T46,Envenenamiento por agentes que afectan principalmente el sistema cardiovascular
T47,Envenenamiento por agentes que afectan principalmente el sistema gastrointestinal
T48,Envenenamiento por agentes con acción principal sobre los músculos lisos y esqueléticos y sobre el sistema respiratorio
T49,"Envenenamiento por agentes tópicos que afectan principalmente la piel y las membranas mucosas y por drogas oftalmológicas, otorrinolaringológicas y dentales"
T50,"Envenenamiento por diuréticos y otras drogas, medicamentos y sustancias biológicas no especificadas"
I39,Endocarditis y trastornos valvulares en enfermedades clasificadas en otra parte
I40,Miocarditis aguda
I41,Miocarditis en enfermedades clasificadas en otra parte
I42,Cardiomiopatía
I43,Cardiomiopatía en enfermedades clasificadas en otra parte
I44,Bloqueo auriculoventricular y de rama izquierda del haz
I45,Otros trastornos de la conducción
I46,Paro cardíaco
I47,Taquicardia paroxística
J68,"Afecciones respiratorias debidas a inhalación de gases, humos, vapores y sustancias químicas"
J69,Neumonitis debida a sólidos y líquidos
J70,Afecciones respiratorias debidas a otros agentes externos
L93,Lupus eritematoso
L94,Otros trastornos localizados del tejido conjuntivo
L95,"Vasculitis limitada a la piel, no clasificada en otra parte"
L97,"Úlcera de miembro inferior, no clasificada en otra parte"
L98,"Otros trastornos de la piel y del tejido subcutáneo, no clasificados en otra par"
L99,Otros trastornos de la piel y del tejido subcutáneo en enfermedades clasificadas en otra parte
L71,Rosácea
L72,Quiste folicular de la piel y del tejido subcutáneo
L73,Otros trastornos foliculares
L74,Trastornos sudoríparos ecrinos
L75,Trastornos sudoríparos apocrinos
B78,Estrongiloidiasis
B79,Tricuriasis
B80,Enterobiasis
B81,"Otras helmintiasis intestinales, no clasificadas en otra parte"
B82,"Parasitosis intestinales, sin otra especificación"
B83,Otras helmintiasis
B60,"Otras enfermedades debidas a protozoarios, no clasificadas en otra parte"
B64,"Enfermedad debida a protozoarios, no especificada"
B45,Criptococosis
B46,Cigomicosis
B47,Micetoma
B48,"Otras micosis, no clasificadas en otra parte"
B49,"Micosis, no especificada"
N93,Otras hemorragias uterinas o vaginales anormales
N94,Dolor y otras afecciones relacionadas con los órganos genitales femeninos y con el ciclo menstrual
N95,Otros trastornos menopáusicos y perimenopáusicos
N96,Abortadora habitual
N97,Infertilidad femenina
N98,Complicaciones asociadas con la fecundación artificial
D36,Tumor benigno de otros sitios y de los no especificados
E350,Trastornos de la glándula tiroides en enfermedades clasificadas en otra parte
E351,Trastornos de las glándulas suprarrenales en enfermedades clasificadas en otra parte
E358,Trastornos de otras glándulas endocrinas en enfermedades clasificadas en otra parte
E340,Síndrome carcinoide
E341,Otras hipersecreciones de hormonas intestinales
E342,"Secreción hormonal ectópica, no clasificada en otra parte"
E343,"Enanismo, no clasificado en otra parte"
E344,Estatura alta constitucional
E345,Síndrome de resistencia androgénica
E348,Otros trastornos endocrinos especificados
E349,"Trastorno endocrino, no especificado"
E320,Hiperplasia persistente del timo
E321,Absceso del timo
E328,Otras enfermedades del timo
E329,"Enfermedad del timo, no especificada"
D260,Tumor benigno del cuello del útero
D261,Tumor benigno del cuerpo del útero
D267,Tumor benigno de otras partes especificadas del útero
D269,"Tumor benigno del útero, parte no especificada"
D250,Leiomioma submucoso del útero
D251,Leiomioma intramural del útero
D252,Leiomioma subseroso del útero
D259,"Leiomioma del útero, sin otra especificación"
D230,Tumor benigno de la piel del labio
D231,"Tumor benigno de la piel del párpado, incluida la comisura palpebral"
D232,Tumor benigno de la piel de la oreja y del conducto auditivo externo
D233,Tumor benigno de la piel de otras partes y de las no especificadas de la cara
D234,Tumor benigno de la piel del cuero cabelludo y del cuello
D235,Tumor benigno de la piel del tronco
D236,"Tumor benigno de la piel del miembro superior, incluido el hombro"
D237,"Tumor benigno de la piel del miembro inferior, incluida la cadera"
D239,"Tumor benigno de la piel, sitio no especificado"
D220,Nevo melanocítico del labio
D221,"Nevo melanocítico del párpado, incluida la comisura palpebral"
D222,Nevo melanocítico de la oreja y del conducto auditivo externo
D223,Nevo melanocítico de otras partes y de las no especificadas de la cara
D224,Nevo melanocítico del cuero cabelludo y del cuello
D225,Nevo melanocítico del tronco
D226,"Nevo melanocítico del miembro superior, incluido el hombro"
D227,"Nevo melanocítico del miembro inferior, incluida la cadera"
D229,"Nevo melanocítico, sitio no especificado"
D210,"Tumor benigno del tejido conjuntivo y de otros tejidos blandos de cabeza, cara y cuello"
D211,"Tumor benigno del tejido conjuntivo y de otros tejidos blandos del miembro superior, incluido el hombro"
D212,"Tumor benigno del tejido conjuntivo y de otros tejidos blandos del miembro inferior, incluida la cadera"
D213,Tumor benigno del tejido conjuntivo y de otros tejidos blandos del tórax
D214,Tumor benigno del tejido conjuntivo y otros tejidos blandos del abdomen
D215,Tumor benigno del tejido conjuntivo y otros tejidos blandos de la pelvis
D216,"Tumor benigno del tejido conjuntivo y otros tejidos blandos del tronco, sin otra especificación"
D200,Tumor benigno del retroperitoneo
D201,Tumor benigno del peritoneo
R040,Epistaxis
R041,Hemorragia de la garganta
R042,Hemoptisis
R048,Hemorragia de otros sitios de las vías respiratorias
R049,"Hemorragia de las vías respiratorias, no especificada"
R030,"Lectura elevada de la presión sanguínea, sin diagnóstico de hipertensión"
R031,Lectura de presión baja no específica
R010,Soplos cardíacos benignos o inocentes
R011,"Soplo cardíaco, no especificado"
R012,Otros sonidos cardíacos
R000,"Taquicardia, no especificada"
R001,"Bradicardia, no especificada"
R190,"Tumefacción, masa o prominencia intraabdominal y pélvica"
R191,Sonidos intestinales anormales
R192,Peristalsis visible
R193,Rigidez abdominal
R194,Cambios en los hábitos intestinales
R195,Otras anormalidades fecales
R160,"Hepatomegalia, no clasificada en otra parte"
R161,"Esplenomegalia, no clasificada en otra parte"
R162,"Hepatomegalia con esplenomegalia, no clasificadas en otra parte"
R230,Cianosis
R231,Palidez
R232,Rubor
R233,Equimosis espontánea
R234,Cambios en la textura de la piel
R238,Otros cambios de la piel y los no especificados
R390,Extravasación de la orina
R391,Otras dificultades de la micción
R392,Uremia extrarrenal
R398,Otros síntomas y signos que involucran el sistema urinario y los no especificados
R460,Muy bajo nivel de higiene personal
R461,Apariencia personal extraña
R462,Conducta extraña e inexplicable
R463,Hiperactividad
R464,Lentitud y pobre respuesta
R465,Suspicacia y evasividad marcadas
R466,Preocupación indebida por sucesos que causan tensión
R450,Nerviosismo
R451,Inquietud y agitación
R452,Infelicidad
R453,Desmoralización y apatía
R454,Irritabilidad y enojo
R455,Hostilidad
R456,Violencia física
R457,"Tensión y estado de choque emocional, no especificado"
R458,Otros síntomas y signos que involucran el estado emocional
R440,Alucinaciones auditivas
R430,Anosmia
R431,Parosmia
R432,Parageusia
R438,Otras alteraciones del gusto y del olfato y las no especificadas
Q070,Síndrome de Arnold–Chiari
Q078,"Otras malformaciones congénitas del sistema nervioso, especificadas"
Q079,"Malformación congénita del sistema nervioso, no especificada"
Q060,Amielia
Q061,Hipoplasia y displasia de la médula espinal
Q062,Diastematomielia
Q063,Otras anomalías congénitas de la cola de caballo
Q064,Hidromielia
Q068,Otras malformaciones congénitas especificadas de la médula espinal
Q069,"Malformación congénita de la médula espinal, no especificada"
Q170,Oreja supernumeraria
Q171,Macrotia
Q172,Microtia
Q173,Otras deformidades del pabellón auricular
Q174,Anomalía de la posición de la oreja
Q175,Oreja prominente
Q178,"Otras malformaciones congénitas del oído, especificadas"
Q179,"Malformación congénita del oído, no especificada"
Q160,Ausencia congénita del pabellón (de la oreja)
Q161,"Ausencia congénita, atresia o estrechez del conducto auditivo (externo)"
Q162,Ausencia de la trompa de Eustaquio
Q163,Malformación congénita de los huesecillos del oído
Q164,Otras malformaciones congénitas del oído medio
Q165,Malformación congénita del oído interno
Q169,"Malformación congénita del oído que causa alteración de la audición, sin otra especificación"
Q150,Glaucoma congénito
Q158,"Otras malformaciones congénitas del ojo, especificadas"
Q159,"Malformaciones congénitas del ojo, no especificadas"
Q140,Malformación congénita del humor vítreo
Q141,Malformación congénita de la retina
Q142,Malformación congénita del disco óptico
Q143,Malformación congénita de la coroides
Q148,Otras malformaciones congénitas del segmento posterior del ojo
Q149,"Malformación congénita del segmento posterior del ojo, no especificada"
Q130,Coloboma del iris
Q131,Ausencia del iris
Q132,Otras malformaciones congénitas del iris
Q133,Opacidad corneal congénita
Q134,Otras malformaciones congénitas de la córnea
Q135,Esclerótica azul
Q138,Otras malformaciones congénitas del segmento anterior del ojo
Q139,"Malformación congénita del segmento anterior del ojo, no especificada"
Q280,Malformación arteriovenosa de los vasos precerebrales
Q281,Otras malformaciones de los vasos precerebrales
Q282,Malformación arteriovenosa de los vasos cerebrales
Q283,Otras malformaciones de los vasos cerebrales
Q288,"Otras malformaciones congénitas del sistema circulatorio, especificadas"
Q289,"Malformación congénita del sistema circulatorio, no especificada"
Q270,Ausencia e hipoplasia congénita de la arteria umbilical
Q271,Estenosis congénita de la arteria renal
Q272,Otras malformaciones congénitas de la arteria renal
Q273,Malformación arteriovenosa periférica
Q274,Flebectasia congénita
Q278,"Otras malformaciones congénitas del sistema vascular periférico, especificadas"
Q279,"Malformación congénita del sistema vascular periférico, no especificada"
Q260,Estenosis congénita de la vena cava
Q261,Persistencia de la vena cava superior izquierda
Q262,Conexión anómala total de las venas pulmonares
Q263,Conexión anómala parcial de las venas pulmonares
Q264,"Conexión anómala de las venas pulmonares, sin otra especificación"
Q265,Conexión anómala de la vena porta
Q266,Fístula arteria hepática–vena porta
Q268,Otras malformaciones congénitas de las grandes venas
Q269,"Malformación congénita de las grandes venas, no especificada"
E440,Desnutrición proteicocalórica moderada
E441,Desnutrición proteicocalórica leve
E640,Secuelas de la desnutrición proteicocalórica
E641,Secuelas de la deficiencia de vitamina A
E642,Secuelas de la deficiencia de vitamina C
E643,Secuelas del raquitismo
E648,Secuelas de otras deficiencias nutricionales
E649,Secuelas de la deficiencia nutricional no especificada
E630,Deficiencia de ácidos grasos esenciales [AGE]
E631,Desequilibrio de los constituyentes en la dieta
E638,Otras deficiencias nutricionales especificadas
E639,"Deficiencia nutricional, no especificada"
E610,Deficiencia de cobre
E611,Deficiencia de hierro
E612,Deficiencia de magnesio
E613,Deficiencia de manganeso
E614,Deficiencia de cromo
E560,Deficiencia de vitamina E
E561,Deficiencia de vitamina K
E568,Deficiencia de otras vitaminas
E569,"Deficiencia de vitamina, no especificada"
E830,Trastornos del metabolismo del cobre
E831,Trastornos del metabolismo del hierro
E832,Trastornos del metabolismo del zinc
E833,Trastornos del metabolismo del fósforo
E834,Trastornos del metabolismo del magnesio
E835,Trastornos del metabolismo del calcio
E838,Otros trastornos del metabolismo de los minerales
E839,"Trastorno del metabolismo de los minerales, no especificado"
E800,Porfiria eritropoyética hereditaria
E801,Porfiria cutánea tardía
E802,Otras porfirias:
E803,Defectos de catalasa y peroxidasa
E804,Síndrome de Gilbert
E805,Síndrome de Crigler–Najjar
E806,Otros trastornos del metabolismo de la bilirrubina
E807,"Trastorno del metabolismo de la bilirrubina, no especificado"
E790,Hiperuricemia sin signos de artritis inflamatoria y enfermedad tofácea
E791,Síndrome de Lesch–Nyhan
E798,Otros trastornos del metabolismo de las purinas y de las pirimidinas
E799,"Trastorno del metabolismo de las purinas y de las pirimidinas, no especificado"
E780,Hipercolesterolemia pura
E781,Hipergliceridemia pura
E782,Hiperlipidemia mixta
E783,Hiperquilomicronemia
E784,Otra hiperlipidemia
E785,Hiperlipidemia no especificada
E786,Deficiencia de lipoproteínas
E788,Otros trastornos del metabolismo de las lipoproteínas
E789,"Trastorno del metabolismo de las lipoproteínas, no especificado"
E770,Defectos en la modificación postraslacional de enzimas lisosomales
E771,Defectos de la degradación de glucoproteínas
E778,Otros trastornos del metabolismo de las glucoproteínas
E779,"Trastorno del metabolismo de las glucoproteínas, no especificado"
E760,Mucopolisacaridosis tipo I
E761,Mucopolisacaridosis tipo II
E762,Otras mucopolisacaridosis
E763,Mucopolisacaridosis no especificada
E768,Otros trastornos del metabolismo de los glucosaminoglicanos
E769,"Trastorno del metabolismo de los glucosaminoglicanos, no especificado"
E750,Gangliosidosis GM2
E751,Otras gangliosidosis
E752,Otras esfingolipidosis
E753,"Esfingolipidosis, no especificada"
E754,Lipofuscinosis ceroide neuronal
E755,Otros trastornos del almacenamiento de lípidos
E756,"Trastorno del almacenamiento de lípidos, no especificado"
E740,Enfermedad del almacenamiento de glucógeno
E741,Trastornos del metabolismo de la fructosa
E742,Trastorno del metabolismo de la galactosa
E743,Otros trastornos de la absorción intestinal de carbohidratos
E744,Trastornos del metabolismo del piruvato y de la gluconeogénesis
E748,Otros trastornos especificados del metabolismo de los carbohidratos
E749,"Trastorno del metabolismo de los carbohidratos, no especificado"
E730,Deficiencia congénita de lactasa
E731,Deficiencia secundaria de lactasa
E738,Otros tipos de intolerancia a la lactosa
E739,"Intolerancia a la lactosa, no especificada"
E720,Trastornos del transporte de los aminoácidos
E721,Trastornos del metabolismo de los aminoácidos azufrados
E722,Trastornos del metabolismo del ciclo de la urea
E723,Trastornos del metabolismo de la lisina y la hidroxilisina
E724,Trastornos del metabolismo de la ornitina
E725,Trastornos del metabolismo de la glicina
E728,Otros trastornos especificados del metabolismo de los aminoácidos
E729,"Trastorno del metabolismo de los aminoácidos, no especificado"
P080,Recién nacido excepcionalmente grande
P081,Otros recién nacidos con sobrepeso para la edad gestacional
P082,Recién nacido postérmino sin sobrepeso para su edad gestacional
P070,Peso extremadamente bajo al nacer
P071,Otro peso bajo al nacer
P072,Inmaturidad extrema
P073,Otros recién nacidos pretérmino
P290,Insuficiencia cardíaca neonatal
P291,Disritmia cardíaca neonatal
P292,Hipertensión neonatal
P293,Persistencia de la circulación fetal
P294,Isquemia miocárdica transitoria del recién nacido
P298,Otros trastornos cardiovasculares originados en el período perinatal
P299,"Trastorno cardiovascular no especificado, originado en el período perinatal"
P280,Atelectasia primaria del recién nacido
P281,Otras atelectasias del recién nacido y las no especificadas
P282,Ataque cianótico del recién nacido
P283,Apnea primaria del sueño del recién nacido
P284,Otras apneas del recién nacido
P285,Insuficiencia respiratoria del recién nacido
P288,Otros problemas respiratorios especificados del recién nacido
P289,Afección respiratoria no especificada del recién nacido
P270,Síndrome de Wilson–Mikity
P271,Displasia broncopulmonar originada en el período perinatal
P278,Otras enfermedades respiratorias crónicas originadas en el período perinatal
P279,Enfermedad respiratoria crónica no especificada originada en el período perinatal
P260,Hemorragia traqueobronquial originada en el período perinatal
P261,Hemorragia pulmonar masiva originada en el período perinatal
P268,Otras hemorragias pulmonares originadas en el período perinatal
P269,"Hemorragia pulmonar no especificada, originada en el período perinatal"
P250,Enfisema intersticial originado en el período perinatal
P240,Aspiración neonatal de meconio
P230,Neumonía congénita debida a agente viral
P610,Trombocitopenia neonatal transitoria
P590,Ictericia neonatal asociada con el parto antes de término
P580,Ictericia neonatal debida a contusión
D076,Carcinoma in situ de otros órganos genitales masculinos y de los no especificados
P570,Kernicterus debido a incompatibilidad
P578,Kernicterus debido a otras causas especificadas
P579,"Kernicterus, no especificado"
D169,"Tumor benigno del hueso y del cartílago articular, sitio no especificado"
P560,Hidropesía fetal debida a incompatibilidad
P569,Hidropesía fetal debida a otras enfermedades hemolíticas especificadas y a las no especificadas
P550,Incompatibilidad Rh del feto y del recién nacido
P540,Hematemesis neonatal
O080,"Infección genital y pelviana consecutiva al aborto, al embarazo ectópico y al embarazo molar"
O081,"Hemorragia excesiva o tardía consecutiva al aborto, al embarazo ectópico y al embarazo molar"
O082,"Embolia consecutiva al aborto, al embarazo ectópico y al embarazo molar"
O083,"Choque consecutivo al aborto, al embarazo ectópico y al embarazo molar"
O070,"Falla de la inducción médica del aborto, complicado por infección genital y pelviana"
O150,Eclampsia en el embarazo
O151,Eclampsia durante el trabajo de parto
O290,Complicaciones pulmonares de la anestesia administrada durante el embarazo
O280,Hallazgo hematológico anormal en el examen prenatal de la madre
O281,Hallazgo bioquímico anormal en el examen prenatal de la madre
O282,Hallazgo citológico anormal en el examen prenatal de la madre
O283,Hallazgo ultrasónico anormal en el examen prenatal de la madre
O284,Hallazgo radiológico anormal en el examen prenatal de la madre
S390,"Traumatismo de tendón y de músculos del abdomen, de la región lumbosacra y de la pelvis"
O460,Hemorragia anteparto con defecto de la coagulación
O468,Otras hemorragias anteparto
O469,"Hemorragia anteparto, no especificada"
O450,Desprendimiento prematuro de la placenta con defecto de la coagulación
O458,Otros desprendimientos prematuros de la placenta
O459,"Desprendimiento prematuro de la placenta, sin otra especificación"
O440,Placenta previa con especificación de que no hubo hemorragia
O441,Placenta previa con hemorragia
D448,Tumor de comportamiento incierto o desconocido con afectación pluriglandular
D449,Tumor de comportamiento incierto o desconocido de glándula endocrina no especificada
I48,Fibrilación y aleteo auricular
I49,Otras arritmias cardíacas
I50,Insuficiencia cardíaca
I51,Complicaciones y descripciones mal definidas de enfermedad cardíaca
I52,Otros trastornos cardíacos en enfermedades clasificadas en otra parte
D330,"Tumor benigno del encéfalo, supratentorial"
D331,"Tumor benigno del encéfalo, infratentorial"
D332,"Tumor benigno del encéfalo, parte no especificada"
D333,Tumor benigno de los nervios craneales
D334,Tumor benigno de la médula espinal
D337,Tumor benigno de otras partes especificadas del sistema nervioso central
D339,"Tumor benigno del sistema nervioso central, sitio no especificado"
D320,Tumor benigno de las meninges cerebrales
D321,Tumor benigno de las meninges raquídeas
D329,"Tumor benigno de las meninges, parte no especificada"
D310,Tumor benigno de la conjuntiva
D311,Tumor benigno de la córnea
D312,Tumor benigno de la retina
D313,Tumor benigno de la coroides
D314,Tumor benigno del cuerpo ciliar
D315,Tumor benigno de las glándulas y de los conductos lagrimales
D316,"Tumor benigno de la órbita, parte no especificada"
D319,"Tumor benigno del ojo, parte no especificada"
D300,Tumor benigno del riñón
D301,Tumor benigno de la pelvis renal
D302,Tumor benigno del uréter
D303,Tumor benigno de la vejiga
D304,Tumor benigno de la uretra
D307,Tumor benigno de otros órganos urinarios
D309,Tumor benigno de órgano urinario no especificado
D290,Tumor benigno del pene
D291,Tumor benigno de la próstata
D292,Tumor benigno de los testículos
D293,Tumor benigno del epidídimo
D294,Tumor benigno del escroto
D297,Tumor benigno de otros órganos genitales masculinos
D299,"Tumor benigno de órgano genital masculino, sitio no especificado"
D280,Tumor benigno de la vulva
D281,Tumor benigno de la vagina
D282,Tumor benigno de la trompa de Falopio y de los ligamentos uterinos
D287,Tumor benigno de otros sitios especificados de los órganos genitales femeninos
D289,"Tumor benigno de órgano genital femenino, sitio no especificado"
R090,Asfixia
R091,Pleuresía
R092,Paro respiratorio
R093,Esputo anormal
R098,Otros síntomas y signos especificados que involucran los sistemas circulatorio y respiratorio
R070,Dolor de garganta
R071,Dolor en el pecho al respirar
R072,Dolor precordial
R073,Otros dolores en el pecho
R074,"Dolor en el pecho, no especificado"
R060,Disnea
R061,Estridor
R062,Silbido
R063,Respiración periódica
R064,Hiperventilación
R065,Respiración con la boca
R066,Hipo
R067,Estornudo
R068,Otras anormalidades de la respiración y las no especificadas
Q180,"Seno, fístula o quiste de la hendidura branquial"
Q181,Seno y quiste preauricular
Q182,Otras malformaciones de las hendiduras branquiales
Q183,Pterigión del cuello
Q184,Macrostomía
Q185,Microstomía
Q186,Macroqueilia
Q187,Microqueilia
Q188,Otras malformaciones congénitas especificadas de cara y cuello
Q189,"Malformación congénita de la cara y del cuello, no especificada"
E890,Hipotiroidismo consecutivo a procedimientos
E891,Hipoinsulinemia consecutiva a procedimientos
E892,Hipoparatiroidismo consecutivo a procedimientos
E893,Hipopituitarismo consecutivo a procedimientos
E894,Insuficiencia ovárica consecutiva a procedimientos
E895,Hipofunción testicular consecutiva a procedimientos
E896,Hipofunción adrenocortical [médula suprarrenal] consecutiva a procedimientos
E898,Otros trastornos metabólicos y endocrinos consecutivos a procedimientos
E880,"Trastornos del metabolismo de las proteínas plasmáticas, no clasificados en otra parte"
E881,"Lipodistrofia, no clasificada en otra parte"
E882,"Lipomatosis, no clasificada en otra parte"
E888,Otros trastornos especificados del metabolismo
E889,"Trastorno metabólico, no especificado"
E870,Hiperosmolaridad e hipernatremia
E871,Hiposmolaridad e hiponatremia
E872,Acidosis
E873,Alcalosis:
E874,Trastornos mixtos del balance ácido-básico
E875,Hiperpotasemia
E876,Hipopotasmia
E877,Sobrecarga de líquidos
E850,Amiloidosis heredofamiliar no neuropática
E851,Amiloidosis heredofamiliar neuropática
E852,Amiloidosis heredofamiliar no especificada
E853,Amiloidosis sistémica secundaria
E854,Amiloidosis limitada a un órgano
E858,Otras amiloidosis
E859,"Amiloidosis, no especificada"
E840,Fibrosis quística con manifestaciones pulmonares
E841,Fibrosis quística con manifestaciones intestinales
E848,Fibrosis quística con otras manifestaciones
E849,"Fibrosis quística, sin otra especificación"
O470,Falso trabajo de parto antes de las 37 semanas completas de gestación
O471,Falso trabajo de parto a las 37 y más semanas completas de gestación
O479,"Falso trabajo de parto, sin otra especificación"
A490,"Infección estafilocócica, de sitio no especificado"
A491,"Infección estreptocócica, de sitio no especificado"
A492,"Infección por Haemophilus influenzae, de sitio no especificado"
A493,"Infección por micoplasma, de sitio no especificado"
A498,"Otras infecciones bacterianas, de sitio no especificado"
A499,"Infección bacteriana, no especificada"
A480,Gangrena gaseosa
A440,Bartonelosis sistémica
A441,Bartonelosis cutánea y mucocutánea
A448,Otras formas de bartonelosis
A449,"Bartonelosis, no especificada"
N390,"Infección de vías urinarias, sitio no especificado"
N391,"Proteinuria persistente, no especificada"
N392,"Proteinuria ortostática, no especificada"
N393,Incontinencia urinaria por tensión
N394,Otras incontinencias urinarias especificadas
N370,Uretritis en enfermedades clasificadas en otra parte
N378,Otros trastornos uretrales en enfermedades clasificadas en otra parte
N361,Divertículo de la uretra
N362,Carúncula uretral
N363,Prolapso de la mucosa uretral
N368,Otros trastornos especificados de la uretra
N369,"Trastorno de la uretra, no especificado"
N350,Estrechez uretral postraumática
N351,"Estrechez uretral postinfección, no clasificada en otra parte"
N358,Otras estrecheces uretrales
N359,"Estrechez uretral, no especificada"
N340,Absceso uretral
N341,Uretritis no específica
N342,Otras uretritis
N343,"Síndrome uretral, no especificado"
N510,Trastornos de próstata en enfermedades clasificadas en otra parte
N511,Trastornos del testículo y del epidídimo en enfermedades clasificadas en otra parte
N512,Balanitis en enfermedades clasificadas en otra parte
N518,Otros trastornos de los órganos genitales masculinos en enfermedades clasificadas en otra parte
N500,Atrofia del testículo
N501,Trastornos vasculares de los órganos genitales masculinos
N508,Otros trastornos especificados de los órganos genitales masculinos
N509,Trastorno no especificado de los órganos genitales masculinos
N490,Trastornos inflamatorios de vesícula seminal
N491,"Trastornos inflamatorios del cordón espermático, túnica vaginal y conducto deferente"
N492,Trastornos inflamatorios del escroto
N498,Otros trastornos inflamatorios de los órganos genitales masculinos
N499,"Trastorno inflamatorio de órgano genital masculino, no especificado"
N480,Leucoplasia del pene
N481,Balanopostitis
N482,Otros trastornos inflamatorios del pene
N483,Priapismo
N484,Impotencia de origen orgánico
N485,Úlcera del pene
N486,Induración plástica del pene
N640,Fisura y fístula del pezón
N641,Necrosis grasa de la mama
N642,Atrofia de la mama
N643,Galactorrea no asociada con el parto
N644,Mastodinia
N645,Otros signos y síntomas relativos a la mama
N648,Otros trastornos especificados de la mama
N649,"Trastorno de la mama, no especificado"
N770,Ulceración de la vulva en enfermedades infecciosas y parasitarias clasificadas en otra parte
N771,"Vaginitis, vulvitis y vulvovaginitis en enfermedades infecciosas y parasitarias clasificadas en otra parte"
N778,Ulceración e inflamación vulvovaginal en otras enfermedades clasificadas en otra parte
N760,Vaginitis aguda
N761,Vaginitis subaguda y crónica
N762,Vulvitis aguda
N763,Vulvitis subaguda y crónica
N764,Absceso vulvar
N765,Ulceración de la vagina
N766,Ulceración de la vulva
N750,Quiste de la glándula de Bartholin
N751,Absceso de la glándula de Bartholin
N758,Otras enfermedades de la glándula de Bartholin
N759,"Enfermedad de la glándula de Bartholin, no especificada"
N910,Amenorrea primaria
N911,Amenorrea secundaria
N912,"Amenorrea, sin otra especificación"
N913,Oligomenorrea primaria
N914,Oligomenorrea secundaria
N915,"Oligomenorrea, no especificada"
N900,Displasia vulvar leve
N901,Displasia vulvar moderada
N902,"Displasia vulvar severa, no clasificada en otra parte"
N903,"Displasia de la vulva, no especificada"
N904,Leucoplasia de la vulva
N905,Atrofia de la vulva
N906,Hipertrofia de la vulva
N907,Quiste de la vulva
N890,Displasia vaginal leve
N891,Displasia vaginal moderada
N892,"Displasia vaginal severa, no clasificada en otra parte"
N893,"Displasia de la vagina, no especificada"
N894,Leucoplasia de la vagina
N895,Estrechez y atresia de la vagina
N896,Anillo de himen estrecho
N880,Leucoplasia del cuello del útero
N881,Laceración antigua del cuello del útero
N882,Estrechez y estenosis del cuello del útero
N883,Incompetencia del cuello del útero
N884,Elongación hipertrófica del cuello del útero
N888,Otros trastornos no inflamatorios especificados del cuello del útero
N889,"Trastorno no inflamatorio del cuello del útero, no especificado"
N870,Displasia cervical leve
N871,Displasia cervical moderada
N872,"Displasia cervical severa, no clasificada en otra parte"
N879,"Displasia del cuello del útero, no especificada"
N850,Hiperplasia de glándula del endometrio:
N851,Hiperplasia adenomatosa del endometrio
N852,Hipertrofia del útero
N853,Subinvolución del útero
N854,Mala posición del útero
N855,Inversión del útero
N856,Sinequias intrauterinas
N857,Hematómetra
N858,Otros trastornos no inflamatorios especificados del útero
N859,"Trastorno no inflamatorio del útero, no especificado"
N840,Pólipo del cuerpo del útero
N841,Pólipo del cuello del útero
N842,Pólipo de la vagina
N843,Pólipo de la vulva
N848,Pólipos de otras partes del tracto genital femenino
N849,"Pólipo del tracto genital femenino, no especificado"
K140,Glositis
K141,Lengua geográfica
K142,Glositis romboidea mediana
K143,Hipertrofia de las papilas linguales
K144,Atrofia de las papilas linguales
K145,Lengua plegada
K146,Glosodinia
K148,Otras enfermedades de la lengua
K149,"Enfermedad de la lengua, no especificada"
B080,Otras infecciones debidas a ortopoxvirus
B081,Molusco contagioso
B082,Exantema súbito [sexta enfermedad]
B083,Eritema infeccioso [quinta enfermedad]
B084,Estomatitis vesicular enteroviral con exantema
B085,Faringitis vesicular enterovírica
B088,"Otras infecciones virales especificadas, caracterizadas por lesiones de la piel y de las membranas mucosas"
B060,Rubéola con complicaciones neurológicas
B068,Rubéola con otras complicaciones
B069,Rubéola sin complicaciones
B050,Sarampión complicado con encefalitis (G05.1)
B051,Sarampión complicado con meningitis (G02.0)
B052,Sarampión complicado con neumonía (J17.1)
B053,Sarampión complicado con otitis media (H67.1)
B054,Sarampión con complicaciones intestinales
B058,Sarampión con otras complicaciones
B059,Sarampión sin complicaciones
S697,Traumatismos múltiples de la muñeca y de la mano
S698,Otros traumatismos especificados de la muñeca y de la mano
S699,Traumatismo no especificado de la muñeca y de la mano
B340,"Infección debida a adenovirus, de sitio no especificado"
B341,"Infección debida a enterovirus, de sitio no especificado"
B342,"Infección debida a Coronavirus, de sitio no especificado"
B343,"Infección debida a Parvovirus, de sitio no especificado"
B344,"Infección debida a Papovavirus, de sitio no especificado"
B348,"Otras infecciones virales, de sitio no especificado"
B349,"Infección viral, no especificada"
B330,Mialgia epidémica
B331,Enfermedad del río Ross
B332,Carditis viral
B333,"Infecciones debidas a retrovirus, no clasificadas en otra parte"
B334,Síndrome (cardio)-pulmonar por hantavirus [SPH] [SCPH] (J17.1)
B338,Otras enfermedades virales especificadas
B300,Queratoconjuntivitis debida a adenovirus (H19.2)
B301,Conjuntivitis debida a adenovirus (H13.1)
B302,Faringoconjuntivitis viral
B303,Conjuntivitis epidémica aguda hemorrágica (enterovírica) (H13.1)
B308,Otras conjuntivitis virales (H13.1)
B309,"Conjuntivitis viral, sin otra especificación"
B270,Mononucleosis debida a herpes virus gamma
B271,Mononucleosis por citomegalovirus
B278,Otras mononucleosis infecciosas
B279,"Mononucleosis infecciosa, no especificada"
B260,Orquitis por parotiditis (N51.1)
B261,Meningitis por parotiditis (G02.0)
B262,Encefalitis por parotiditis (G05.1)
B263,Pancreatitis por parotiditis (K87.1)
B268,Parotiditis infecciosa con otras complicaciones
B269,"Parotiditis, sin complicaciones"
B250,Neumonitis debida a virus citomegálico (J17.1)
B251,Hepatitis debida a virus citomegálico ((K77.0)
B252,Pancreatitis debida a virus citomegálico (K87.1)
B440,Aspergilosis pulmonar invasiva
B441,Otras aspergilosis pulmonares
B442,Aspergilosis amigdalina
B430,Cromomicosis cutánea
B431,Absceso cerebral feomicótico
B432,Absceso y quiste subcutáneo feomicótico
D219,"Tumor benigno del tejido conjuntivo y otros tejidos blandos, de sitio no especificado"
B420,Esporotricosis pulmonar (J99.8)
B421,Esporotricosis linfocutánea
B427,Esporotricosis diseminada
B428,Otras formas de esporotricosis
B429,"Esporotricosis, no especificada"
B410,Paracoccidioidomicosis pulmonar
B417,Paracoccidioidomicosis diseminada
B418,Otras formas de paracoccidioidomicosis
B419,"Paracoccidioidomicosis, no especificada"
B400,Blastomicosis pulmonar aguda
B401,Blastomicosis pulmonar crónica
B402,"Blastomicosis pulmonar, sin otra especificación"
B403,Blastomicosis cutánea
B407,Blastomicosis diseminada
R002,Palpitaciones
R008,Otras anormalidades del latido cardíaco y las no especificadas
R196,Halitosis
R198,Otros síntomas y signos especificados que involucran el sistema digestivo y el abdomen
B390,Infección pulmonar aguda debida a Histoplasma capsulatum
B391,Infección pulmonar crónica debida a Histoplasma capsulatum
B392,"Infección pulmonar debida a Histoplasma capsulatum, sin otra especificación"
B393,Infección diseminada debida a Histoplasma capsulatum
B380,Coccidioidomicosis pulmonar aguda
B381,Coccidioidomicosis pulmonar crónica
B382,"Coccidioidomicosis pulmonar, sin otra especificación"
B383,Coccidioidomicosis cutánea
B384,Meningitis debida a coccidioidomicosis (G02.1)
B370,Estomatitis candidiásica
B371,Candidiasis pulmonar
B372,Candidiasis de la piel y las uñas
B373,Candidiasis de la vulva y de la vagina (N77.1)
B374,Candidiasis de otras localizaciones urogenitales
B375,Meningitis debida a candida (G02.1)
B376,Endocarditis debida a candida (I39.8)
R467,Verbosidad y detalles circunstanciales que oscurecen la razón de la consulta o el contacto
R468,Otros síntomas y signos que involucran la apariencia y el comportamiento
B580,Oculopatía debida a toxoplasma
B581,Hepatitis debida a toxoplasma (K77.0)
B582,Meningoencefalitis debida a toxoplasma (G05.2)
B583,Toxoplasmosis pulmonar (J17.3)
B588,Toxoplasmosis con otro órgano afectado
B570,"Enfermedad de Chagas aguda que afecta al corazón (I41.2, I98.1)"
B571,Enfermedad de Chagas aguda que no afecta al corazón
B572,Enfermedad de Chagas (crónica) que afecta al corazón
B573,Enfermedad de Chagas (crónica) que afecta al sistema digestivo
B574,Enfermedad de Chagas (crónica) que afecta al sistema nervioso
B575,Enfermedad de Chagas (crónica) que afecta otros órganos
B560,Tripanosomiasis gambiense
B561,Tripanosomiasis rhodesiense
B569,"Tripanosomiasis africana, sin otra especificación"
B550,Leishmaniasis visceral
B551,Leishmaniasis cutánea
B552,Leishmaniasis mucocutánea
B559,"Leishmaniasis, no especificada"
B770,Ascariasis con complicaciones intestinales
B778,Ascariasis con otras complicaciones
B779,"Ascariasis, no especificada"
B760,Anquilostomiasis
B761,Necatoriasis
B768,Otras enfermedades debidas a anquilostomas
B769,"Enfermedad debida a anquilostomas, no especificada"
B740,Filariasis debida a Wuchereria bancrofti
B741,Filariasis debida a Brugia malayi
B742,Filariasis debida a Brugia timori
B743,Loaiasis
B744,Mansoneliasis
B748,Otras filariasis
B749,"Filariasis, no especificada"
B710,Himenolepiasis
B711,Dipilidiasis
B718,Otras infecciones debidas a cestodos especificadas
B719,"Infección debida a cestodos, no especificada"
B700,Difilobotriasis intestinal
B701,Esparganosis
B690,Cisticercosis del sistema nervioso central
B691,Cisticercosis del ojo
B698,Cisticercosis de otros sitios
B699,"Cisticercosis, no especificada"
L700,Acné vulgar
L701,Acné conglobado
L702,Acné varioliforme
L703,Acné tropical
L704,Acné infantil
L705,Acné excoriado de la mujer joven
L708,Otros acnés
L709,"Acné, no especificado"
R441,Alucinaciones visuales
R442,Otras alucinaciones
R443,"Alucinaciones, no especificadas"
R448,Otros síntomas y signos que involucran las sensaciones y percepciones generales y los no especificados
E615,Deficiencia de molibdeno
E616,Deficiencia de vanadio
E617,Deficiencia de múltiples elementos nutricionales
E618,Deficiencia de otros elementos nutricionales especificados
E619,"Deficiencia de otro elemento nutricional, no especificado"
P251,Neumotórax originado en el período perinatal
P252,Neumomediastino originado en el período perinatal
P253,Neumopericardio originado en el período perinatal
P258,"Otras afecciones relacionadas con el enfisema intersticial, originadas en el período perinatal"
P241,Aspiración neonatal de líquido amniótico y de moco
P242,Aspiración neonatal de sangre
P243,Aspiración neonatal de leche y alimento regurgitado
P248,Otros síndromes de aspiración neonatal
P249,"Síndrome de aspiración neonatal, sin otra especificación"
P231,Neumonía congénita debida a Chlamydia
P232,Neumonía congénita debida a estafilococos
P233,Neumonía congénita debida a estreptococos del grupo B
P234,Neumonía congénita debida a Escherichia coli
P235,Neumonía congénita debida a Pseudomonas
P236,Neumonía congénita debida a otros agentes bacterianos
P238,Neumonía congénita debida a otros organismos
P239,"Neumonía congénita, organismo no especificado"
P611,Policitemia neonatal
P612,Anemia de la prematuridad
P613,Anemia congénita debida a pérdida de sangre fetal
P614,"Otras anemias congénitas, no clasificadas en otra parte"
P615,Neutropenia neonatal transitoria
P616,Otros trastornos neonatales transitorios de la coagulación
P618,Otros trastornos hematológicos perinatales especificados
P619,"Trastorno hematólogico perinatal, no especificado"
P591,Síndrome de la bilis espesa
P592,Ictericia neonatal debida a otra lesión hepática especificada o no
P593,Ictericia neonatal por inhibidor de la leche materna
P598,Ictericia neonatal por otras causas especificadas
P599,"Ictericia neonatal, no especificada"
P581,Ictericia neonatal debida a hemorragia
P582,Ictericia neonatal debida a infección
P583,Ictericia neonatal debida a policitemia
P584,Ictericia neonatal debida a drogas o toxinas transmitidas por la madre o administradas al recién nacido
P585,Ictericia neonatal debida a deglución de sangre materna
P588,Ictericia neonatal debida a otras hemólisis excesivas especificadas
P589,"Ictericia neonatal debida a hemólisis excesiva, sin otra especificación"
P551,Incompatibilidad ABO del feto y del recién nacido
P558,Otras enfermedades hemolíticas del feto y del recién nacido
P559,"Enfermedad hemolítica del feto y del recién nacido, no especificada"
P541,Melena neonatal
P542,Hemorragia rectal neonatal
P543,Otras hemorragias gastrointestinales neonatales
P544,Hemorragia suprarrenal neonatal
P545,Hemorragia cutánea neonatal
P546,Hemorragia vaginal neonatal
P548,Otras hemorragias fetales y neonatales especificadas
P549,"Hemorragia neonatal, no especificada"
O084,"Insuficiencia renal consecutiva al aborto, al embarazo ectópico y al embarazo molar"
O085,"Trastorno metabólico consecutivo al aborto, al embarazo ectópico y al embarazo molar"
O086,"Lesión de órganos o tejidos de la pelvis consecutivo al aborto, al embarazo ectópico y al embarazo molar"
O087,"Otras complicaciones venosas consecutivas al aborto, al embarazo ectópico y al embarazo molar"
O088,"Otras complicaciones consecutivas al aborto, al embarazo ectópico y al embarazo molar"
O089,"Complicación no especificada consecutiva al aborto, al embarazo ectópico y al embarazo molar"
O071,"Falla de la inducción médica del aborto, complicado por hemorragia excesiva o tardía"
O072,"Falla de la inducción médica del aborto, complicado por embolia"
O073,"Falla de la inducción médica del aborto, con otras complicaciones y las no especificadas"
O074,"Falla de la inducción médica del aborto, sin complicación"
O075,"Otros intentos fallidos de aborto y los no especificados, complicados por infección genital y pelviana"
O076,"Otros intentos fallidos de aborto y los no especificados, complicados por hemorragia excesiva o tardía"
O077,"Otros intentos fallidos de aborto y los no especificados, complicados por embolia"
O078,"Otros intentos fallidos de aborto y los no especificados, con otras complicaciones y las no especificadas"
O079,"Otros intentos fallidos de aborto y los no especificados, sin complicación"
O152,Eclampsia en el puerperio
O159,"Eclampsia, en período no especificado"
O291,Complicaciones cardíacas de la anestesia administrada durante el embarazo
O292,Complicaciones del sistema nervioso central debidas a la anestesia administrada durante el embarazo
O293,Reacción tóxica a la anestesia local administrada durante el embarazo
O294,Cefalalgia inducida por la anestesia espinal o epidural administradas durante el embarazo
O295,Otras complicaciones de la anestesia espinal o epidural administradas durante el embarazo
O296,Falla o dificultad en la intubación durante el embarazo
O298,Otras complicaciones de la anestesia administrada durante el embarazo
O299,Complicación no especificada de la anestesia administrada durante el embarazo
O285,Hallazgo cromosómico o genético anormal en el examen prenatal de la madre
O288,Otros hallazgos anormales en el examen prenatal de la madre
O289,Hallazgo anormal no especificado en el examen prenatal de la madre
S396,Traumatismo de órgano(s) intraabdominal(es) con órgano(s) pélvico(s)
S397,"Otros traumatismos múltiples del abdomen, de la región lumbosacra y de la pelvis"
S398,"Otros traumatismos especificados del abdomen, de la región lumbosacra y de la pelvis"
S399,"Traumatismo no especificado del abdomen, de la región lumbosacra y de la pelvis"
D360,Tumor benigno de los ganglios linfáticos
D361,Tumor benigno de los nervios periféricos y del sistema nervioso autónomo
D367,Tumor benigno de otros sitios especificados
D369,Tumor benigno de sitio no especificado
D350,Tumor benigno de la glándula suprarrenal
D351,Tumor benigno de la glándula paratiroides
D352,Tumor benigno de la hipófisis
D353,Tumor benigno del conducto craneofaríngeo
D354,Tumor benigno de la glándula pineal
D355,Tumor benigno del cuerpo carotídeo
D356,Tumor benigno del cuerpo aórtico y de otros cuerpos cromafines
D357,Tumor benigno de otras glándulas endocrinas especificadas
D358,Tumor benigno pluriglandular
D359,Tumor benigno de glándula endocrina no especificada
N980,Infección asociada con inseminación artificial
N981,Hiperestimulación de ovarios
N982,Complicaciones en el intento de introducción del huevo fecundado en la fertilización in vitro
N983,Complicaciones en el intento de introducción del embrión en la transferencia de embriones
N970,Infertilidad femenina asociada con falta de ovulación
N971,Infertilidad femenina de origen tubárico
N972,Infertilidad femenina de origen uterino
N973,Infertilidad femenina de origen cervical
N974,Infertilidad femenina asociada con factores masculinos
N978,Infertilidad femenina de otro origen
N979,"Infertilidad femenina, no especificada"
N950,Hemorragia postmenopáusica
N951,Estados menopáusicos y climatéricos femeninos
N952,Vaginitis atrófica postmenopáusica
N953,Estados asociados con menopausia artificial
N958,Otros trastornos menopáusicos y perimenopáusicos especificados
N940,Dolor intermenstrual
N941,Dispareunia
N942,Vaginismo
N943,Síndrome de tensión premenstrual
N944,Dismenorrea primaria
N945,Dismenorrea secundaria
N946,"Dismenorrea, no especificada"
N948,Otras afecciones especificadas asociadas con los órganos genitales femeninos y el ciclo menstrual
N949,Afecciones no especificadas asociadas con los órganos genitales femeninos y el ciclo menstrual
N930,Hemorragia postcoito y postcontacto
N938,Otras hemorragias uterinas o vaginales anormales especificadas
N939,"Hemorragia vaginal y uterina anormal, no especificada"
N920,Menstruación excesiva y frecuente con ciclo regular
N921,Menstruación excesiva y frecuente con ciclo irregular
N922,Menstruación excesiva en la pubertad
N923,Hemorragia por ovulación
N924,Hemorragia excesiva en período premenopáusico
N925,Otras menstruaciones irregulares especificadas
N926,"Menstruación irregular, no especificada"
B480,Lobomicosis
B481,Rinosporidiosis
B482,Alesqueriasis
B483,Geotricosis
B484,Penicilosis
B487,Micosis oportunistas
B488,Otras micosis especificadas
B470,Eumicetoma
B471,Actinomicetoma
B479,"Micetoma, no especificado"
B460,Mucormicosis pulmonar
B461,Mucormicosis rinocerebral
B462,Mucormicosis gastrointestinal
B463,Mucormicosis cutánea
B464,Mucormicosis diseminada
B450,Criptococosis pulmonar
B451,Criptococosis cerebral
B452,Criptococosis cutánea
B453,Criptococosis ósea
B457,Criptococosis diseminada
B458,Otras formas de criptococosis
B459,"Criptococosis, no especificada"
B600,Babesiosis
B601,Acantamebiasis
B602,Naegleriasis
B608,Otras enfermedades especificadas debidas a protozarios
B830,Larva migrans visceral
B831,Gnatostomiasis
B832,Angioestrongiliasis debida a Parastrongylus cantonensis
B833,Singamiasis
B834,Hirudiniasis interna
B838,Otras helmintiasis especificadas
B820,"Helmintiasis intestinal, sin otra especificación"
B829,"Parasitosis intestinal, sin otra especificación"
B810,Anisaquiasis
B811,Capilariasis intestinal
B812,Tricoestrongiliasis
B813,Angioestrongiliasis intestinal
B814,Helmintiasis intestinal mixta
B818,Otras helmintiasis intestinales especificadas
B780,Estrongiloidiasis intestinal
B781,Estrongiloidiasis cutánea
B787,Estrongiloidiasis diseminada
B789,"Estrongiloidiasis, no especificada"
L750,Bromhidrosis
L751,Cromhidrosis
L752,Miliaria apocrina
L758,Otros trastornos sudoríparos apocrinos
L759,"Trastorno sudoríparo apocrino, no especificado"
L740,Miliaria rubra
L741,Miliaria cristalina
L742,Miliaria profunda
L743,"Miliaria, no especificada"
L744,Anhidrosis
L748,Otros trastornos sudoríparos ecrinos
L749,"Trastorno sudoríparo ecrino, no especificado"
L730,Acné queloide
L731,Seudofoliculitis de la barba
L732,Hidradenitis supurativa
L738,Otros trastornos foliculares especificados
L739,"Trastorno folicular, no especificado"
L720,Quiste epidérmico
L721,Quiste tricodérmico
L722,Esteatocistoma múltiple
L728,Otros quistes foliculares de la piel y del tejido subcutáneo
L729,"Quiste folicular de la piel y del tejido subcutáneo, sin otra especificación"
E899,"Trastorno endocrino y metabólico consecutivo a procedimientos, no especificado"
L710,Dermatitis peribucal
L711,Rinofima
L718,Otras rosáceas
L719,"Rosácea, no especificada"
E878,"Otros trastornos del equilibrio de los electrólitos y de los líquidos, no clasificados en otra parte"
L990,Amiloidosis de la piel (E85.–)
L998,Otros trastornos de la piel y del tejido subcutáneo en enfermedades clasificadas en otra parte
A481,Enfermedad de los legionarios
A482,Enfermedad de los legionarios no neumónica [fiebre de Pontiac]
A483,Síndrome del choque tóxico
A484,Fiebre purpúrica brasileña
A488,Otras enfermedades bacterianas especificadas
L980,Granuloma piógeno
L981,Dermatitis facticia
L982,Dermatosis neutrófila febril [Sweet]
L983,Celulitis eosinófila [Wells]
L984,"Úlcera crónica de la piel, no clasificada en otra parte"
L985,Mucinosis de la piel
L986,Otros trastornos infiltrativos de la piel y del tejido subcutáneo
L988,Otros trastornos especificados de la piel y del tejido subcutáneo
L989,"Trastorno de la piel y del tejido subcutáneo, no especificado"
N398,Otros trastornos especificados del sistema urinario
N399,"Trastorno del sistema urinario, no especificado"
L950,Vasculitis livedoide
L951,Eritema elevatum diutinum
L958,Otras vasculitis limitadas a la piel
L959,"Vasculitis limitada a la piel, sin otra especificación"
N488,Otros trastornos especificados del pene
N489,"Trastorno del pene, no especificado"
L940,Escleroderma localizado [morfea]
L941,Escleroderma lineal
L942,Calcinosis de la piel
L943,Esclerodactilia
L944,Pápulas de Gottron
L945,Poiquilodermia vascular atrófica
L946,Ainhum
L930,Lupus eritematoso discoide
L931,Lupus eritematoso cutáneo subagudo
L932,Otros lupus eritematosos localizados
L920,Granuloma anular
L921,"Necrobiosis lipídica, no clasificada en otra parte"
L922,Granuloma facial [granuloma eosinófilo de la piel]
L923,Granuloma por cuerpo extraño en la piel y en el tejido subcutáneo
L928,Otros trastornos granulomatosos de la piel y del tejido subcutáneo
L929,"Trastorno granulomatoso de la piel y del tejido subcutáneo, no especificado"
J700,Manifestaciones pulmonares agudas debidas a radiación
J701,Manifestaciones pulmonares crónicas y otras manifestaciones debidas a radiación
J702,Trastornos pulmonares intersticiales agudos inducidos por drogas
J703,Trastornos pulmonares intersticiales crónicos inducidos por drogas
J704,Trastornos pulmonares intersticiales no especificados inducidos por drogas
J708,Afecciones respiratorias debidas a otros agentes externos especificados
J709,Afecciones respiratorias debidas a agentes externos no especificados
J690,Neumonitis debida a aspiración de alimento o vómito
J691,Neumonitis debida a aspiración de aceites y esencias
J698,Neumonitis debida a aspiración de otros sólidos y líquidos
J680,"Bronquitis y neumonitis debidas a inhalación de gases, humos, vapores y sustancias químicas"
J681,"Edema pulmonar debido a inhalación de gases, humos, vapores y sustancias químicas"
J682,"Inflamación respiratoria superior debida a inhalación de gases, humos, vapores y sustancias químicas, no clasificadas en otra parte"
J683,"Otras afecciones respiratorias agudas y subagudas debidas a inhalación de gases, humos, vapores y sustancias químicas"
J684,"Afecciones respiratorias crónicas debidas a inhalación de gases, humos, vapores y sustancias químicas"
J688,"Otras afecciones respiratorias debidas a inhalación de gases, humos, vapores y sustancias químicas"
J689,"Afección respiratoria no especificada, debida a inhalación de gases, humos, vapores y sustancias químicas"
I470,Arritmia por reentrada ventricular
I471,Taquicardia supraventricular
I472,Taquicardia ventricular
I479,"Taquicardia paroxística, no especificada"
I460,Paro cardíaco con resucitación exitosa
I461,"Muerte cardíaca súbita, así descrita"
I469,"Paro cardíaco, no especificado"
I450,Bloqueo fascicular derecho
I451,Otros tipos de bloqueo de rama derecha del haz y los no especificados
I452,Bloqueo bifascicular
I453,Bloqueo trifascicular
I454,Bloqueo intraventricular no especificado
I455,Otros tipos especificados de bloqueo del corazón
I456,Síndrome de preexcitación
I458,Otros trastornos especificados de la conducción
I459,"Trastorno de la conducción, no especificado"
I440,Bloqueo auriculoventricular de primer grado
I441,Bloqueo auriculoventricular de segundo grado
I442,Bloqueo auriculoventricular completo
I443,Otros tipos de bloqueo auriculoventricular y los no especificados
I444,Bloqueo fascicular anterior izquierdo
I445,Bloqueo fascicular posterior izquierdo
I446,Otros tipos de bloqueo fascicular y los no especificados
I447,"Bloqueo de rama izquierda del haz, sin otra especificación"
I430,Cardiomiopatía en enfermedades infecciosas y parasitarias clasificadas en otra parte
I431,Cardiomiopatía en enfermedades metabólicas
I432,Cardiomiopatía en enfermedades nutricionales
I438,Cardiomiopatía en otras enfermedades clasificadas en otra parte
I420,Cardiomiopatía dilatada
I421,Cardiomiopatía hipertrófica obstructiva
I422,Otras cardiomiopatías hipertróficas
I423,Enfermedad endomiocárdica (eosinofílica)
I424,Fibroelastosis endocárdica Cardiomiopatía congénita
I425,Otras cardiomiopatías restrictivas
I426,Cardiomiopatía alcohólica
I427,Cardiomiopatía debida a drogas y otros agentes externos
I428,Otras cardiomiopatías
I410,Miocarditis en enfermedades bacterianas clasificadas en otra parte
I411,Miocarditis en enfermedades virales clasificadas en otra parte
I412,Miocarditis en otras enfermedades infecciosas y parasitarias clasificadas en otra parte
I418,Miocarditis en otras enfermedades clasificadas en otra parte
I400,Miocarditis infecciosa
I401,Miocarditis aislada
I408,Otras miocarditis agudas
I409,"Miocarditis aguda, no especificada"
I390,Trastornos de la válvula mitral en enfermedades clasificadas en otra parte
I391,Trastornos de la válvula aórtica en enfermedades clasificadas en otra parte
I392,Trastornos de la válvula tricúspide en enfermedades clasificadas en otra parte
I393,Trastornos de la válvula pulmonar en enfermedades clasificadas en otra parte
I394,Trastornos valvulares múltiples en enfermedades clasificadas en otra parte
I398,"Endocarditis, válvula no especificada, en enfermedades clasificadas en otra parte"
N768,Otras inflamaciones especificadas de la vagina y de la vulva
N908,Otros trastornos no inflamatorios especificados de la vulva y del perineo
N909,"Trastorno no inflamatorio de la vulva y del perineo, no especificado"
N897,Hematocolpos
N898,Otros trastornos especificados no inflamatorios de la vagina
N899,"Trastorno no inflamatorio de la vagina, no especificado"
B258,Otras enfermedades debidas a virus citomegálico
B259,"Enfermedad por virus citomegálico, no especificada"
B447,Aspergilosis diseminada
B448,Otras formas de aspergilosis
B449,"Aspergilosis, no especificada"
B438,Otras formas de cromomicosis
B439,"Cromomicosis, no especificada"
B408,Otras formas de blastomicosis
B409,"Blastomicosis, no especificada"
B394,"Histoplasmosis debida a Histoplasma capsulatum, sin otra especificación"
B395,Infección debida a Histoplasma duboisii
B399,"Histoplasmosis, no especificada"
B387,Coccidioidomicosis diseminada
B388,Otras formas de coccidioidomicosis
B389,"Coccidioidomicosis, no especificada"
B377,Septicemia debida a candida
B378,Candidiasis de otros sitios
B379,"Candidiasis, no especificada"
B589,"Toxoplasmosis, no especificada"
I520,Otros trastornos cardíacos en enfermedades bacterianas clasificadas en otra parte
I521,Otros trastornos cardíacos en otras enfermedades infecciosas y parasitarias clasificadas en otra parte
I528,Otros trastornos cardíacos en otras enfermedades clasificadas en otra parte
I510,"Defecto del tabique cardíaco, adquirido"
I511,"Ruptura de cuerda tendinosa, no clasificada en otra parte"
I512,"Ruptura de músculo papilar, no clasificada en otra parte"
I513,"Trombosis intracardíaca, no clasificada en otra parte"
I514,"Miocarditis, no especificada"
I515,Degeneración miocárdica
I516,"Enfermedad cardiovascular, no especificada"
I517,Cardiomegalia
I518,Otras enfermedades cardíacas mal definidas
I519,"Enfermedad cardíaca, no especificada"
I500,Insuficiencia cardíaca congestiva
I501,Insuficiencia ventricular izquierda
I509,"Insuficiencia cardíaca, no especificada"
I490,Fibrilación y aleteo ventricular
I491,Despolarización auricular prematura
I492,Despolarización prematura nodal
I493,Despolarización ventricular prematura
I494,Otros tipos de despolarización prematura y los no especificados
I495,Síndrome del seno enfermo
I498,Otras arritmias cardíacas especificadas
I499,"Arritmia cardíaca, no especificada"
T500,Mineralocorticoides y sus antagonistas
T501,Diuréticos del asa [dintel alto]
T502,"Inhibidores de la anhidrasa del ácido carbónico, benzotiazidas y otros diuréticos"
T503,"Agentes del equilibrio hidrolítico, electrolítico y calórico"
T504,Drogas que afectan el metabolismo del ácido úrico
T505,Depresores del apetito
T506,"Antídotos y agentes quelantes, no clasificados en otra parte"
T507,Analépticos y antagonistas del opio
T508,Agentes diagnósticos
T490,"Drogas locales antimicóticas, antiinfecciosas y antiinflamatorias, no clasificadas en otra parte"
T491,Antipruríticos
T492,Astringentes y detergentes locales
T493,"Emolientes, demulcentes y protectores"
T494,"Queratolíticos, queratoplásticos, drogas y otras preparaciones para el tratamiento del cabello"
T495,Drogas y preparaciones oftalmológicas
T496,Drogas y preparaciones otorrinolaringológicas
T480,Drogas oxitócicas
T481,Relajantes musculoesqueléticos [agentes bloqueadores neuromusculares]
T482,Otros medicamentos y los no especificados de acción principal sobre los músculos
T483,Antitusígenos
T484,Expectorantes
T485,Drogas contra el catarro común
T486,"Antiasmáticos, no clasificados en otra parte"
T487,Otros agentes y los no especificados de acción principal sobre el sistema respiratorio
T470,Antagonistas del receptor H2 de histamina
T471,Otras drogas antiácidas y que inhiben la secreción gástrica
T472,Laxantes estimulantes
T473,Laxantes salinos y osmóticos
T474,Otros laxantes
T475,Digestivos
T476,Drogas antidiarreicas
T477,Eméticos
T478,Otros agentes que afectan principalmente el sistema gastrointestinal
T479,Agentes no especificados que afectan principalmente el sistema gastrointestinal
T460,Glucósidos cardiotónicos y medicamentos de acción similar
T461,Bloqueadores del canal del calcio
T462,"Otras drogas antiarrítmicas, no clasificadas en otra parte"
T463,"Vasodilatadores coronarios, no clasificados en otra parte"
T464,Inhibidores de la enzima convertidora de la angiotensina
T465,"Otras drogas antihipertensivas, no clasificadas en otra parte"
T466,Drogas antilipémicas y antiarterioscleróticas
T467,Vasodilatadores periféricos
T468,"Drogas antivaricosas, inclusive agentes esclerosantes"
T469,Otros agentes y los no especificados que afectan principalmente el sistema cardiovascular
T450,Drogas antialérgicas y antieméticas
T451,Drogas antineoplásicas e inmunosupresoras
T452,"Vitaminas, no clasificadas en otra parte"
T453,"Enzimas, no clasificadas en otra parte"
T454,Hierro y sus compuestos
T455,Anticoagulantes
T456,Drogas que afectan la fibrinólisis
T457,"Antagonistas de anticoagulantes, vitamina K y otros coagulantes"
T458,Otros agentes principalmente sistémicos y hematológicos
T459,"Agentes principalmente sistémicos y hematológicos, no especificados"
T650,Cianuro
T651,Estricnina y sus sales
T652,Tabaco y nicotina
T653,Nitroderivados y aminoderivados del benceno y sus homólogos
T654,Bisulfuro de carbono
T655,Nitroglicerina y otros ácidos y ésteres nítricos
T656,"Pinturas y colorantes, no clasificados en otra parte"
T630,Veneno de serpiente
T631,Veneno de otros reptiles
T632,Veneno de escorpión
T633,Veneno de arañas
T634,Veneno de otros artrópodos
T635,Efecto tóxico del contacto con peces
T636,Efecto tóxico del contacto con otros animales marinos
T638,Efectos tóxicos del contacto con otros animales venenosos
T639,Efecto tóxico del contacto con animal venenoso no especificado
Z540,Convalecencia consecutiva a cirugía
Z541,Convalecencia consecutiva a radioterapia
Z542,Convalecencia consecutiva a quimioterapia
Z543,Convalecencia consecutiva a psicoterapia
Z544,Convalecencia consecutiva a tratamiento de fractura
Z547,Convalecencia consecutiva a tratamiento combinado
Z548,Convalecencia consecutiva a otros tratamientos
Z549,Convalecencia consecutiva a tratamiento no especificado
Z530,Procedimiento no realizado por contraindicación
Z531,"Procedimiento no realizado por decisión del paciente, por razones de creencia o presión de grupo"
Z532,"Procedimiento no realizado por decisión del paciente, por otras razones y las no especificadas"
Z538,Procedimiento no realizado por otras razones
Z539,Procedimiento no realizado por razón no especificada
Z990,Dependencia de aspirador
Z991,Dependencia de respirador
Z992,Dependencia de diálisis renal
Z993,Dependencia de silla de ruedas
Z998,Dependencia de otras máquinas y dispositivos capacitantes
Z999,"Dependencia de máquina y dispositivo capacitante, no especificada"
Z980,Estado de derivación intestinal o anastomosis
Z981,Estado de artrodesis
Z982,Presencia de dispositivo para drenaje de líquido cefalorraquídeo
Z988,Otros estados postquirúrgicos especificados
Z970,Presencia de ojo artificial
Z971,Presencia de miembro artificial (completo) (parcial)
Z972,Presencia de dispositivo protésico dental (completo) (parcial)
Z973,Presencia de anteojos y lentes de contacto
Z974,Presencia de audífono externo
Z975,Presencia de dispositivo anticonceptivo (intrauterino)
Z978,Presencia de otros dispositivos especificados
Z960,Presencia de implante urogenital
Z961,Presencia de lentes intraoculares
Z962,Presencia de implantes óticos y auditivos
Z963,Presencia de laringe artificial
Z964,Presencia de implantes endocrinos
Z965,Presencia de implantes de raíz de diente y de mandíbula
Z966,Presencia de implante ortopédico articular
Z967,Presencia de otros implantes de tendones y huesos
Z950,Presencia de marcapaso cardíaco
Z951,Presencia de derivación aortocoronaria
Z952,Presencia de válvula cardíaca protésica
Z953,Presencia de válvula cardíaca xenogénica
Z954,Presencia de otros reemplazos de válvula cardíaca
Z955,"Presencia de angioplastia, injertos y prótesis coronarias"
Z958,Presencia de otros injertos y prótesis cardiovasculares
Z959,Presencia de injertos e implantes cardiovasculares no especificados
Z940,Trasplante de riñón
Z941,Trasplante de corazón
Z942,Trasplante de pulmón
Z943,Trasplante de corazón y pulmones
Z944,Trasplante de hígado
Z945,Trasplante de piel
Z946,Trasplante de hueso
Z947,Trasplante de córnea
Z948,Otros órganos y tejidos trasplantados
Z949,Órgano o tejido trasplantado no especificado
Z930,Traqueostomía
Z931,Gastrostomía
Z932,Ileostomía
Z933,Colostomía
Z934,Otros orificios artificiales del tubo gastrointestinal
Z935,Cistostomía
Z936,Otros orificios artificiales de las vías urinarias
Z938,Otras aberturas artificiales
Z939,"Abertura artificial, no especificada"
T880,Infección consecutiva a inmunización
T881,"Otras complicaciones consecutivas a inmunización, no clasificadas en otra parte"
T882,Choque debido a la anestesia
T883,Hipertermia maligna debida a la anestesia
T870,Complicaciones de la reinserción (de parte) de extremidad superior
T871,Complicaciones de la reinserción (de parte) de extremidad inferior
T872,Complicaciones de otras partes del cuerpo reinsertadas
T873,Neuroma de muñón de amputación
T874,Infección de muñón de amputación
T875,Necrosis de muñón de amputación
T876,Otras complicaciones y las no especificadas de muñón de amputación
T860,Rechazo de trasplante de médula ósea
T861,Falla y rechazo de trasplante de riñón
T862,Falla y rechazo de trasplante de corazón
T863,Falla y rechazo de trasplante de pulmón-corazón
T864,Falla y rechazo de trasplante de hígado
T868,Falla y rechazo de otros órganos y tejidos trasplantados
T869,Falla y rechazo de trasplante de órgano y tejido no especificado
T850,Complicación mecánica de derivación (anastomótica) ventricular intracraneal
T851,Complicación mecánica de implante de estimulador electrónico del sistema nervioso
T852,Complicación mecánica de lentes intraoculares
T853,"Complicación mecánica de otros dispositivos protésicos, implantes e injertos oculares"
T854,Complicación mecánica de prótesis e implante de mama
T855,"Complicación mecánica de dispositivo protésico, implante e injerto gastrointestinal"
T856,"Complicación mecánica de otros dispositivos protésicos, implantes e injertos internos especificados"
T857,"Infección y reacción inflamatoria debidas a otros dispositivos protésicos, implantes e injertos internos"
T858,"Otras complicaciones de dispositivos protésicos, implantes e injertos internos, no clasificadas en otra parte"
T859,"Complicación no especificada de dispositivo protésico, implante e injerto interno"
T980,Secuelas de efectos de cuerpos extraños que penetran en orificios naturales
T981,Secuelas de otros efectos y los no especificados de causas externas
T982,Secuelas de ciertas complicaciones precoces de los traumatismos
T983,"Secuelas de complicaciones de la atención médica y quirúrgica, no clasificadas en otra parte"
N988,Otras complicaciones asociadas con la fecundación artificial
N989,Complicación no especificada asociada con la fecundación artificial
N959,"Trastorno menopáusico y perimenopáusico, no especificado"
T950,"Secuelas de quemadura, corrosión y congelamiento de la cabeza y del cuello"
T951,"Secuelas de quemadura, corrosión y congelamiento del tronco"
T952,"Secuelas de quemadura, corrosión y congelamiento de miembro superior"
T953,"Secuelas de quemadura, corrosión y congelamiento de miembro inferior"
T954,Secuelas de quemadura y corrosión clasificables sólo de acuerdo con la extensión de la superficie del cuerpo afectada
T958,"Secuelas de otras quemaduras, corrosiones y congelamientos especificados"
T959,"Secuelas de quemadura, corrosión y congelamiento no especificados"
T940,Secuelas de traumatismos que afectan múltiples regiones del cuerpo
T941,Secuelas de traumatismos de regiones no especificadas del cuerpo
B465,"Mucormicosis, sin otra especificación"
B468,Otras cigomicosis
B469,"Cigomicosis, no especificada"
L680,Hirsutismo
L681,Hipertricosis lanuginosa adquirida
L682,Hipertricosis localizada
L683,Politriquia
L688,Otras hipertricosis
L689,"Hipertricosis, no especificada"
B839,"Helmintiasis, no especificada"
L670,Tricorrexis nudosa
L671,Variación del color del pelo
L678,Otras anormalidades del tallo y del color del pelo
L679,Anormalidad no especificada del tallo y del color del pelo
L660,Seudopelada
L661,Liquen plano pilaris
L662,Foliculitis decalvante
L663,Perifoliculitis capitis abscedens
L650,Pérdida capilar telógena
L651,Pérdida capilar anágena
L652,Alopecia mucinosa
L658,Otras pérdidas especificadas no cicatriciales del pelo
L659,"Pérdida no cicatricial del pelo, sin otra especificación"
L640,"Alopecia andrógena, inducida por drogas"
L648,Otras alopecias andrógenas
L649,"Alopecia andrógena, no especificada"
L910,Cicatriz queloide
L918,Otros trastornos hipertróficos de la piel
L919,"Trastorno hipertrófico de la piel, no especificado"
L900,Liquen escleroso y atrófico
L901,Anetodermia de Schweninger–Buzzi
L902,Anetodermia de Jadassohn–Pellizzari
L903,Atrofoderma de Pasini y Pierini
L904,Acrodermatitis crónica atrófica
L905,Fibrosis y afecciones cicatriciales de la piel
L906,Estrías atróficas
L908,Otros trastornos atróficos de la piel
L909,"Trastorno atrófico de la piel, no especificado"
L870,Queratosis folicular y parafolicular penetrante del cutis [Kyrle]
L871,Colagenosis perforante reactiva
L872,Elastosis serpiginosa perforante
L878,Otros trastornos de la eliminación transepidérmica
L879,"Trastorno de la eliminación transepidérmica, no especificado"
L850,Ictiosis adquirida
L851,Queratosis [queratodermia] palmar y plantar adquirida
L852,Queratosis punctata (palmar y plantar)
L853,Xerosis del cutis
L858,Otros engrosamientos epidérmicos especificados
L859,"Engrosamiento epidérmico, no especificado"
K770,Trastornos del hígado en enfermedades infecciosas y parasitarias clasificadas en otra parte
K778,Trastornos del hígado en otras enfermedades clasificadas en otra parte
K870,Trastornos de la vesícula biliar y de las vías biliares en enfermedades clasificadas en otra parte
K871,Trastornos del páncreas en enfermedades clasificadas en otra parte
K860,Pancreatitis crónica inducida por el alcohol
K861,Otras pancreatitis crónicas
K862,Quiste del páncreas
K863,Seudoquiste del páncreas
K868,Otras enfermedades especificadas del páncreas
K850,Pancreatitis idiopática aguda
K851,Pancreatitis biliar aguda
K852,Pancreatitis aguda inducida por alcohol
K853,Pancreatitis aguda inducida por drogas
K858,Otras pancreatitis agudas
K859,"Pancreatitis aguda, no especificada"
K830,Colangitis
K831,Obstrucción del conducto biliar
K832,Perforación del conducto biliar
K833,Fístula del conducto biliar
L948,Otros trastornos localizados especificados del tejido conjuntivo
L949,"Trastorno localizado del tejido conjuntivo, no especificado"
I429,"Cardiomiopatía, no especificada"
J450,Asma predominantemente alérgica
J451,Asma no alérgica
J458,Asma mixta
J459,"Asma, no especificada"
J440,Enfermedad pulmonar obstructiva crónica con infección aguda de las vías respiratorias inferiores
J441,"Enfermedad pulmonar obstructiva crónica con exacerbación aguda, no especificada"
J448,Otras enfermedades pulmonares obstructivas crónicas especificadas
J449,"Enfermedad pulmonar obstructiva crónica, no especificada"
J670,Pulmón del granjero
J671,Bagazosis
J672,Pulmón del ornitófilo
J673,Suberosis
J674,Pulmón del manipulador de malta
J660,Bisinosis
J661,Enfermedad de los trabajadores del lino
J662,Canabinosis
J668,Enfermedad de las vías aéreas debida a otros polvos orgánicos específicos
J630,Aluminosis (del pulmón)
J631,Fibrosis (del pulmón) debida a bauxita
J632,Beriliosis
J633,Fibrosis (del pulmón) debida a grafito
J634,Siderosis
J635,Estañosis
J638,Neumoconiosis debida a otros polvos inorgánicos especificados
J620,Neumoconiosis debida a polvo de talco
J628,Neumoconiosis debida a otros polvos que contienen sílice
J990,Enfermedad pulmonar reumatoide (M05.1)
J991,Trastornos respiratorios en otros trastornos difusos del tejido conjuntivo
J998,Trastornos respiratorios en otras enfermedades clasificadas en otra parte
I370,Estenosis de la válvula pulmonar
I371,Insuficiencia de la válvula pulmonar
I372,Estenosis de la válvula pulmonar con insuficiencia
I378,Otros trastornos de la válvula pulmonar
I379,"Trastorno de la válvula pulmonar, no especificado"
I360,Estenosis no reumática (de la válvula) tricúspide
I361,Insuficiencia no reumática (de la válvula) tricúspide
I362,Estenosis con insuficiencia no reumática (de la válvula) tricúspide
I368,Otros trastornos no reumáticos de la válvula tricúspide
I369,"Trastorno no reumático de la válvula tricúspide, no especificado"
I350,Estenosis (de la válvula) aórtica
I351,Insuficiencia (de la válvula) aórtica
I352,Estenosis (de la válvula) aórtica con insuficiencia
I358,Otros trastornos de la válvula aórtica
I340,Insuficiencia (de la válvula) mitral
I341,Prolapso (de la válvula) mitral
I342,"Estenosis (de la válvula) mitral, no reumática"
I348,Otros trastornos no reumáticos de la válvula mitral
I349,"Trastorno mitral no reumático, no especificado"
I330,Endocarditis infecciosa aguda y subaguda
I339,"Endocarditis aguda, no especificada"
I320,Pericarditis en enfermedades bacterianas clasificadas en otra parte
I321,Pericarditis en otras enfermedades infecciosas y parasitarias clasificadas en otra parte
I328,Pericarditis en otras enfermedades clasificadas en otra parte
I690,Secuelas de hemorragia subaracnoidea
I691,Secuelas de hemorragia intraencefálica
I692,Secuelas de otras hemorragias intracraneales no traumáticas
I693,Secuelas de infarto cerebral
I694,"Secuelas de accidente vascular encefálico, no especificado como hemorrágico o isquémico"
I698,Secuelas de otras enfermedades cerebrovasculares y de las no especificadas
I680,Angiopatía cerebral amiloide (E85.–)
I681,Arteritis cerebral en enfermedades infecciosas y parasitarias clasificadas en otra parte
I682,Arteritis cerebral en otras enfermedades clasificadas en otra parte
I688,Otros trastornos cerebrovasculares en enfermedades clasificadas en otra parte
I670,"Disección de arterias cerebrales, sin ruptura"
I671,"Aneurisma cerebral, sin ruptura"
I672,Aterosclerosis cerebral
I673,Leucoencefalopatía vascular progresiva
I674,Encefalopatía hipertensiva
I675,Enfermedad de Moyamoya
I676,Trombosis apiógena del sistema venoso intracraneal
I677,"Arteritis cerebral, no clasificada en otra parte"
I678,Otras enfermedades cerebrovasculares especificadas
I679,"Enfermedad cerebrovascular, no especificada"
I660,Oclusión y estenosis de la arteria cerebral media
I661,Oclusión y estenosis de la arteria cerebral anterior
I662,Oclusión y estenosis de la arteria cerebral posterior
I663,Oclusión y estenosis de arterias cerebelosas
I664,Oclusión y estenosis múltiple bilateral de arterias cerebrales
I668,Oclusión y estenosis de otras arterias cerebrales
I669,Oclusión y estenosis de arteria cerebral no especificada
I650,Oclusión y estenosis de arteria vertebral
I651,Oclusión y estenosis de arteria basilar
I652,Oclusión y estenosis de arteria carótida
I653,Oclusión y estenosis múltiple bilateral de arterias precerebrales
I658,Oclusión y estenosis de otras arterias precerebrales
I659,Oclusión y estenosis de arteria precerebral no especificada
I790,Aneurisma de la aorta en enfermedades clasificadas en otra parte
I791,Aortitis en enfermedades clasificadas en otra parte
I792,Angiopatía periférica en enfermedades clasificadas en otra parte
I798,"Otros trastornos de arterias, arteriolas y vasos capilares en enfermedades clasificadas en otra parte"
I780,Telangiectasia hemorrágica hereditaria
I781,"Nevo, no neoplásico"
I788,Otras enfermedades de los capilares
I789,"Enfermedad de los vasos capilares, no especificada"
I770,"Fístula arteriovenosa, adquirida"
I771,Estrechez arterial
I772,Ruptura arterial
I773,Displasia fibromuscular arterial
I774,Síndrome de compresión del tronco celíaco
I775,Necrosis arterial
I776,"Arteritis, no especificada"
I778,Otros trastornos especificados de arterias y arteriolas
I779,"Trastorno de arterias y arteriolas, no especificado"
I890,"Linfedema, no clasificado en otra parte"
I891,Linfangitis
I898,Otros trastornos especificados no infecciosos de los vasos y ganglios linfáticos
I899,"Trastorno no infeccioso de vasos y ganglios linfáticos, no especificado"
I880,Linfadenitis mesentérica inespecífica
I881,"Linfadenitis crónica, excepto la mesentérica"
I888,Otras linfadenitis inespecíficas
I889,Linfadenitis inespecífica no especificada
I870,Síndrome postflebítico
I871,Compresión de vena
I872,Insuficiencia venosa (crónica) (periférica)
I878,Otros trastornos venosos especificados
I879,"Trastorno venoso, no especificado"
I860,Várices sublinguales
I861,Várices escrotales
I862,Várices pélvicas
I863,Várices de la vulva
I864,Várices gástricas
I868,Várices en otros sitios especificados
I850,Várices esofágicas con hemorragia
I859,Várices esofágicas sin hemorragia
T140,Traumatismo superficial de región no especificada del cuerpo
T141,Herida de región no especificada del cuerpo
T142,Fractura de región no especificada del cuerpo
T143,"Luxación, esguince y torcedura de región no especificada del cuerpo"
T144,Traumatismo de nervio(s) de región no especificada del cuerpo
T145,Traumatismo de vaso(s) sanguíneo(s) de región no especificada del cuerpo
T146,Traumatismo de tendones y músculos de región no especificada del cuerpo
T190,Cuerpo extraño en la uretra/span>
T191,Cuerpo extraño en la vejiga
T192,Cuerpo extraño en la vulva y en la vagina
T193,Cuerpo extraño en el útero [cualquier parte]
T198,Cuerpo extraño en otras y en múltiples partes de las vías genitourinarias
T199,"Cuerpo extraño en las vías genitourinarias, parte no especificada"
T180,Cuerpo extraño en la boca
T181,Cuerpo extraño en el esófago
T182,Cuerpo extraño en el estómago
T183,Cuerpo extraño en el intestino delgado
T184,Cuerpo extraño en el colon
T185,Cuerpo extraño en el ano y en el recto
T188,Cuerpo extraño en otras y en múltiples partes del tubo digestivo
T189,"Cuerpo extraño en el tubo digestivo, parte no especificada"
T440,Agentes anticolinesterasa
T441,Otros parasimpaticomiméticos [colinérgicos]
T442,"Drogas bloqueadoras ganglionares, no clasificadas en otra parte"
T443,"Otros parasimpaticolíticos [anticolinérgicos y antimuscarínicos] y espasmolíticos, no clasificados en otra parte"
T444,"Agonistas, predominantemente alfa-adrenérgicos, no clasificados en otra parte"
T430,Antidepresivos tricíclicos y tetracíclicos
T431,Antidepresivos inhibidores de la monoaminoxidasa
T432,Otros antidepresivos y los no especificados
T433,Antipsicóticos y neurolépticos fenotiacínicos
T434,Butirofenona y neurolépticos tioxanténicos
T435,Otros antipsicóticos y neurolépticos y los no especificados
T436,Psicoestimulantes con abuso potencial
T438,"Otras drogas psicotrópicas, no clasificadas en otra parte"
T439,"Droga psicotrópica, no especificada"
T420,Derivados de la hidantoína
T421,Iminostilbenos
T422,Succinamidas y derivados de la oxazolidina
T423,Barbitúricos
T424,Benzodiazepinas
T425,"Antiepilépticos mixtos, no clasificados en otra parte"
T426,Otros antiepilépticos y drogas hipnótico–sedantes
T427,"Antiepilépticos y drogas hipnótico–sedantes, no especificados"
T428,Drogas antiparkinsonianas y otros depresores del tono muscular central
T410,Anestésicos por inhalación
T411,Anestésicos intravenosos
T412,Otros anestésicos generales y los no especificados
T413,Anestésicos locales
T414,"Anestésicos, no especificados"
T415,Gases terapéuticos
T400,Opio
T401,Heroína
T402,Otros opiáceos
T403,Metadona
T404,Otros narcóticos sintéticos
T405,Cocaína
T390,Salicilatos
T391,Derivados del paraaminofenol
T392,Derivados de la pirazolona
T393,Otras drogas antiinflamatorias no esteroideas [DAINE]
T394,"Antirreumáticos, no clasificados en otra parte"
T398,"Otros analgésicos no narcóticos y antipiréticos, no clasificados en otra parte"
T399,"Analgésicos no narcóticos, antipiréticos y antirreumáticos, no especificados"
T620,Hongos ingeridos
T621,Bayas ingeridas
T622,Otra(s) (partes de) planta(s) ingerida(s)
T628,Otras sustancias nocivas especificadas ingeridas como alimento
T629,"Sustancia nociva ingerida como alimento, no especificada"
T610,Envenenamiento ciguatero por pescado
T611,Envenenamiento escombroideo por pescado
T612,Otros envenenamientos por pescados y mariscos
T618,Efecto tóxico de otros alimentos marinos
T619,Efecto tóxico de alimentos marinos no especificados
T600,Insecticidas organofosforados y carbamatos
T601,Insecticidas halogenados
T602,Otros insecticidas
T603,Herbicidas y fungicidas
T604,Rodenticidas
T608,Otros plaguicidas
T609,"Plaguicida, no especificado"
T590,Óxidos de nitrógeno
T591,Dióxido de sulfuro
T592,Formaldehído
T593,Gas lacrimógeno
T594,Cloro gaseoso
T595,Gas de flúor y fluoruro de hidrógeno
T596,Sulfuro de hidrógeno
T597,Dióxido de carbono
T598,"Otros gases, humos y vapores especificados"
T570,Arsénico y sus compuestos
T571,Fósforo y sus compuestos
T572,Manganeso y sus compuestos
T573,Ácido cianhídrico
T578,"Otras sustancias inorgánicas, especificadas"
T579,"Sustancia inorgánica, no especificada"
T560,Plomo y sus compuestos
T561,Mercurio y sus compuestos
T562,Cromo y sus compuestos
T563,Cadmio y sus compuestos
T564,Cobre y sus compuestos
T565,Zinc y sus compuestos
T566,Estaño y sus compuestos
T567,Berilio y sus compuestos
T568,Otros metales
T569,"Metal, no especificado"
T780,Choque anafiláctico debido a reacción adversa a alimentos
T781,"Otra reacción adversa a alimentos, no clasificada en otra parte"
T782,"Choque anafiláctico, no especificado"
T783,Edema angioneurótico
T784,Alergia no especificada
T788,"Otros efectos adversos, no clasificados en otra parte"
T789,Efecto adverso no especificado
T750,Efectos del rayo
T751,Ahogamiento y sumersión no mortal
T752,Efectos de la vibración
T753,Mal del movimiento
T754,Efectos de la corriente eléctrica
T758,Otros efectos especificados de causas externas
T740,Negligencia o abandono
T741,Abuso físico
T742,Abuso sexual
T743,Abuso psicológico
T748,Otros síndromes del maltrato
T749,"Síndrome del maltrato, no especificado"
T730,Efectos del hambre
T731,Efectos de la sed
T732,Agotamiento debido a exposición a la intemperie
T733,Agotamiento debido a esfuerzo excesivo
T738,Otros efectos de privación
T739,"Efectos de privación, no especificados"
Z520,Donante de sangre
Z521,Donante de piel
Z522,Donante de hueso
Z523,Donante de médula osea
Z524,Donante de riñón
Z525,Donante de córnea
Z526,Donante de hígado
Z527,Donante de corazón
Z528,Donante de otros órganos o tejidos
Z529,Donante de órgano o tejido no especificado
Z510,Sesión de radioterapia
Z511,Sesión de quimioterapia por tumor
Z512,Otra quimioterapia
Z513,"Transfusión de sangre, sin diagnóstico informado"
Z514,"Atención preparatoria para tratamiento subsecuente, no clasificado en otra parte"
Z515,Atención paliativa
Z516,Desensibilización a alérgenos
Z518,Otras atenciones médicas especificadas
Z519,"Atención médica, no especificada"
Z500,Rehabilitación cardíaca
Z501,Otras terapias físicas
Z502,Rehabilitación del alcohólico
Z503,Rehabilitación del drogadicto
Z504,"Psicoterapia, no clasificada en otra parte"
Z505,Terapia del lenguaje
Z506,Adiestramiento ortóptico
Z507,"Terapia ocupacional y rehabilitación vocacional, no clasificada en otra parte"
Z490,Cuidados preparatorios para diálisis
Z491,Diálisis extracorpórea
Z492,Otras diálisis
Z480,Atención de los apósitos y suturas
Z488,Otros cuidados especificados posteriores a la cirugía
Z489,"Cuidado posterior a la cirugía, no especificado"
Z470,Cuidados posteriores a la extracción de placa u otro dispositivo de fijación interna en fractura
Z478,Otros cuidados especificados posteriores a la ortopedia
Z479,"Cuidado posterior a la ortopedia, no especificado"
Z460,Prueba y ajuste de anteojos y lentes de contacto
Z461,Prueba y ajuste de audífonos
Z462,Prueba y ajuste de otros dispositivos relacionados con el sistema nervioso y los sentidos especiales
Z463,Prueba y ajuste de prótesis dental
Z464,Prueba y ajuste de dispositivo ortodóncico
Z465,Prueba y ajuste de ileostomía u otro dispositivo intestinal
Z466,Prueba y ajuste de dispositivo urinario
Z467,Prueba y ajuste de dispositivo ortopédico
Z468,Prueba y ajuste de otros dispositivos especificados
Z469,Prueba y ajuste de dispositivo no especificado
Z450,Asistencia y ajuste de marcapaso cardíaco
Z451,Asistencia y ajuste de bomba de infusión
Z452,Asistencia y ajuste de dispositivos de acceso vascular
Z453,Asistencia y ajuste de dispositivo auditivo implantado
Z458,Asistencia y ajuste de otros dispositivos implantados
Z459,Asistencia y ajuste de dispositivo implantado no especificado
Z440,Prueba y ajuste de brazo artificial (completo) (parcial)
Z441,Prueba y ajuste de pierna artificial (completa) (parcial)
Z442,Prueba y ajuste de ojo artificial
Z443,Prueba y ajuste de prótesis mamaria externa
Z448,Prueba y ajuste de otros dispositivos protésicos externos
Z430,Atención de traqueostomía
Z431,Atención de gastrostomía
Z432,Atención de ileostomía
Z433,Atención de colostomía
Z434,Atención de otros orificios artificiales de las vías digestivas
Z420,Cuidados posteriores a la cirugía plástica de la cabeza y del cuello
Z421,Cuidados posteriores a la cirugía plástica de la mama
Z422,Cuidados posteriores a la cirugía plástica de otras partes especificadas del tronco
Z423,Cuidados posteriores a la cirugía plástica de las extremidades superiores
Z424,Cuidados posteriores a la cirugía plástica de las extremidades inferiores
Z650,Problemas relacionados con culpabilidad en procedimientos civiles o criminales sin prisión
Z651,Problemas relacionados con prisión y otro encarcelamiento
Z652,Problemas relacionados con la liberación de la prisión
Z653,Problemas relacionados con otras circunstancias legales
Z654,Problemas relacionados con víctima de crimen o terrorismo
Z655,"Problemas relacionados con la exposición a desastre, guerra u otras hostilidades"
Z640,Problemas relacionados con embarazo no deseado
Z641,Problemas relacionados con la multiparidad
Z642,"Problemas relacionados con la solicitud o aceptación de intervenciones físicas, nutricionales y químicas, conociendo su riesgo y peligro"
Z643,"Problemas relacionados con la solicitud o aceptación de intervenciones psicológicas o de la conducta, conociendo su riesgo y peligro"
Z644,Problemas relacionados con el desacuerdo con consejeros
Z630,Problemas en la relación entre esposos o pareja
Z631,Problemas en la relación con los padres y los familiares políticos
Z632,Problemas relacionados con el apoyo familiar inadecuado
Z633,Problemas relacionados con la ausencia de un miembro de la familia
Z634,Problemas relacionados con la desaparición o muerte de un miembro de la familia
Z620,Problemas relacionados con la supervisión o el control inadecuados de los padres
Z621,Problemas relacionados con la sobreprotección de los padres
Z622,Problemas relacionados con la crianza en institución
Z623,Problemas relacionados con hostilidad y reprobación al niño
Z624,Problemas relacionados con el abandono emocional del niño
Z625,Otros problemas relacionados con negligencia en la crianza del niño
Z610,Problemas relacionados con la pérdida de relación afectiva en la infancia
Z611,Problemas relacionados con el alejamiento del hogar en la infancia
Z612,Problemas relacionados con alteración en el patrón de la relación familiar en la infancia
Z613,Problemas relacionados con eventos que llevaron a la pérdida de la autoestima en la infancia
Z614,Problemas relacionados con el abuso sexual del niño por persona dentro del grupo de apoyo primario
Z615,Problemas relacionados con el abuso sexual del niño por persona ajena al grupo de apoyo primario
Z616,Problemas relacionados con abuso físico del niño
Z617,Problemas relacionados con experiencias personales atemorizantes en la infancia
Z920,Historia personal de anticoncepción
Z921,Historia personal de uso (presente) de anticoagulantes por largo tiempo
Z922,Historia personal de uso (presente) de otros medicamentos por largo tiempo
Z923,Historia personal de irradiación
Z924,"Historia personal de cirugía mayor, no clasificada en otra parte"
Z925,Historia personal de medidas de rehabilitación
Z926,Historia personal de quimioterapia para enfermedad neoplásica
Z928,Historia personal de otros tratamientos médicos
Z910,"Historia personal de alergia, no debida a drogas ni a sustancias biológicas"
Z911,Historia personal de incumplimiento del régimen o tratamiento médico
Z912,Historia personal de higiene personal deficiente
Z913,Historia personal de ciclo sueño–vigilia no saludable
Z914,"Historia personal de trauma psicológico, no clasificado en otra parte"
Z915,Historia personal de lesión autoinfligida intencionalmente
Z916,Historia personal de otro trauma físico
Z918,"Historia personal de otros factores de riesgo, no clasificados en otra parte"
Z900,Ausencia adquirida de parte de la cabeza y del cuello
Z901,Ausencia adquirida de mama(s)
Z902,Ausencia adquirida (de parte) del pulmón
Z903,Ausencia adquirida de parte del estómago
Z904,Ausencia adquirida de otras partes del tubo digestivo
Z905,Ausencia adquirida de riñón
Z906,Ausencia adquirida de otras partes de las vías urinarias
Z890,"Ausencia adquirida de dedo(s), [incluido el pulgar], unilateral"
Z891,Ausencia adquirida de mano y muñeca
Z892,Ausencia adquirida de miembro superior por arriba de la muñeca
Z893,Ausencia adquirida de ambos miembros superiores [cualquier nivel]
Z894,Ausencia adquirida de pie y tobillo
Z895,Ausencia adquirida de pierna a nivel de o debajo de la rodilla
Z896,Ausencia adquirida de pierna por arriba de la rodilla
Z880,Historia personal de alergia a penicilina
Z881,Historia personal de alergia a otros agentes antibióticos
Z882,Historia personal de alergia a sulfonamidas
Z883,Historia personal de alergia a otros agentes antiinfecciosos
Z884,Historia personal de alergia a agente anestésico
Z885,Historia personal de alergia a agente narcótico
Z886,Historia personal de alergia a agente analgésico
Z887,Historia personal de alergia a suero o vacuna
Z888,"Historia personal de alergia a otras drogas, medicamentos y sustancias biológicas"
Z870,Historia personal de enfermedades del sistema respiratorio
Z871,Historia personal de enfermedades del sistema digestivo
Z872,Historia personal de enfermedades de la piel y del tejido subcutáneo
Z873,Historia personal de enfermedades del sistema osteomuscular y del tejido conjuntivo
Z874,Historia personal de enfermedades del sistema genitourinario
Z875,"Historia personal de complicaciones del embarazo, del parto y del puerperio"
Z876,Historia personal de ciertas afecciones originadas en el período perinatal
Z877,"Historia personal de malformaciones congénitas, deformidades y anomalías cromosómicas"
Z878,Historia personal de otras afecciones especificadas
Z860,Historia personal de otros tumores
Z861,Historia personal de enfermedades infecciosas y parasitarias
Z862,Historia personal de enfermedades de la sangre y de los órganos hematopoyéticos y de ciertos trastornos del mecanismo inmunológico
Z863,"Historia personal de enfermedades endocrinas, nutricionales y metabólicas"
Z864,Historia personal de abuso de sustancias psicoactivas
Z865,Historia personal de otros trastornos mentales o del comportamiento
Z866,Historia personal de enfermedades del sistema nervioso y de los órganos de los sentidos
Z867,Historia personal de enfermedades del sistema circulatorio
Z850,Historia personal de tumor maligno de órganos digestivos
Z851,"Historia personal de tumor maligno de tráquea, bronquios y pulmón"
Z852,Historia personal de tumor maligno de otros órganos respiratorios e intratorácicos
Z853,Historia personal de tumor maligno de mama
Z854,Historia personal de tumor maligno de órganos genitales
Z855,Historia personal de tumor maligno de vías urinarias
Z856,Historia personal de leucemia
Z857,"Historia personal de otros tumores malignos del tejido linfoide, hematopoyético y tejidos relacionados"
Z858,Historia personal de tumor maligno de otros órganos y sistemas
T840,Complicación mecánica de prótesis articular interna
T841,Complicación mecánica de dispositivo de fijación interna de huesos de un miembro
T842,Complicación mecánica de dispositivo de fijación interna de otros huesos
T843,"Complicación mecánica de otros dispositivos óseos, implantes e injertos"
T844,"Complicación mecánica de otros dispositivos protésicos, implantes e injertos ortopédicos internos"
T845,Infección y reacción inflamatoria debidas a prótesis articular interna
T846,Infección y reacción inflamatoria debidas a dispositivo de fijación interna [cualquier sitio]
T830,Complicación mecánica de catéter urinario (fijo)
T831,Complicación mecánica de otros dispositivos e implantes urinarios
T832,Complicación mecánica de injerto en órgano urinario
T833,Complicación mecánica de dispositivo anticonceptivo intrauterino
T834,"Complicación mecánica de otros dispositivos, implantes e injertos en el tracto genital"
T835,"Infección y reacción inflamatoria debidas a dispositivo protésico, implante e injerto en el sistema urinario"
T836,"Infección y reacción inflamatoria debidas a dispositivo protésico, implante e injerto en el tracto genital"
T838,"Otras complicaciones de dispositivos protésicos, implantes e injertos genitourinarios"
T839,"Complicación no especificada de dispositivo protésico, implante e injerto genitourinario"
T820,Complicación mecánica de prótesis de válvula cardíaca
T821,Complicación mecánica de dispositivo electrónico cardíaco
T822,Complicación mecánica de derivación de arteria coronaria e injerto valvular
T823,Complicación mecánica de otros injertos vasculares
T824,Complicación mecánica de catéter para diálisis vascular
T825,Complicación mecánica de otros dispositivos e implantes cardiovasculares
T826,Infección y reacción inflamatoria debidas a prótesis de válvula cardíaca
T827,"Infección y reacción inflamatoria debidas a otros dispositivos, implantes e injertos cardiovasculares"
T828,"Otras complicaciones de dispositivos protésicos, implantes e injertos cardiovasculares"
T829,"Complicación no especificada de dispositivo protésico, implante e injerto cardiovascular"
T810,"Hemorragia y hematoma que complican un procedimiento, no clasificados en otra parte"
T811,"Choque durante o resultante de un procedimiento, no clasificado en otra parte"
T812,"Punción o laceración accidental durante un procedimiento, no clasificadas en otra parte"
T813,"Desgarro de herida operatoria, no clasificado en otra parte"
T800,"Embolia gaseosa consecutiva a infusión, transfusión e inyección terapéutica"
T801,"Complicaciones vasculares consecutivas a infusión, transfusión e inyección terapéutica"
T802,"Infecciones consecutivas a infusión, transfusión e inyección terapéutica"
T803,Reacción de incompatibilidad al grupo ABO
T804,Reacción de incompatibilidad a Rh
T805,Choque anafiláctico debido a suero
T806,Otras reacciones al suero
T808,"Otras complicaciones consecutivas a infusión, transfusión, e inyección terapéutica"
T930,Secuelas de herida de miembro inferior
T931,Secuelas de fractura del fémur
T932,Secuelas de otras fracturas de miembro inferior
T933,"Secuelas de luxación, torcedura y esguince de miembro inferior"
T934,Secuelas de traumatismo de nervio de miembro inferior
T935,Secuelas de traumatismo de tendón y músculo de miembro inferior
T936,Secuelas de aplastamiento y amputación traumáticas de miembro inferior
T920,Secuelas de herida de miembro superior
T921,Secuelas de fractura del brazo
T922,Secuelas de fractura de la muñeca y de la mano
T923,"Secuelas de luxación, torcedura y esguince de miembro superior"
T924,Secuelas de traumatismo de nervio de miembro superior
T925,Secuelas de traumatismo de tendón y músculo de miembro superior
T926,Secuelas de aplastamiento y amputación traumáticas de miembro superior
T910,Secuelas de traumatismo superficial y de heridas del cuello y del tronco
T911,Secuelas de fractura de la columna vertebral
T912,Secuelas de otra fractura del tórax y de la pelvis
T913,Secuelas de traumatismo de la médula espinal
T914,Secuelas de traumatismo de órganos intratorácicos
T915,Secuelas de traumatismo de órganos intraabdominales y pélvicos
T918,Secuelas de otros traumatismos especificados del cuello y del tronco
T900,Secuelas de traumatismo superficial de la cabeza
T901,Secuelas de herida de la cabeza
T902,Secuelas de fractura del cráneo y de huesos faciales
T903,Secuelas de traumatismo de nervios craneales
T904,Secuelas de traumatismo del ojo y de la órbita
T905,Secuelas de traumatismo intracraneal
T908,Secuelas de otros traumatismos especificados de la cabeza
T909,Secuelas de traumatismo no especificado de la cabeza
O430,Síndrome de transfusión placentaria
O431,Malformación de la placenta
O438,Otros trastornos placentarios
O439,"Trastorno de la placenta, no especificado"
O420,"Ruptura prematura de las membranas, e inicio del trabajo de parto dentro de las 24 horas"
O421,"Ruptura prematura de las membranas, e inicio del trabajo de parto después de las 24 horas"
O422,"Ruptura prematura de las membranas, trabajo de parto retrasado por la terapéutica"
O429,"Ruptura prematura de las membranas, sin otra especificación"
T509,"Otras drogas y sustancias biológicas, y las no especificadas"
T497,"Drogas dentales, aplicadas tópicamente"
T498,Otros agentes tópicos
T499,"Agentes tópicos, no especificados"
T658,Efectos tóxicos de otras sustancias especificadas
T659,Efecto tóxico de sustancia no especificada
Z968,Presencia de otros implantes funcionales especificados
Z969,Presencia de implantes funcionales no especificados
T884,Falla o dificultad de la intubación
T885,Otras complicaciones de la anestesia
T886,Choque anafiláctico debido a efecto adverso de droga o medicamento correcto administrado apropiadamente
T887,Efecto adverso no especificado de droga o medicamento
T888,"Otras complicaciones especificadas de la atención médica y quirúrgica, no clasificadas en otra parte"
T889,Complicaciones no especificadas de la atención médica y quirúrgica
L664,Foliculitis uleritematosa reticulada
L668,Otras alopecias cicatriciales
L669,"Alopecia cicatricial, no especificada"
K869,"Enfermedad del páncreas, no especificada"
K834,Espasmo del esfínter de Oddi
K835,Quiste biliar
K838,Otras enfermedades especificadas de las vías biliares
K839,"Enfermedad de las vías biliares, no especificada"
O410,Oligohidramnios
O411,Infección de la bolsa amniótica o de las membranas
O418,Otros trastornos especificados del líquido amniótico y de las membranas
O419,"Trastorno del líquido amniótico y de las membranas, no especificado"
O360,Atención materna por isoinmunización rhesus
O361,Atención materna por otra isoinmunización
O362,Atención materna por hidropesía fetal
O363,Atención materna por signos de hipoxia fetal
O364,Atención materna por muerte intrauterina
O350,Atención materna por (presunta) malformación del sistema nervioso central en el feto
O351,Atención materna por (presunta) anormalidad cromosómica en el feto
O352,Atención materna por (presunta) enfermedad hereditaria en el feto
O353,Atención materna por (presunta) lesión fetal debida a enfermedad vírica en la madre
O354,Atención materna por (presunta) lesión al feto debida al alcohol
O355,Atención materna por (presunta) lesión fetal debida a drogas
O356,Atención materna por (presunta) lesión al feto debida a radiación
O357,Atención materna por (presunta) lesión fetal debida a otros procedimientos médicos
O358,Atención materna por otras (presuntas) anormalidades y lesiones fetales
O359,Atención materna por (presunta) anormalidad y lesión fetal no especificada
N080,Trastornos glomerulares en enfermedades infecciosas y parasitarias clasificadas en otra parte
N081,Trastornos glomerulares en enfermedades neoplásicas
N082,Trastornos glomerulares en enfermedades de la sangre y otros trastornos que afectan al mecanismo inmunitario
N083,Trastornos glomerulares en diabetes mellitus (E10–E14 con cuarto carácter común .2)
N084,"Trastornos glomerulares en otras enfermedades endocrinas, nutricionales y metabólicas"
N085,Trastornos glomerulares en trastornos sistémicos del tejido conjuntivo
N088,Trastornos glomerulares en otras enfermedades clasificadas en otra parte
N160,Trastornos renales tubulointersticiales en enfermedades infecciosas y parasitarias clasificadas en otra parte
N161,Trastornos renales tubulointersticiales en enfermedades neoplásicas
N162,Trastornos renales tubulointersticiales en enfermedades de la sangre y en trastornos que afectan el mecanismo inmunitario
N163,Trastornos renales tubulointersticiales en enfermedades metabólicas
N164,Trastornos renales tubulointersticiales en enfermedades del tejido conjuntivo
N165,Trastornos renales tubulointersticiales en rechazo de trasplante (T86.–)
N168,Trastornos renales tubulointersticiales en otras enfermedades clasificadas en otra parte
N150,Nefropatía de los Balcanes
N151,Absceso renal y perirrenal
N158,Otras enfermedades renales tubulointersticiales especificadas
N159,"Enfermedad renal tubulointersticial, no especificada"
N140,Nefropatía inducida por analgésicos
N141,"Nefropatía inducida por otras drogas, medicamentos y sustancias biológicas"
N142,"Nefropatía inducida por drogas, medicamentos y sustancias biológicas no especificadas"
N143,Nefropatía inducida por metales pesados
N144,"Nefropatía tóxica, no clasificada en otra parte"
A280,Pasteurelosis
A281,Enfermedad por rasguño de gato
A282,Yersiniosis extraintestinal
A288,"Otras enfermedades zoonóticas bacterianas especificadas, no clasificadas en otra parte"
A289,"Enfermedad zoonótica bacteriana, sin otra especificación"
A270,Leptospirosis icterohemorrágica
A278,Otras formas de leptospirosis
A279,"Leptospirosis, no especificada"
A260,Erisipeloide cutáneo
A267,Septicemia por Erysipelothrix
A268,Otras formas de erisipeloide
A269,"Erisipeloide, no especificada"
A250,Espirilosis
A251,Estreptobacilosis
A259,"Fiebre por mordedura de rata, no especificada"
A240,Muermo
A241,Melioidosis aguda y fulminante
A242,Melioidosis subaguda y crónica
A243,Otras melioidosis
A244,"Melioidosis, no especificada"
A430,Nocardiosis pulmonar
A431,Nocardiosis cutánea
A438,Otras formas de nocardiosis
A439,"Nocardiosis, no especificada"
A420,Actinomicosis pulmonar
A421,Actinomicosis abdominal
A422,Actinomicosis cervicofacial
A427,Septicemia actinomicótica
A428,Otras formas de actinomicosis
A429,"Actinomicosis, sin otra especificación"
A410,Septicemia debida a Staphylococcus aureus
A411,Septicemia debida a otro estafilococo especificado
A412,Septicemia debida a estafilococo no especificado
A413,Septicemia debida a Haemophilus influenzae
A414,Septicemia debida a anaerobios
A415,Septicemia debida a otros organismos gramnegativos
A418,Otras septicemias especificadas
A419,"Septicemia, no especificada"
A400,"Septicemia debida a estreptococo, grupo A"
A401,"Septicemia debida a estreptococo, grupo B"
A402,"Septicemia debida a estreptococo, grupo D"
A403,Septicemia debida a Streptococcus pneumoniae
A408,Otras septicemias estreptocócicas
A409,"Septicemia estreptocócica, no especificada"
A390,Meningitis meningocócica (G01)
A391,Síndrome de Waterhouse-Friderichsen (E35.1)
A392,Meningococemia aguda
A393,Meningococemia crónica
A394,"Meningococemia, no especificada"
A395,Enfermedad cardíaca debida a meningococo
A398,Otras formas de enfermedad meningocócica:
A399,"Enfermedad meningocócica, no especificada"
A370,Tos ferina debida a Bordetella pertussis
A371,Tos ferina debida a Bordetella parapertussis
A378,Tos ferina debida a otras especies de Bordetella
A379,"Tos ferina, no especificada"
A360,Difteria faríngea
A361,Difteria nasofaríngea
A362,Difteria laríngea
A630,Verrugas (venéreas) anogenitales
A638,"Otras enfermedades de transmisión predominantemente sexual, especificadas"
A600,Infección de genitales y trayecto urogenital debida a virus del herpes [herpes simple]
A601,Infección de la piel perianal y recto por virus del herpes simple
A609,"Infección anogenital por virus del herpes simple, sin otra especificación"
A590,Tricomoniasis urogenital
A598,Tricomoniasis de otros sitios
A599,"Tricomoniasis, no especificada"
A560,Infección del tracto genitourinario inferior debida a clamidias
A561,Infección del pelviperitoneo y otros órganos genitourinarios debida a clamidias
A562,"Infecciones del tracto genitourinario debidas a clamidias, sin otra especificación"
A563,Infección del ano y del recto debida a clamidias
A564,Infección de faringe debida a clamidias
A568,Infección de transmisión sexual de otros sitios debida a clamidias
A540,Infección gonocócica del tracto genitourinario inferior sin absceso periuretral o de glándula accesoria
A541,Infección gonocócica del tracto genitourinario inferior con absceso periuretral y de glándulas accesorias
A542,Pelviperitonitis gonocócica y otras infecciones gonocócicas genitourinarias
A543,Infección gonocócica del ojo
A544,Infección gonocócica del sistema osteomuscular
A545,Faringitis gonocócica
A880,Fiebre exantemática enteroviral [exantema de Boston]
A881,Vértigo epidémico
A888,Otras infecciones virales especificadas del sistema nervioso central
A870,Meningitis enteroviral (G02.0)
A871,Meningitis debida a adenovirus (G02.0)
A872,Coriomeningitis linfocítica
A878,Otras meningitis virales
A879,"Meningitis viral, sin otra especificación"
A980,Fiebre hemorrágica de Crimea-Congo
A981,Fiebre hemorrágica de Omsk
A982,Enfermedad de la selva de Kyasanur
A983,Enfermedad por el virus de Marburg
A984,Enfermedad por el virus de Ebola
A985,Fiebres hemorrágicas con síndrome renal
A988,Otras fiebres hemorrágicas virales especificadas
A960,Fiebre hemorrágica de Junín
A961,Fiebre hemorrágica de Machupo
A962,Fiebre de Lassa
A968,Otras fiebres hemorrágicas por arenavirus
A969,"Fiebre hemorrágica por arenavirus, sin otra especificación"
A950,Fiebre amarilla selvática
A951,Fiebre amarilla urbana
A959,"Fiebre amarilla, no especificada"
A930,Enfermedad por virus de Oropouche
A931,Fiebre transmitida por flebótomos
A932,Fiebre de Colorado transmitida por garrapatas
A938,Otras fiebres virales especificadas transmitidas por artrópodos
M360,Dermato(poli)miositis en enfermedad neoplásica (C00–D48)
M361,Artropatía en enfermedad neoplásica (C00–D48)
M362,Artropatía hemofílica (D66–D68)
M363,Artropatía en otros trastornos de la sangre (D50–D76)
M364,Artropatía en reacciones de hipersensibilidad clasificadas en otra parte
M368,Trastornos sistémicos del tejido conjuntivo en otras enfermedades clasificadas en otra parte
N290,Sífilis renal tardía
N291,Otros trastornos del riñón y del uréter en enfermedades infecciosas y parasitarias clasificadas en otra parte
N298,Otros trastornos del riñón y del uréter en otras enfermedades clasificadas en otra parte
N280,Isquemia e infarto del riñón
N281,"Quiste de riñón, adquirido"
N288,Otros trastornos especificados del riñón y del uréter
N289,"Trastorno del riñón y del uréter, no especificado"
N270,"Riñón pequeño, unilateral"
N271,"Riñón pequeño, bilateral"
N279,"Riñón pequeño, no especificado"
N250,Osteodistrofia renal
N251,Diabetes insípida nefrógena
N258,Otros trastornos resultantes de la función tubular renal alterada
N259,"Trastorno no especificado, resultante de la función tubular renal alterada"
N330,Cistitis tuberculosa (A18.1)
N338,Trastornos de la vejiga en otras enfermedades clasificadas en otra parte
N320,Obstrucción de cuello de la vejiga
N321,Fístula vesicointestinal
N322,"Fístula de la vejiga, no clasificada en otra parte"
N323,Divertículo de la vejiga
N324,"Ruptura de la vejiga, no traumática"
N328,Otros trastornos especificados de la vejiga
N329,"Trastorno de la vejiga, no especificado"
N310,"Vejiga neuropática no inhibida, no clasificada en otra parte"
N311,"Vejiga neuropática refleja, no clasificada en otra parte"
N312,"Vejiga neuropática flácida, no clasificada en otra parte"
N318,Otras disfunciones neuromusculares de la vejiga
N319,"Disfunción neuromuscular de la vejiga, no especificada"
N300,Cistitis aguda
N301,Cistitis intersticial (crónica)
N302,Otras cistitis crónicas
N303,Trigonitis
N304,Cistitis por irradiación
N308,Otras cistitis
N450,"Orquitis, epididimitis y orquiepididimitis con absceso"
N459,"Orquitis, epididimitis y orquiepididimitis sin absceso"
N430,Hidrocele enquistado
N431,Hidrocele infectado
N432,Otros hidroceles
N433,"Hidrocele, no especificado"
N434,Espermatocele
N420,Cálculo de la próstata
N421,Congestión y hemorragia de la próstata
N422,Atrofia de la próstata
N428,Otros trastornos especificados de la próstata
N429,"Trastorno de la próstata, no especificado"
N410,Prostatitis aguda
N411,Prostatitis crónica
N412,Absceso de la próstata
N413,Prostatocistitis
N418,Otras enfermedades inflamatorias de la próstata
N419,"Enfermedad inflamatoria de la próstata, no especificada"
N600,Quiste solitario de la mama
N601,Mastopatía quística difusa
N602,Fibroadenosis de mama
N603,Fibroesclerosis de mama
N604,Ectasia de conducto mamario
N608,Otras displasias mamarias benignas
N609,"Displasia mamaria benigna, sin otra especificación"
N740,Infección tuberculosa del cuello del útero (A18.1)
N741,Enfermedad inflamatoria pélvica femenina por tuberculosis (A18.1)
N742,"Enfermedad inflamatoria pélvica femenina por sífilis (A51.4, A52.7)"
N743,Enfermedad inflamatoria pélvica femenina por gonococos (A54.2)
N744,Enfermedad inflamatoria pélvica femenina por clamidias (A56.1)
N748,Trastornos inflamatorios pélvicos femeninos en otras enfermedades clasificadas en otra parte
N730,Parametritis y celulitis pélvica aguda
N731,Parametritis y celulitis pélvica crónica
N732,Parametritis y celulitis pélvica no especificada
N733,"Peritonitis pélvica aguda, femenina"
N734,"Peritonitis pélvica crónica, femenina"
N735,"Peritonitis pélvica femenina, no especificada"
N736,Adherencias peritoneales pélvicas femeninas
N738,Otras enfermedades inflamatorias pélvicas femeninas
N739,"Enfermedad inflamatoria pélvica femenina, no especificada"
N710,Enfermedad inflamatoria aguda del útero
N711,Enfermedad inflamatoria crónica del útero
N719,"Enfermedad inflamatoria del útero, no especificada"
N700,Salpingitis y ooforitis aguda
N701,Salpingitis y ooforitis crónica
N709,"Salpingitis y ooforitis, no especificadas"
N830,Quiste folicular del ovario
N831,Quiste del cuerpo amarillo
N832,Otros quistes ováricos y los no especificados
N833,Atrofia adquirida del ovario y de la trompa de Falopio
N834,Prolapso y hernia del ovario y de la trompa de Falopio
N835,"Torsión de ovario, pedículo de ovario y trompa de Falopio"
N836,Hematosalpinx
N837,Hematoma del ligamento ancho
N838,"Otros trastornos no inflamatorios del ovario, de la trompa de Falopio y del ligamento ancho"
N820,Fístula vesicovaginal
N821,Otras fístulas de las vías genitourinarias femeninas
N822,Fístula de la vagina al intestino delgado
N823,Fístula de la vagina al intestino grueso
N824,Otras fístulas del tracto genital femenino al tracto intestinal
N825,Fístula del tracto genital femenino a la piel
N828,Otras fístulas del tracto genital femenino
N829,"Fístula del tracto genital femenino, sin otra especificación"
N810,Uretrocele femenino
N811,Cistocele
N812,Prolapso uterovaginal incompleto
N813,Prolapso uterovaginal completo
N814,"Prolapso uterovaginal, sin otra especificación"
N815,Enterocele vaginal
N816,Rectocele
N818,Otros prolapsos genitales femeninos
N819,"Prolapso genital femenino, no especificado"
N800,Endometriosis del útero
N801,Endometriosis del ovario
N802,Endometriosis de la trompa de Falopio
N803,Endometriosis del peritoneo pélvico
N804,Endometriosis del tabique rectovaginal y de la vagina
N805,Endometriosis del intestino
N806,Endometriosis en cicatriz cutánea
N808,Otras endometriosis
N809,"Endometriosis, no especificada"
L080,Pioderma
L081,Eritrasma
L088,Otras infecciones locales especificadas de la piel y del tejido subcutáneo
L089,"Infección local de la piel y del tejido subcutáneo, no especificada"
L050,Quiste pilonidal con absceso
L059,Quiste pilonidal sin absceso
L130,Dermatitis herpetiforme
L131,Dermatitis pustulosa subcorneal
L138,Otros trastornos flictenulares especificados
L139,"Trastorno flictenular, no especificado"
L300,Dermatitis numular
L301,Dishidrosis [ponfólix]
L302,Autosensibilización cutánea
J675,Pulmón del manipulador de hongos
J676,Pulmón del descortezador del arce
J677,Neumonitis de la ventilación debida al acondicionador y humidificador del aire
J678,SNeumonitis debidas a hipersensibilidad a otros polvos orgánicos
J679,Neumonitis debida a hipersensibilidad a polvo orgánico no especificado
I359,"Trastorno de la válvula aórtica, no especificado"
T147,Traumatismo por aplastamiento y amputación traumática de regiones no especificadas del cuerpo
T148,Otros traumatismos de región no especificada del cuerpo
T149,"Traumatismo, no especificado"
T445,"Agonistas, predominantemente beta-adrenérgicos, no clasificados en otra parte"
T446,"Antagonistas alfa-adrenérgicos, no clasificados en otra parte"
T447,"Antagonistas beta-adrenérgicos, no clasificados en otra parte"
T448,"Agentes de acción central y bloqueadores neuronales adrenérgicos, no clasificados en otra parte"
T449,Otras drogas y las no especificadas que afectan principalmente el sistema nervioso autónomo
T406,Otros narcóticos y los no especificados
T407,Cannabis (derivados)
T408,Acido lisérgico [LSD]
T409,Otros psicodislépticos y los no especificados [alucinógenos]
T599,"Gases, humos y vapores no especificados"
Z508,Atención por otros procedimientos de rehabilitación
Z509,"Atención por procedimiento de rehabilitación, no especificada"
Z449,Prueba y ajuste de dispositivo protésico externo no especificado
Z435,Atención de cistostomía
Z436,Atención de otros orificios artificiales de las vías urinarias
Z437,Atención de vagina artificial
Z438,Atención de otros orificios artificiales
Z439,Atención de orificio artificial no especificado
Z428,Cuidados posteriores a la cirugía plástica de otras partes especificadas del cuerpo
Z429,Cuidados posteriores a la cirugía plástica no especificada
Z658,Otros problemas especificados relacionados con circunstancias psicosociales
Z659,Problemas relacionados con circunstancias psicosociales no especificadas
Z635,Problemas relacionados con la ruptura familiar por separación o divorcio
Z636,"Problemas relacionados con familiar dependiente, necesitado de cuidado en la casa"
Z637,Problemas relacionados con otros hechos estresantes que afectan a la familia y al hogar
Z638,Otros problemas especificados relacionados con el grupo primario de apoyo
Z639,Problema no especificado relacionado con el grupo primario de apoyo
Z626,Problemas relacionados con presiones inapropiadas de los padres y otras anormalidades en la calidad de la crianza
Z628,Otros problemas especificados y relacionados con la crianza del niño
Z629,Problema no especificado relacionado con la crianza del niño
Z618,Problemas relacionados con otras experiencias negativas en la infancia
Z619,Problemas relacionados con experiencia negativa no especificada en la infancia
Z929,Historia personal de tratamiento médico no especificado
Z907,Ausencia adquirida de órgano(s) genital(es)
Z908,Ausencia adquirida de otros órganos
Z897,"Ausencia adquirida de ambos miembros inferiores [cualquier nivel, excepto dedos del pie solamente]"
Z898,Ausencia adquirida de miembros superiores e inferiores [cualquier nivel]
Z899,Ausencia adquirida de miembros no especificados
Z889,"Historia personal de alergia a drogas, medicamentos y sustancias biológicas no especificadas"
Z859,"Historia personal de tumor maligno, de sitio no especificado"
T847,"Infección y reacción inflamatoria debidas a otros disposi­tivos protésicos, implantes e injertos ortopédicos internos"
T848,"Otras complicaciones de dispositivos protésicos, implantes e injertos ortopédicos internos"
T849,"Complicaciones no especificadas de dispositivos protésicos, implantes e injertos ortopédicos internos"
T814,"Infección consecutiva a procedimiento, no clasificada en otra parte"
T815,Cuerpo extraño dejado accidentalmente en cavidad corporal o en herida operatoria consecutiva a procedimiento
T816,Reacción aguda a sustancia extraña dejada accidentalmente durante un procedimiento
T817,"Complicaciones vasculares consecutivas a procedimiento, no clasificadas en otra parte"
T818,"Otras complicaciones de procedimientos, no clasificadas en otra parte"
T819,"Complicación de procedimientos, no especificada"
T809,"Complicaciones no especificadas consecutivas a infusión, transfusión e inyección terapéutica"
T938,Secuelas de otros traumatismos especificados de miembro inferior
T939,Secuelas de traumatismo no especificado de miembro inferior
T928,Secuelas de otros traumatismos especificados de miembro superior
T929,Secuelas de traumatismo no especificado de miembro superior
T919,Secuelas de traumatismo no especificado del cuello y del tronco
L290,Prurito anal
L291,Prurito escrotal
L292,Prurito vulvar
L293,"Prurito anogenital, no especificado"
L298,Otros pruritos
L299,"Prurito, no especificado"
L280,Liquen simple crónico
L281,Prurigo nodular
L282,Otros prurigos
L270,Erupción cutánea generalizada debida a drogas y medicamentos
L271,Erupción cutánea localizada debida a drogas y medicamentos
L272,Dermatitis debida a ingestión de alimentos
L278,Dermatitis debida a otras sustancias ingeridas
L279,Dermatitis debida a sustancias ingeridas no especificadas
K130,Enfermedades de los labios
K131,Mordedura del labio y de la mejilla
K132,"Leucoplasia y otras alteraciones del epitelio bucal, incluyendo la lengua"
K133,Leucoplasia pilosa
K134,Granuloma y lesiones semejantes de la mucosa bucal
K135,Fibrosis de la submucosa bucal
K136,Hiperplasia irrritativa de la mucosa bucal
K137,Otras lesiones y las no especificadas de la mucosa bucal
K120,Estomatitis aftosa recurrente
K121,Otras formas de estomatitis
K122,Celulitis y absceso de boca
K110,Atrofia de glándula salival
K111,Hipertrofia de glándula salival
K112,Sialadenitis
K113,Absceso de glándula salival
K114,Fístula de glándula salival
K115,Sialolitiasis
K116,Mucocele de glándula salival
K117,Alteraciones de la secreción salival
K118,Otras enfermedades de las glándulas salivales
K119,"Enfermedad de glándula salival, no especificada"
K100,Trastornos del desarrollo de los maxilares
K101,Granuloma central de células gigantes
K102,Afecciones inflamatorias de los maxilares
K103,Alveolitis del maxilar
K108,Otras enfermedades especificadas de los maxilares
K109,"Enfermedad de los maxilares, no especificada"
K090,Quistes originados por el desarrollo de los dientes
K091,Quistes de las fisuras (no odontogénicos)
K092,Otros quistes de los maxilares
K098,"Otros quistes de la región bucal, no clasificados en otra parte"
K099,"Quiste de la región bucal, sin otra especificación"
K080,Exfoliación de los dientes debida a causas sistémicas
K081,"Pérdida de dientes debida a accidente, extracción o enfermedad periodontal local"
K082,Atrofia del reborde alveolar desdentado
K083,Raíz dental retenida
K088,Otras afecciones especificadas de los dientes y de sus estructuras de sostén
K089,"Trastorno de los dientes y de sus estructuras de sostén, no especificado"
K070,Anomalías evidentes del tamaño de los maxilares
K071,Anomalías de la relación maxilobasilar
K072,Anomalías de la relación entre los arcos dentarios
K073,Anomalías de la posición del diente
K074,Maloclusión de tipo no especificado
K075,Anomalías dentofaciales funcionales
K060,Retracción gingival
K061,Hiperplasia gingival
K062,Lesiones de la encía y de la zona edéntula asociadas con traumatismo
K068,Otros trastornos especificados de la encía y de la zona edéntula
K069,Trastorno no especificado de la encía y de la zona edéntula
K310,Dilatación aguda del estómago
K311,Estenosis pilórica hipertrófica del adulto
K312,Estrechez o estenosis del estómago en reloj de arena
K313,"Espasmo del píloro, no clasificado en otra parte"
K314,Divertículo gástrico
K290,Gastritis aguda hemorrágica
K291,Otras gastritis agudas
K292,Gastritis alcohólica
K293,Gastritis crónica superficial
K294,Gastritis crónica atrófica
K295,"Gastritis crónica, no especificada"
K296,Otras gastritis
K297,"Gastritis, no especificada"
K298,Duodenitis
K299,"Gastroduodenitis, no especificada"
O365,Atención materna por déficit del crecimiento fetal
O366,Atención materna por crecimiento fetal excesivo
O367,Atención materna por feto viable en embarazo abdominal
O368,Atención materna por otros problemas fetales especificados
O369,Atención materna por problemas fetales no especificados
K230,Esofagitis tuberculosa (A18.8)
K231,Megaesófago en la enfermedad de Chagas (B57.3)
K238,Trastornos del esófago en otras enfermedades clasificadas en otra parte
K460,"Hernia abdominal no especificada, con obstrucción, sin gangrena"
K461,"Hernia abdominal no especificada, con gangrena"
K469,"Hernia abdominal no especificada, sin obstrucción ni gangrena"
K450,"Otras hernias de la cavidad abdominal especificadas, con obstrucción, sin gangrena"
K451,"Otras hernias de la cavidad abdominal especificadas, con gangrena"
K458,"Otras hernias de la cavidad abdominal especificadas, sin obstrucción ni gangrena"
K440,"Hernia diafragmática con obstrucción, sin gangrena"
K441,Hernia diafragmática con gangrena
K449,Hernia diafragmática sin obstrucción ni gangrena
K630,Absceso del intestino
K631,Perforación del intestino (no traumática)
K632,Fístula del intestino
K633,Úlcera del intestino
K634,Enteroptosis
K635,Pólipo del colon
K638,Otras enfermedades especificadas del intestino
K639,"Enfermedad del intestino, no especificada"
K620,Pólipo anal
K621,Pólipo rectal
K622,Prolapso anal
K623,Prolapso rectal
K624,Estenosis del ano y del recto
K625,Hemorragia del ano y del recto
K626,Úlcera del ano y del recto
K627,Proctitis por radiación
J060,Laringofaringitis aguda
J068,Otras infecciones agudas de sitios múltiples de las vías respiratorias superiores
J069,"Infección aguda de las vías respiratorias superiores, no especificada"
J050,"Laringitis obstructiva, aguda [crup]"
J051,Epiglotitis aguda
J180,"Bronconeumonía, no especificada"
J181,"Neumonía lobar, no especificada"
J182,"Neumonía hipostática, no especificada"
J188,"Otras neumonías, de microorganismo no especificado"
J189,"Neumonía, no especificada"
J170,Neumonía en enfermedades bacterianas clasificadas en otra parte
J171,Neumonía en enfermedades virales clasificadas en otra parte
J172,Neumonía en micosis
J173,Neumonía en enfermedades parasitarias
J178,Neumonía en otras enfermedades clasificadas en otra parte
J160,Neumonía debida a clamidias
J168,Neumonía debida a otros microorganismos infecciosos especificados
J150,Neumonía debida a Klebsiella pneumoniae
J151,Neumonía debida a Pseudomonas
J152,Neumonía debida a estafilococos
J153,Neumonía debida a estreptococos del grupo B
J154,Neumonía debida a otros estreptococos
J155,Neumonía debida a Escherichia coli
J156,Neumonía debida a otras bacterias aeróbicas gramnegativas
J157,Neumonía debida a Mycoplasma pneumoniae
J158,Otras neumonías bacterianas
J159,"Neumonía bacteriana, no especificada"
J120,Neumonía debida a adenovirus
J121,Neumonía debida a virus sincitial respiratorio
J122,Neumonía debida a virus parainfluenza
J128,Neumonía debida a otros virus
J129,"Neumonía viral, no especificada"
J390,Absceso retrofaríngeo y parafaríngeo
J391,Otros abscesos de la faringe
J392,Otras enfermedades de la faringe
J393,"Reacción de hipersensibilidad de las vías respiratorias superiores, sitio no especificado"
J398,Otras enfermedades especificadas de las vías respiratorias superiores
J399,"Enfermedad de las vías respiratorias superiores, no especificada"
J380,Parálisis de las cuerdas vocales y de la laringe
J381,Pólipo de las cuerdas vocales y de la laringe
J382,Nódulos de las cuerdas vocales
J383,Otras enfermedades de las cuerdas vocales
J384,Edema de laringe
J385,Espasmo laríngeo
J386,Estenosis laríngea
J387,Otras enfermedades de la laringe
J370,Laringitis crónica
J371,Laringotraqueítis crónica
J350,Amigdalitis crónica
J351,Hipertrofia de las amígdalas
J352,Hipertrofia de las adenoides
J353,Hipertrofia de las amígdalas con hipertrofia de las adenoides
J358,Otras enfermedades crónicas de las amígdalas y de las adenoides
J359,"Enfermedad crónica de las amígdalas y de las adenoides, no especificada"
J340,"Absceso, furúnculo y ántrax de la nariz"
J341,Quiste y mucocele de la nariz y del seno paranasal
J342,Desviación del tabique nasal
J343,Hipertrofia de los cornetes nasales
J348,Otros trastornos especificados de la nariz y de los senos paranasales
J330,Pólipo de la cavidad nasal
J331,Degeneración polipoide de seno paranasal
J338,Otros pólipos de los senos paranasales
J339,"Pólipo nasal, no especificado"
I090,Miocarditis reumática
I091,"Enfermedades reumáticas del endocardio, válvula no especificada"
I092,Pericarditis reumática crónica
I098,Otras enfermedades reumáticas especificadas del corazón
I099,"Enfermedad reumática del corazón, no especificada"
A363,Difteria cutánea
A368,Otras difterias
A369,"Difteria, no especificada"
A546,Infección gonocócica del ano y del recto
A548,Otras infecciones gonocócicas
A549,"Infección gonocócica, no especificada"
N309,"Cistitis, no especificada"
N839,"Enfermedad no inflamatoria del ovario, de la trompa de Falopio y del ligamento ancho, no especificada"
L303,Dermatitis infecciosa
L304,Eritema intertrigo
L305,Pitiriasis alba
L308,Otras dermatitis especificadas
L309,"Dermatitis, no especificada"
I150,Hipertensión renovascular
I151,Hipertensión secundaria a otros trastornos renales
I152,Hipertensión secundaria a trastornos endocrinos
I158,Otros tipos de hipertensión secundaria
I159,"Hipertensión secundaria, no especificada"
I130,Enfermedad cardiorrenal hipertensiva con insuficiencia cardíaca (congestiva)
I131,Enfermedad cardiorrenal hipertensiva con insuficiencia renal
I132,Enfermedad cardiorrenal hipertensiva con insuficiencia cardíaca (congestiva) e insuficiencia renal
I139,"Enfermedad cardiorrenal hipertensiva, no especificada"
I120,Enfermedad renal hipertensiva con insuficiencia renal
I129,Enfermedad renal hipertensiva sin insuficiencia renal
I250,"Enfermedad cardiovascular aterosclerótica, así descrita"
I251,Enfermedad aterosclerótica del corazón
I252,Infarto antiguo del miocardio
I253,Aneurisma cardíaco
I254,Aneurisma de arteria coronaria
I255,Cardiomiopatía isquémica
I256,Isquemia silente del miocardio
I240,Trombosis coronaria que no resulta en infarto del miocardio
I241,Síndrome de Dressler
I248,Otras formas de enfermedad isquémica aguda del corazón
I249,"Enfermedad isquémica aguda del corazón, no especificada"
I230,Hemopericardio como complicación presente posterior al infarto agudo del miocardio
I231,Defecto del tabique auricular como complicación presente posterior al infarto del miocardio
I232,Defecto del tabique ventricular como complicación presente posterior al infarto del miocardio
I233,Ruptura de la pared cardíaca sin hemopericardio como complicación presente posterior al infarto agudo del miocardio
I234,Ruptura de las cuerdas tendinosas como complicación presente posterior al infarto agudo del miocardio
I235,Ruptura de músculo papilar como complicación presente posterior al infarto agudo del miocardio
I236,"Trombosis de la aurícula, apéndice auricular y ventrículo como complicación presente posterior al infarto agudo del miocardio"
I238,Otras complicaciones presentes posteriores al infarto agudo del miocardio
S497,Traumatismos múltiples del hombro y del brazo
S498,Otros traumatismos especificados del hombro y del brazo
S499,Traumatismos no especificados del hombro y del brazo
S480,Amputación traumática en la articulación del hombro
S481,Amputación traumática a nivel entre el hombro y el codo
S489,"Amputación traumática del hombro y del brazo, nivel no especificado"
S460,Traumatismo del tendón del manguito rotatorio del hombro
S461,Traumatismo del tendón y músculo de la cabeza larga del bíceps
S462,Traumatismo del tendón y músculo de otras partes del bíceps
S463,Traumatismo del tendón y músculo del tríceps
S467,Traumatismo de múltiples tendones y músculos a nivel del hombro y del brazo
S468,Traumatismo de otros tendones y músculos a nivel del hombro y del brazo
S469,"Traumatismo de tendón y músculo no especificado, a nivel del hombro y del brazo"
S450,Traumatismo de la arteria axilar
S451,Traumatismo de la arteria braquial
S452,Traumatismo de la vena axilar o braquial
S453,Traumatismo de vena superficial a nivel del hombro y del brazo
S457,Traumatismo de múltiples vasos sanguíneos a nivel del hombro y del brazo
S458,Traumatismo de otros vasos sanguíneos a nivel del hombro y del brazo
S459,Traumatismo de vaso sanguíneo no especificado a nivel del hombro y del brazo
S440,Traumatismo del nervio cubital a nivel del brazo
S441,Traumatismo del nervio mediano a nivel del brazo
S442,Traumatismo del nervio radial a nivel del brazo
S443,Traumatismo del nervio axilar
S444,Traumatismo del nervio musculocutáneo
S445,Traumatismo del nervio sensitivo cutáneo a nivel del hombro y del brazo
S447,Traumatismo de múltiples nervios a nivel del hombro y del brazo
S597,Traumatismos múltiples del antebrazo
S598,Otros traumatismos especificados del antebrazo
S599,Traumatismo no especificado del antebrazo
S580,Amputación traumática a nivel del codo
S581,Amputación traumática nivel entre el codo y la muñeca
S589,"Amputación traumática del antebrazo, nivel no especificado"
S570,Traumatismo por aplastamiento del codo
S578,Traumatismo por aplastamiento de otras partes del antebrazo
S579,"Traumatismo por aplastamiento del antebrazo, parte no especificada"
S560,Traumatismo del tendón y músculo flexor del pulgar a nivel del antebrazo
S561,Traumatismo del tendón y músculo flexor de otro(s) dedo(s) a nivel del antebrazo
S562,Traumatismo de otro tendón y músculo flexor a nivel del antebrazo
S563,Traumatismo de tendones y músculos abductores y extensores del pulgar a nivel del antebrazo
S564,Traumatismo del tendón y músculo extensor de otro(s) dedo(s) a nivel del antebrazo
S565,Traumatismo de otro tendón y músculo extensor a nivel del antebrazo
S567,Traumatismo de múltiples tendones y músculos a nivel del antebrazo
S568,"Traumatismo de otros tendones y músculos y de los no especificados, a nivel del antebrazo"
S550,Traumatismo de la arteria cubital a nivel del antebrazo
S551,Traumatismo de la arteria radial a nivel del antebrazo
S552,Traumatismo de vena a nivel del antebrazo
S557,Traumatismo de múltiples vasos sanguíneos a nivel del antebrazo
S558,Traumatismo de otros vasos sanguíneos a nivel del antebrazo
S559,Traumatismo de vaso sanguíneo no especificado a nivel del antebrazo
B020,Encefalitis debida a herpes zoster (G05.1)
B021,Meningitis debida a herpes zoster (G02.0)
B022,Herpes zoster con otros compromisos del sistema nervioso
B023,Herpes zoster ocular
B027,Herpes zoster diseminado
B028,Herpes zoster con otras complicaciones
B010,Meningitis debida a varicela (G02.0)
B011,Encefalitis debida a varicela (G05.1)
B012,Neumonía debida a varicela (J17.1)
B018,Varicela con otras complicaciones
B019,Varicela sin complicaciones
B000,Eczema herpético
B001,Dermatitis vesicular herpética
B002,Gingivoestomatitis y faringoamigdalitis herpética
B003,Meningitis herpética (G02.0)
B004,Encefalitis herpética (G05.1)
B005,Oculopatía herpética
B007,Enfermedad herpética diseminada
B008,Otras formas de infecciones herpéticas
B009,"Infección debida al virus del herpes, no especificada"
S680,Amputación traumática del pulgar (completa) (parcial)
S681,Amputación traumática de otro dedo único (completa) (parcial)
S682,Amputación traumática de dos o más dedos solamente (completa) (parcial)
S683,Amputación traumática combinada (de parte) de dedo(s) con otras partes de la muñeca y de la mano
S684,Amputación traumática de la mano a nivel de la muñeca
S688,Amputación traumática de otras partes de la muñeca y de la mano
S689,"Amputación traumática de la muñeca y de la mano, nivel no especificado"
S670,Traumatismo por aplastamiento del pulgar y otro(s) dedo(s)
S678,Traumatismo por aplastamiento de otras partes y de las no especificadas de la muñeca y de la mano
S660,Traumatismo del tendón y músculo flexor largo del pulgar a nivel de la muñeca y de la mano
S661,Traumatismo del tendón y músculo flexor de otro dedo a nivel de la muñeca y de la mano
S662,Traumatismo del tendón y músculo extensor del pulgar a nivel de la muñeca y de la mano
S663,Traumatismo del tendón y músculo extensor de otro(s) dedo(s) a nivel de la muñeca y de la mano
S664,Traumatismo del músculo y tendón intrínseco del pulgar a nivel de la muñeca y de la mano
S665,Traumatismo del músculo y tendón intrínseco de otro(s) dedo(s) a nivel de la muñeca y de la mano
S666,Traumatismo de múltiples tendones y músculos flexores a nivel de la muñeca y de la mano
S667,Traumatismo de múltiples tendones y músculos extensores a nivel de la muñeca y de la mano
S668,Traumatismo de otros tendones y músculos a nivel de la muñeca y de la mano
S669,"Traumatismo de tendón y músculo no especificado, a nivel de la muñeca y de la mano"
S650,Traumatismo de la arteria cubital a nivel de la muñeca y de la mano
S651,Traumatismo de la arteria radial a nivel de la muñeca y de la mano
S652,Traumatismo del arco palmar superficial
S653,Traumatismo del arco palmar profundo
S654,Traumatismo de vaso(s) sanguíneo(s) del pulgar
S655,Traumatismo de vaso(s) sanguíneo(s) de otro dedo
S657,Traumatismo de múltiples vasos sanguíneos a nivel de la muñeca y de la mano
S658,Traumatismo de otros vasos sanguíneos a nivel de la muñeca y de la mano
S659,"Traumatismo de vaso sanguíneo no especificado, a nivel de la muñeca y de la mano"
S640,Traumatismo del nervio cubital a nivel de la muñeca y de la mano
S641,Traumatismo del nervio mediano a nivel de la muñeca y de la mano
S642,Traumatismo del nervio radial a nivel de la muñeca y de la mano
S643,Traumatismo del nervio digital del pulgar
S644,Traumatismo del nervio digital de otro dedo
S647,Traumatismo de múltiples nervios a nivel de la muñeca y de la mano
S648,Traumatismo de otros nervios a nivel de la muñeca y de la mano
S649,Traumatismo de nervio no especificado a nivel de la muñeca y de la mano
S630,Luxación de la muñeca
S631,Luxación de dedos de la mano
S632,Luxaciones múltiples de dedos de la mano
S633,Ruptura traumática de ligamentos de la muñeca y del carpo
S634,Ruptura traumática de ligamentos del dedo de la mano en la(s) articulación(es) metacarpofalángica e interfalángica
S635,Esguince y torcedura de la muñeca
S636,Esguinces y torceduras de dedo(s) de la mano
S637,Esguinces y torceduras de otras partes y de las no especificadas de la muñeca y de la mano
S620,Fractura del hueso escafoides [navicular] de la mano
S621,Fractura de otro(s) hueso(s) del carpo
S622,Fractura del primer metacarpiano
S623,Fractura de otros huesos metacarpianos
S624,Fracturas múltiples de huesos metacarpianos
S625,Fractura del pulgar
S626,Fractura de otro dedo de la mano
S627,Fracturas múltiples de los dedos de la mano
S628,Fractura de otras partes y de las no especificadas de la muñeca y de la mano
S797,Traumatismos múltiples de la cadera y del muslo
S798,Otros traumatismos especificados de la cadera y del muslo
S799,Traumatismo no especificado de la cadera y del muslo
S780,Amputación traumática de la articulación de la cadera
S781,Amputación traumática en algún nivel entre la cadera y la rodilla
S789,"Amputación traumática de cadera y muslo, nivel no especificado"
S770,Traumatismo por aplastamiento de la cadera
S771,Traumatismo por aplastamiento del muslo
S772,Traumatismo por aplastamiento de la cadera con el muslo
S760,Traumatismo del tendón y músculo de la cadera
S761,Traumatismo del tendón y músculo cuádriceps
S762,Traumatismo del tendón y músculo aductor mayor del muslo
S763,Traumatismo de tendón y músculo del grupo muscular posterior a nivel del muslo
S764,Traumatismo de otros tendones y músculos y los no especificados a nivel del muslo
S767,Traumatismo de múltiples tendones y músculos a nivel de la cadera y del muslo
S750,Traumatismo de la arteria femoral
S751,Traumatismo de la vena femoral a nivel de la cadera y del muslo
S752,Traumatismo de la gran vena safena a nivel de la cadera y del muslo
S757,Traumatismo de múltiples vasos sanguíneos a nivel de la cadera y del muslo
S758,Traumatismo de otros vasos sanguíneos a nivel de la cadera y del muslo
S759,Traumatismo de vaso sanguíneo no especificado a nivel de la cadera y del muslo
S740,Traumatismo del nervio ciático a nivel de la cadera y del muslo
S741,Traumatismo del nervio femorocutáneo a nivel de la cadera y del muslo
S742,Traumatismo del nervio sensorial cutáneo a nivel de la cadera y del muslo
S747,Traumatismo de nervios múltiples a nivel de la cadera y del muslo
S748,Traumatismo de otros nervios a nivel de la cadera y del muslo
S749,Traumatismo de nervio no especificado a nivel de la cadera y del muslo
S730,Luxación de la cadera
S731,Esguinces y torceduras de la cadera
S897,Traumatismos múltiples de la pierna
S898,"Otros traumatismos de la pierna, especificados"
S899,"Traumatismo de la pierna, no especificado"
S880,Amputación traumática a nivel de la rodilla
S881,Amputación traumática en algún nivel entre la rodilla y el tobillo
S889,"Amputación traumática de la pierna, nivel no especificado"
S870,Traumatismo por aplastamiento de la rodilla
S878,Traumatismo por aplastamiento de otras partes y de las no especificadas de la pierna
S860,Traumatismo del tendón de Aquiles
S861,Traumatismo de otro(s) tendón(es) y músculo(s) del grupo muscular posterior a nivel de la pierna
S862,Traumatismo de tendón(es) y músculo(s) del grupo muscular anterior a nivel de la pierna
S863,Traumatismo de tendón(es) y músculo(s) del grupo muscular peroneo a nivel de la pierna
S867,Traumatismo de múltiples tendones y músculos a nivel de la pierna
S868,Traumatismo de otros tendones y músculos a nivel de la pierna
S869,Traumatismo de tendón y músculo no especificado a nivel de la pierna
S850,Traumatismo de la arteria poplítea
S851,Traumatismo de la arteria tibial (anterior) (posterior)
S852,Traumatismo de la arteria peronea
S853,Traumatismo de la gran vena safena a nivel de la pierna
S854,Traumatismo de la vena safena externa a nivel de la pierna
S855,Traumatismo de la vena poplítea
S857,Traumatismo de vasos sanguíneos múltiples a nivel de la pierna
S840,Traumatismo del nervio tibial a nivel de la pierna
S841,Traumatismo del nervio peroneo a nivel de la pierna
S842,Traumatismo del nervio sensorial cutáneo a nivel de la pierna
S847,Traumatismo de nervios múltiples a nivel de la pierna
S848,Traumatismo de otros nervios a nivel de la pierna
S849,Traumatismo de nervio no especificado a nivel de la pierna
B190,Hepatitis viral no especificada con coma
B199,Hepatitis viral no especificada sin coma
K076,Trastornos de la articulación temporomaxilar
K078,Otras anomalías dentofaciales
K079,"Anomalía dentofacial, no especificada"
B180,"Hepatitis viral tipo B crónica, con agente delta"
B181,"Hepatitis viral tipo B crónica, sin agente delta"
B182,Hepatitis viral tipo C crónica
B188,Otras hepatitis virales crónicas
B189,"Hepatitis viral crónica, sin otra especificación"
K315,Obstrucción del duodeno
K316,Fístula del estómago y del duodeno
K317,Pólipo del estómago y del duodeno
K318,Otras enfermedades especificadas del estómago y del duodeno
K319,"Enfermedad del estómago y del duodeno, no especificada"
B170,Infección (superinfección) aguda por agente delta en el portador de hepatitis B
B171,Hepatitis aguda tipo C
B172,Hepatitis aguda tipo E
B178,Otras hepatitis virales agudas especificadas
B160,"Hepatitis aguda tipo B, con agente delta (coinfección), con coma hepático"
B161,"Hepatitis aguda tipo B, con agente delta (coinfección), sin coma hepático"
B162,"Hepatitis aguda tipo B, sin agente delta, con coma hepático"
B169,"Hepatitis aguda tipo B, sin agente delta y sin coma hepático"
B150,"Hepatitis aguda tipo A, con coma hepático"
B159,"Hepatitis aguda tipo A, sin coma hepático"
S997,Traumatismos múltiples del pie y del tobillo
S998,"Otros traumatismos del pie y del tobillo, especificados"
S999,"Traumatismo del pie y del tobillo, no especificado"
S980,Amputación traumática del pie a nivel del tobillo
S981,Amputación traumática de un dedo del pie
S982,Amputación traumática de dos o más dedos del pie
S983,Amputación traumática de otras partes del pie
S984,"Amputación del pie, nivel no especificado"
S970,Traumatismo por aplastamiento del tobillo
S971,Traumatismo por aplastamiento de dedo(s) del pie
S978,Traumatismo por aplastamiento de otras partes del pie y del tobillo
S960,Traumatismo del tendón y músculo del flexor largo del dedo a nivel del pie y del tobillo
S961,Traumatismo del tendón y músculo del extensor largo del (de los) dedo(s) a nivel del pie y del tobillo
S962,Traumatismo de tendones y músculos intrínsecos a nivel del pie y del tobillo
S967,Traumatismo de múltiples tendones y músculos a nivel del pie y del tobillo
S968,Traumatismo de otros tendones y músculos a nivel del pie y del tobillo
S969,Traumatismo de tendones y músculos no especificados a nivel del pie y del tobillo
S950,Traumatismo de la arteria dorsal del pie
S951,Traumatismo de la arteria plantar del pie
S952,Traumatismo de la vena dorsal del pie
S957,Traumatismo de múltiples vasos sanguíneos a nivel del pie y del tobillo
S958,Traumatismo de otros vasos sanguíneos a nivel del pie y del tobillo
S959,Traumatismo de vaso sanguíneo no especificado a nivel del pie y del tobillo
S940,Traumatismo del nervio plantar externo
S941,Traumatismo del nervio plantar interno
S942,Traumatismo del nervio peroneal profundo a nivel del pie y del tobillo
S943,Traumatismo de nervio sensorial cutáneo a nivel del pie y del tobillo
S947,Traumatismo de múltiples nervios a nivel del pie y del tobillo
S948,Traumatismo de otros nervios a nivel del pie y del tobillo
S949,Traumatismo de nervio no especificado a nivel del pie y del tobillo
T060,Traumatismos del encéfalo y de nervios craneales con traumatismo de nervios y médula espinal a nivel del cuello
T061,Traumatismos de nervios y médula espinal que afectan otras múltiples regiones del cuerpo
T062,Traumatismos de nervios que afectan múltiples regiones del cuerpo
T063,Traumatismos de vasos sanguíneos que afectan múltiples regiones del cuerpo
T064,Traumatismos de tendones y músculos que afectan múltiples regiones del cuerpo
T065,Traumatismos de órganos intratorácicos con órganos intraabdominales y pélvicos
T068,Otros traumatismos especificados que afectan múltiples regiones del cuerpo
T050,Amputación traumática de ambas manos
T051,"Amputación traumática de una mano y el otro brazo [cualquier nivel, excepto mano]"
T052,Amputación traumática de ambos brazos [cualquier nivel]
T040,Traumatismos por aplastamiento que afectan la cabeza con el cuello
T030,"Luxaciones, torceduras y esguinces que afectan la cabeza con el cuello"
T020,Fracturas que afectan la cabeza con el cuello
B230,Síndrome de infección aguda debida a VIH
B231,"Enfermedad por VIH, resultante en linfadenopatía generalizada (persistente)"
K628,Otras enfermedades especificadas del ano y del recto
K629,"Enfermedad del ano y del recto, no especificada"
B220,"Enfermedad por VIH, resultante en encefalopatía"
B221,"Enfermedad por VIH, resultante en neumonitis linfoide intersticial"
B222,"Enfermedad por VIH, resultante en síndrome caquéctico"
B227,"Enfermedad por VIH, resultante en enfermedades múltiples clasificadas en otra parte"
B210,"Enfermedad por VIH, resultante en sarcoma de Kaposi"
B211,"Enfermedad por VIH, resultante en linfoma de Burkitt"
B212,"Enfermedad por VIH, resultante en otros tipos de linfoma no Hodgkin"
B213,"Enfermedad por VIH, resultante en otros tumores malignos del tejido linfoide, hematopoyético y tejidos relacionados"
B217,"Enfermedad por VIH, resultante en tumores malignos múltiples"
B218,"Enfermedad por VIH, resultante en otros tumores malignos"
B219,"Enfermedad por VIH, resultante en tumores malignos no especificados"
B200,"Enfermedad por VIH, resultante en infección por micobacterias"
B201,"Enfermedad por VIH, resultante en otras infecciones bacterianas"
B202,"Enfermedad por VIH, resultante en enfermedad por citomegalovirus"
B203,"Enfermedad por VIH, resultante en otras infecciones virales"
B204,"Enfermedad por VIH, resultante en candidiasis"
B205,"Enfermedad por VIH, resultante en otras micosis"
B206,"Enfermedad por VIH, resultante en neumonía por Pneumocystis jirovecii"
B207,"Enfermedad por VIH, resultante en infecciones múltiples"
B208,"Enfermedad por VIH, resultante en otras enfermedades infecciosas o parasitarias"
B209,"Enfermedad por VIH, resultante en enfermedad infecciosa o parasitaria no especificada"
Z130,Examen de pesquisa especial para enfermedades de la sangre y órganos hematopoyéticos y ciertos trastornos del mecanismo de la inmunidad
Z131,Examen de pesquisa especial para diabetes mellitus
Z132,Examen de pesquisa especial para trastornos de la nutrición
Z133,Examen de pesquisa especial para trastornos mentales y del comportamiento
Z134,Examen de pesquisa especial para ciertos trastornos del desarrollo en el niño
Z135,Examen de pesquisa especial para trastornos del ojo y del oído
Z136,Examen de pesquisa especial para trastornos cardiovasculares
Z137,"Examen de pesquisa especial para malformaciones congénitas, deformidades y anomalías cromosómicas"
Z120,Examen de pesquisa especial para tumor de estómago
Z121,Examen de pesquisa especial para tumor del intestino
Z122,Examen de pesquisa especial para tumores de órganos respiratorios
Z123,Examen de pesquisa especial para tumor de la mama
Z124,Examen de pesquisa especial para tumor del cuello uterino
Z125,Examen de pesquisa especial para tumor de la próstata
Z110,Examen de pesquisa especial para enfermedades infecciosas intestinales
Z111,Examen de pesquisa especial para tuberculosis respiratoria
Z112,Examen de pesquisa especial para otras enfermedades bacterianas
Z113,Examen de pesquisa especial para infecciones de transmisión predominantemente sexual
Z114,Examen de pesquisa especial para el virus de la inmunodeficiencia humana [VIH]
Z115,Examen de pesquisa especial para otras enfermedades virales
Z116,Examen de pesquisa especial para otras enfermedades debidas a protozoarios y helmintos
Z118,Examen de pesquisa especial para otras enfermedades infecciosas y parasitarias especificadas
Z119,Examen de pesquisa especial para enfermedades infecciosas y parasitarias no especificadas
Z100,Examen de salud ocupacional
Z101,Control general de salud de rutina de residentes de instituciones
Z102,Control general de salud de rutina a miembros de las fuerzas armadas
Z103,Control general de salud de rutina a integrantes de equipos deportivos
Z108,Otros controles generales de salud de rutina de otras subpoblaciones definidas
Z090,Examen de seguimiento consecutivo a cirugía por otras afecciones
Z091,Examen de seguimiento consecutivo a radioterapia por otras afecciones
Z092,Examen de seguimiento consecutivo a quimioterapia por otras afecciones
Z093,Examen de seguimiento consecutivo a psicoterapia
Z094,Examen de seguimiento consecutivo a tratamiento de fractura
Z290,Aislamiento
Z291,Inmunoterapia profiláctica
Z292,Otra quimioterapia profiláctica
Z298,Otras medidas profiláticas especificadas
Z299,Medida profiláctica no especificada
Z280,Inmunización no realizada por contraindicación
Z281,"Inmunización no realizada por decisión del paciente, por motivos de creencia o presión de grupo"
Z282,"Inmunización no realizada por decisión del paciente, por otras razones y las no especificadas"
Z288,Inmunización no realizada por otras razones
Z289,Inmunización no realizada por razón no especificada
Z270,Necesidad de inmunización contra el cólera y la tifoidea–paratifoidea [cólera + TAB]
Z271,Necesidad de inmunización contra difteria–pertussis–tétanos combinados [DPT]
Z272,Necesidad de inmunización contra difteria–pertussis–tétanos y tifoidea–paratifoidea [DPT + TAB]
Z273,Necesidad de inmunización contra difteria–pertussis–tétanos y poliomielitis [DPT + polio]
Z274,Necesidad de inmunización contra sarampión–parotiditis–rubéola [SPR] [MMR]
Z278,Necesidad de inmunización contra otras combinaciones de enfermedades infecciosas
Z279,Necesidad de inmunización contra combinaciones no especificadas de enfermedades infecciosas
Z260,Necesidad de inmunización contra la leishmaniasis
Z268,Necesidad de inmunización contra otras enfermedades infecciosas únicas especificadas
Z269,Necesidad de inmunización contra enfermedad infecciosa no especificada
Z250,Necesidad de inmunización sólo contra la parotiditis
Z251,Necesidad de inmunización contra la influenza [gripe]
Z258,Necesidad de inmunización contra otras enfermedades virales únicas especificadas
Z240,Necesidad de inmunización contra la poliomielitis
Z241,Necesidad de inmunización contra la encefalitis viral transmitida por artrópodos
Z242,Necesidad de inmunización contra la rabia
Z243,Necesidad de inmunización contra la fiebre amarilla
Z244,Necesidad de inmunización sólo contra el sarampión
Z245,Necesidad de inmunización sólo contra la rubéola
Z246,Necesidad de inmunización contra la hepatitis viral
Z230,Necesidad de inmunización sólo contra el cólera
Z231,Necesidad de inmunización sólo contra la tifoidea–paratifoidea [TAB]
Z232,Necesidad de inmunización contra la tuberculosis [BCG]
Z233,Necesidad de inmunización contra la peste
Z234,Necesidad de inmunización contra la tularemia
Z235,Necesidad de inmunización sólo contra el tétanos
Z236,Necesidad de inmunización sólo contra la difteria
Z237,Necesidad de inmunización sólo contra la tos ferina
Z238,Necesidad de inmunización sólo contra otra enfermedad bacteriana
Z390,Atención y examen inmediatamente después del parto
Z391,Atención y examen de madre en período de lactancia
Z392,"Seguimiento postparto, de rutina"
Z380,"Producto único, nacido en hospital"
Z381,"Producto único, nacido fuera de hospital"
Z382,"Producto único, lugar de nacimiento no especificado"
Z383,"Gemelos, nacidos en hospital"
Z384,"Gemelos, nacidos fuera de hospital"
Z385,"Gemelos, lugar de nacimiento no especificado"
Z386,"Otros nacimientos múltiples, en hospital"
Z370,"Nacido vivo, único"
Z371,"Nacido muerto, único"
Z372,"Gemelos, ambos nacidos vivos"
Z373,"Gemelos, un nacido vivo y un nacido muerto"
Z374,"Gemelos, ambos nacidos muertos"
Z375,"Otros nacimientos múltiples, todos nacidos vivos"
Z376,"Otros nacimientos múltiples, algunos nacidos vivos"
Z377,"Otros nacimientos múltiples, todos nacidos muertos"
Z360,Pesquisa prenatal para anomalías cromosómicas
Z361,Pesquisa prenatal para medir niveles elevados de alfafetoproteínas
Z362,Otras pesquisas prenatales basadas en amniocentesis
Z363,Pesquisa prenatal de malformaciones usando ultrasonido y otros métodos físicos
Z364,Pesquisa prenatal del retardo del crecimiento fetal usando ultrasonido y otros métodos físicos
Z365,Pesquisa prenatal para isoinmunización
Z368,Otras pesquisas prenatales específicas
Z350,Supervisión de embarazo con historia de esterilidad
Z351,Supervisión de embarazo con historia de aborto
Z352,Supervisión de embarazo con otro riesgo en la historia obstétrica o reproductiva
Z353,Supervisión de embarazo con historia de insuficiente atención prenatal
Z354,Supervisión de embarazo con gran multiparidad
Z355,Supervisión de primigesta añosa
Z356,Supervisión de primigesta muy joven
Z357,Supervisión de embarazo de alto riesgo debido a problemas sociales
B360,Pitiriasis versicolor
B361,Tiña negra
B362,Piedra blanca
B363,Piedra negra
B368,Otras micosis superficiales especificadas
B369,"Micosis superficial, sin otra especificación"
B350,Tiña de la barba y del cuero cabelludo
B351,Tiña de las uñas
B352,Tiña de la mano
B353,Tiña del pie [Tinea pedis]
B354,Tiña del cuerpo [Tinea corporis]
B355,Tiña imbricada [Tinea imbricata]
B356,Tiña inguinal [Tinea cruris]
B358,Otras dermatofitosis
B359,"Dermatofitosis, no especificada"
B530,Paludismo debido a Plasmodium ovale
B531,Paludismo debido a plasmodios de los simios
B538,"Otro paludismo confirmado parasitológicamente, no clasificado en otra parte"
B520,Paludismo debido a Plasmodium malariae con nefropatía
B528,Paludismo debido a Plasmodium malariae con otras complicaciones
B529,"Paludismo debido a Plasmodium malariae, sin complicaciones"
B510,Paludismo debido a Plasmodium vivax con ruptura esplénica
B518,Paludismo debido a Plasmodium vivax con otras
B519,"Paludismo debido a Plasmodium vivax, sin complicaciones"
B500,Paludismo debido a Plasmodium falciparum con complicaciones cerebrales
B508,Otro paludismo grave y complicado debido a Plasmodium falciparum
B509,"Paludismo debido a Plasmodium falciparum, sin otra especificación"
B680,Teniasis debida a Taenia solium
B681,Infección debida a Taenia saginata
B689,"Teniasis, no especificada"
B670,Infección del hígado debida a Echinococcus granulosus
B671,Infección del pulmón debida a Echinococcus granulosus
B672,Infección de hueso debida a Echinococcus granulosus
B673,Infección de otro órgano y de sitios múltiples debida a Echinococcus granulosus
B674,"Infección debida a Echinococcus granulosus, sin otra especificación"
B675,Infección del hígado debida a Echinococcus multilocularis
B676,Infección de otro órgano y de sitios múltiples debida a Echinococcus multilocularis
B677,"Infección debida a Echinococcus multilocularis, sin otra especificación"
B678,"Equinococosis del hígado, no especificada"
B679,"Equinococosis, otra y la no especificada"
B660,Opistorquiasis
B661,Clonorquiasis
B662,Dicrocoeliasis
B663,Fascioliasis
B664,Paragonimiasis
B665,Fasciolopsiasis
B668,Otras infecciones especificadas debidas a trematodos
B669,"Infección debida a trematodos, no especificada"
B650,Esquistosomiasis debida a Schistosoma haematobium
B651,Esquistosomiasis debida a Schistosoma mansoni [esquistosomiasis intestinal]
B652,Esquistosomiasis debida a Schistosoma japonicum
B653,Dermatitis por cercarias
B658,Otras esquistosomiasis
B659,"Esquistosomiasis, no especificada"
B880,Otras acariasis
B881,Tungiasis [infección debida a pulga de arena]
B882,Otras infestaciones debidas a artrópodos
B883,Hirudiniasis externa
B888,Otras infestaciones especificadas
B889,"Infestación, no especificada"
B870,Miasis cutánea
B871,Miasis en heridas
B872,Miasis ocular
B873,Miasis nasofaríngea
B874,Miasis aural
B850,Pediculosis debida a Pediculus humanus capitis
B851,Pediculosis debida a Pediculus humanus corporis
B852,"Pediculosis, sin otra especificación"
B853,Phthiriasis
B854,Pediculosis y phthiriasis mixtas
B940,Secuelas de tracoma
B941,Secuelas de encefalitis viral
B942,Secuelas de hepatitis viral
B900,Secuelas de tuberculosis del sistema nervioso central
B901,Secuelas de tuberculosis genitourinaria
B902,Secuelas de tuberculosis de huesos y articulaciones
B908,Secuelas de tuberculosis de otros órganos especificados
B970,Adenovirus como causa de enfermedades clasificadas en otros capítulos
B971,Enterovirus como causa de enfermedades clasificadas en otros capítulos
B972,Coronavirus como causa de enfermedades clasificadas en otros capítulos
B973,Retrovirus como causa de enfermedades clasificadas en otros capítulos
B960,Mycoplasma pneumoniae [M. pneumoniae] como causa de enfermedades clasificadas en otros capítulos
B961,Klebsiella pneumoniae [K. pneumoniae] como causa de enfermedades clasificadas en otros capítulos
B962,Escherichia coli [E. coli] como causa de enfermedades clasificadas en otros capítulos
B963,Haemophilus influenzae [H. influenzae] como causa de enfermedades clasificadas en otros capítulos
B964,Proteus (mirabilis) (morganii) como causa de enfermedades clasificadas en otros capítulos
B950,"Estreptococo, grupo A, como causa de enfermedades clasificadas en otros capítulos"
B951,"Estreptococo, grupo B, como causa de enfermedades clasificadas en otros capítulos"
B952,"Estreptococo, grupo D, como causa de enfermedades clasificadas en otros capítulos"
B953,Streptococcus pneumoniae como causa de enfermedades clasificadas en otros capítulos
B954,Otros estreptococos como causa de enfermedades clasificadas en otros capítulos
M990,Disfunción segmental o somática
M991,Complejo de subluxación (vertebral)
M992,Subluxación con estenosis del canal neural
M993,Estenosis ósea del canal neural
M994,Estenosis del canal neural por tejido conjuntivo
M995,Estenosis del canal neural por disco intervertebral
M960,Seudoartrosis consecutiva a fusión o artrodesis
M961,"Síndrome postlaminectomía, no clasificado en otra parte"
M962,Cifosis postradiación
M963,Cifosis postlaminectomía
M964,Lordosis postquirúrgica
M965,Escoliosis postradiación
M950,Deformidad adquirida de la nariz
M951,Oreja en coliflor
M952,Otras deformidades adquiridas de la cabeza
M953,Deformidad adquirida del cuello
M954,Deformidad adquirida de costillas y tórax
L540,Eritema marginado en la fiebre reumática aguda (I00)
L548,Eritema en otras enfermedades clasificadas en otra parte
L530,Eritema tóxico
L531,Eritema anular centrífugo
L532,Eritema marginado
L533,Otros eritemas figurados crónicos
L538,Otras afecciones eritematosas especificadas
L539,"Afección eritematosa, no especificada"
L510,Eritema multiforme no flictenular
L511,Eritema multiforme flictenular
L512,Necrólisis epidérmica tóxica [Lyell]
L518,Otros eritemas multiformes
L519,"Eritema multiforme, no especificado"
L500,Urticaria alérgica
L501,Urticaria idiopática
L502,Urticaria debida al calor y al frío
L503,Urticaria dermatográfica
L504,Urticaria vibratoria
L505,Urticaria colinérgica
L506,Urticaria por contacto
L508,Otras urticarias
L509,"Urticaria, no especificada"
L590,Eritema ab igne [dermatitis ab igne]
L598,Otros trastornos especificados de la piel y del tejido subcutáneo relacionados con radiación
L599,Trastornos no especificados de la piel y del tejido subcutáneo relacionados con radiación
L580,Radiodermatitis aguda
L581,Radiodermatitis crónica
L589,"Radiodermatitis, no especificada"
L570,Queratosis actínica
L571,Reticuloide actínico
L572,Piel romboidal de la nuca
L573,Poiquilodermia de Civatte
L574,Piel laxa senil
L575,Granuloma actínico
L578,Otros cambios de la piel debidos a exposición crónica a radiación no ionizante
L579,"Cambios de la piel debidos a exposición crónica a radiación no ionizante, sin otra especificación"
L560,Respuesta fototóxica a drogas
L561,Respuesta fotoalérgica a drogas
L562,Dermatitis por fotocontacto [dermatitis de berloque]
L563,Urticaria solar
L564,Erupción polimorfa a la luz
L568,Otros cambios agudos especificados de la piel debidos a radiación ultravioleta
L569,"Cambio agudo de la piel debido a radiación ultravioleta, sin otra especificación"
L550,Quemadura solar de primer grado
L551,Quemadura solar de segundo grado
L552,Quemadura solar de tercer grado
L558,Otras quemaduras solares
L630,Alopecia (capitis) total
L631,Alopecia universal
L632,Ofiasis
L638,Otras alopecias areatas
L639,"Alopecia areata, no especificada"
L620,Uña deforme de la paquidermoperiostosis (M89.4)
L628,Trastornos de las uñas en otras enfermedades clasificadas en otra parte
L600,Uña encarnada
L601,Onicólisis
L602,Onicogriposis
L603,Distrofia ungueal
L604,Líneas de Beau
L605,Síndrome de la uña amarilla
L608,Otros trastornos de las uñas
L609,"Trastorno de la uña, no especificado"
L810,Hiperpigmentación postinflamatoria
L811,Cloasma
L812,Efélide
L813,Manchas café con leche
L814,Otros tipos de hiperpigmentación melanodérmica
K670,Peritonitis por clamidias (A74.8)
K671,Peritonitis gonocócica (A54.8)
K672,Peritonitis sifilítica (A52.7)
K673,Peritonitis tuberculosa (A18.3)
K678,Otros trastornos del peritoneo en enfermedades infecciosas clasificadas en otra parte
K660,Adherencias peritoneales
K661,Hemoperitoneo
K668,Otros trastornos especificados del peritoneo
K669,"Trastorno del peritoneo, no especificado"
K650,Peritonitis aguda
K658,Otras peritonitis
K659,"Peritonitis, no especificada"
K760,"Degeneración grasa del hígado, no clasificada en otra parte"
K761,Congestión pasiva crónica del hígado
K762,Necrosis hemorrágica central del hígado
K763,Infarto del hígado
K764,Peliosis hepática
K765,Enfermedad veno–oclusiva del hígado
K766,Hipertensión portal
K767,Síndrome hepatorrenal
K768,Otras enfermedades especificadas del hígado
K769,"Enfermedad del hígado, no especificada"
K750,Absceso del hígado
K751,Flebitis de la vena porta
K752,Hepatitis reactiva no específica
K753,"Hepatitis granulomatosa, no clasificada en otra parte"
K754,Hepatitis autoinmune
K758,"Otras enfermedades inflamatorias del hígado, especificadas"
K759,"Enfermedad inflamatoria del hígado, no especificada"
K740,Fibrosis hepática
K741,Esclerosis hepática
K742,Fibrosis hepática con esclerosis hepática
K743,Cirrosis biliar primaria
K744,Cirrosis biliar secundaria
K745,"Cirrosis biliar, no especificada"
K746,Otras cirrosis del hígado y las no especificadas
K730,"Hepatitis crónica persistente, no clasificada en otra parte"
K731,"Hepatitis crónica lobular, no clasificada en otra parte"
K732,"Hepatitis crónica activa, no clasificada en otra parte"
K738,"Otras hepatitis crónicas, no clasificadas en otra parte"
K739,"Hepatitis crónica, no especificada"
K720,Insuficiencia hepática aguda o subaguda
K721,Insuficiencia hepática crónica
K729,"Insuficiencia hepática, no especificada"
K710,"Enfermedad tóxica del hígado, con colestasis"
K711,Enfermedad tóxica del hígado con necrosis hepática
K712,Enfermedad tóxica del hígado con hepatitis aguda
K700,Hígado alcohólico adiposo
K701,Hepatitis alcohólica
K702,"Fibrosis y esclerosis del hígado, alcohólica"
K820,Obstrucción de la vesícula biliar
K821,Hidropesía de la vesícula biliar
K822,Perforación de la vesícula biliar
K810,Colecistitis aguda
K811,Colecistitis crónica
K818,Otras colecistitis
K819,"Colecistitis, no especificada"
K800,Cálculo de la vesícula biliar con colecistitis aguda
K801,Cálculo de la vesícula biliar con otra colecistitis
K802,Cálculo de la vesícula biliar sin colecistitis
K803,Cálculo de conducto biliar con colangitis
K804,Cálculo de conducto biliar con colecistitis
K930,"Trastornos tuberculosos del intestino, peritoneo y ganglios mesentéricos (A18.3)"
K931,Megacolon en la enfermedad de Chagas (B57.3)
K938,Trastornos de otros órganos digestivos especificados en enfermedades clasificadas en otra parte
K920,Hematemesis
K921,Melena
K922,"Hemorragia gastrointestinal, no especificada"
K928,Otras enfermedades especificadas del sistema digestivo
K929,"Enfermedad del sistema digestivo, no especificada"
K910,Vómito postcirugía gastrointestinal
K911,Síndromes consecutivos a la cirugía gástrica
K912,"Malabsorción postquirúrgica, no clasificada en otra parte"
K913,Obstrucción intestinal postoperatoria
K900,Enfermedad celíaca
K901,Esprue tropical
K902,"Síndrome del asa ciega, no clasificado en otra parte"
K903,Esteatorrea pancreática
K904,"Malabsorción debida a intolerancia, no clasificada en otra parte"
K908,Otros tipos de malabsorción intestinal
I258,Otras formas de enfermedad isquémica crónica del corazón
I259,"Enfermedad isquémica crónica del corazón, no especificada"
J430,Síndrome de MacLeod
J431,Enfisema panlobular
J432,Enfisema centrolobular
J438,Otros tipos de enfisema
J439,"Enfisema, no especificado"
J410,Bronquitis crónica simple
J411,Bronquitis crónica mucopurulenta
J418,Bronquitis crónica mixta simple y mucopurulenta
S448,Traumatismo de otros nervios a nivel del hombro y del brazo
S449,Traumatismo de nervio no especificado a nivel del hombro y del brazo
B029,Herpes zoster sin complicaciones
J840,Afecciones alveolares y alveoloparietales
J841,Otras enfermedades pulmonares intersticiales con fibrosis
J848,Otras enfermedades pulmonares intersticiales especificadas
J849,"Enfermedad pulmonar intersticial, no especificada"
J860,Piotórax con fístula
J869,Piotórax sin fístula
J850,Gangrena y necrosis del pulmón
J851,Absceso del pulmón con neumonía
J852,Absceso del pulmón sin neumonía
J853,Absceso del mediastino
J940,Quilotórax
J941,Fibrotórax
J942,Hemotórax
J948,Otras afecciones especificadas de la pleura
J949,"Afección pleural, no especificada"
J930,Neumotórax espontáneo a presión
J931,Otros tipos de neumotórax espontáneo
J938,Otros neumotórax
J939,"Neumotórax, no especificado"
J920,Paquipleuritis con asbestosis
J929,Paquipleuritis sin asbestosis
J980,"Enfermedades de la tráquea y de los bronquios, no clasificadas en otra parte"
J981,Colapso pulmonar
J982,Enfisema intersticial
J983,Enfisema compensatorio
J984,Otros trastornos del pulmón
J985,"Enfermedades del mediastino, no clasificadas en otra parte"
J986,Trastornos del diafragma
J960,Insuficiencia respiratoria aguda
J961,Insuficiencia respiratoria crónica
J969,"Insuficiencia respiratoria, no especificada"
J950,Funcionamiento defectuoso de la traqueostomía
J951,Insuficiencia pulmonar aguda consecutiva a cirugía torácica
J952,Insuficiencia pulmonar aguda consecutiva a cirugía extratorácica
J953,Insuficiencia pulmonar crónica consecutiva a cirugía
J954,Síndrome de Mendelson
J955,Estenosis subglótica consecutiva a procedimientos
I280,Fístula arteriovenosa de los vasos pulmonares
I281,Aneurisma de la arteria pulmonar
I288,Otras enfermedades especificadas de los vasos pulmonares
I289,"Enfermedad de los vasos pulmonares, no especificada"
I271,Enfermedad cifoscoliótica del corazón
I272,Otras hipertensiones pulmonares secundarias
I278,Otras enfermedades cardiopulmonares especificadas
I279,"Enfermedad pulmonar del corazón, no especificada"
I260,Embolia pulmonar con mención de corazón pulmonar agudo
I269,Embolia pulmonar sin mención de corazón pulmonar agudo
I310,Pericarditis crónica adhesiva
I311,Pericarditis constrictiva crónica
I312,"Hemopericardio, no clasificado en otra parte"
I313,Derrame pericárdico (no inflamatorio)
I318,Otras enfermedades especificadas del pericardio
I319,"Enfermedad del pericardio, no especificada"
I300,Pericarditis idiopática aguda inespecífica
I301,Pericarditis infecciosa
I308,Otras formas de pericarditis aguda
I309,"Pericarditis aguda, no especificada"
S858,Traumatismo de otros vasos sanguíneos a nivel de la pierna
S859,Traumatismo de vaso sanguíneo no especificado a nivel de la pierna
T053,Amputación traumática de ambos pies
T054,"Amputación traumática de un pie y la otra pierna [cualquier nivel, excepto pie]"
T055,Amputación traumática de ambas piernas [cualquier nivel]
T056,"Amputación traumática de miembros superior(es) e inferior(es), cualquier combinación [cualquier nivel]"
T058,Amputación traumática que afecta otras combinaciones de regiones del cuerpo
T059,"Amputaciones traumáticas múltiples, no especificadas"
T041,"Traumatismos por aplastamiento que afectan el tórax con el abdomen, la región lumbosacra y la pelvis"
T042,Traumatismos por aplastamiento que afectan múltiples regiones del (de los) miembro(s) superior(es)
T043,Traumatismos por aplastamiento que afectan múltiples regiones del (de los) miembro(s) inferior(es)
T044,Traumatismos por aplastamiento que afectan múltiples regiones del (de los) miembro(s) superior(es) con miembros inferior(es)
T047,"Traumatismos por aplastamiento del tórax, del abdomen, de la región lumbosacra y de la pelvis con miembro(s)"
T048,Traumatismos por aplastamiento que afectan otras combinaciones de regiones del cuerpo
T049,"Traumatismos por aplastamiento múltiple, no especificados"
T031,"Luxaciones, torceduras y esguinces que afectan el tórax con la región lumbosacra y la pelvis"
T032,"Luxaciones, torceduras y esguinces que afectan múltiples regiones del (de los) miembros(s) superior(es)"
T033,"Luxaciones, torceduras y esguinces que afectan múltiples regiones del (de los) miembros(s) inferior(es)"
T034,"Luxaciones, torceduras y esguinces que afectan múltiples regiones del (de los) miembro(s) superior(es) con miembro(s) inferior(es)"
T038,"Luxaciones, torceduras y esguinces que afectan otras combinaciones de regiones del cuerpo"
T039,"Luxaciones, torceduras y esguinces múltiples, no especificados"
T021,Fracturas que afectan el tórax con la región lumbosacra y la pelvis
T022,Fracturas que afectan múltiples regiones de un miembro superior
T023,Fracturas que afectan múltiples regiones de un miembro inferior
T024,Fracturas que afectan múltiples regiones de ambos miembros superiores
T025,Fracturas que afectan múltiples regiones de ambos miembros inferiores
T026,Fracturas que afectan múltiples regiones de miembro(s) superior(es) con miembro(s) inferior(es)
T027,Fracturas que afectan el tórax con la región lumbosacra y la pelvis con miembro(s)
T028,Fracturas que afectan otras combinaciones de las regiones del cuerpo
T029,"Fracturas múltiples, no especificadas"
B232,"Enfermedad por VIH, resultante en anormalidades inmuno­lógicas y hematológicas, no clasificadas en otra parte"
B238,"Enfermedad por VIH, resultante en otras afecciones especificadas"
I630,Infarto cerebral debido a trombosis de arterias precerebrales
I631,Infarto cerebral debido a embolia de arterias precerebrales
I632,Infarto cerebral debido a oclusión o estenosis no especificada de arterias precerebrales
I633,Infarto cerebral debido a trombosis de arterias cerebrales
I634,Infarto cerebral debido a embolia de arterias cerebrales
I635,Infarto cerebral debido a oclusión o estenosis no especificada de arterias cerebrales
I636,"Infarto cerebral debido a trombosis de venas cerebrales, no piógeno"
I638,Otros infartos cerebrales
I639,"Infarto cerebral, no especificado"
I620,Hemorragia subdural (aguda) (no traumática)
I621,Hemorragia extradural no traumática
I629,"Hemorragia intracraneal (no traumática), no especificada"
I610,"Hemorragia intracerebral en hemisferio, subcortical"
I611,"Hemorragia intracerebral en hemisferio, cortical"
I612,"Hemorragia intracerebral en hemisferio, no especificada"
I613,Hemorragia intraencefálica en tallo cerebral
I614,Hemorragia intraencefálica en cerebelo
I615,"Hemorragia intraencefálica, intraventricular"
I616,Hemorragia intraencefálica de localizaciones múltiples
I618,Otras hemorragias intraencefálicas
I619,"Hemorragia intraencefálica, no especificada"
I600,Hemorragia subaracnoidea de sifón y bifurcación carotídea
I601,Hemorragia subaracnoidea de arteria cerebral media
I602,Hemorragia subaracnoidea de arteria comunicante anterior
I603,Hemorragia subaracnoidea de arteria comunicante posterior
I604,Hemorragia subaracnoidea de arteria basilar
I605,Hemorragia subaracnoidea de arteria vertebral
I606,Hemorragia subaracnoidea de otras arterias intracraneales
I607,Hemorragia subaracnoidea de arteria intracraneal no especificada
I608,Otras hemorragias subaracnoideas
I609,"Hemorragia subaracnoidea, no especificada"
I740,Embolia y trombosis de la aorta abdominal
I741,Embolia y trombosis de otras porciones y las no especificadas de la aorta
I742,Embolia y trombosis de arterias de los miembros superiores
I743,Embolia y trombosis de arterias de los miembros inferiores
I744,"Embolia y trombosis de arterias de los miembros, no especificadas"
I745,Embolia y trombosis de arteria iliaca
I748,Embolia y trombosis de otras arterias
I749,Embolia y trombosis de arteria no especificada
I730,Síndrome de Raynaud
I731,Tromboangeítis obliterante [Buerger]
I738,Otras enfermedades vasculares periféricas especificadas
I739,"Enfermedad vascular periférica, no especificada"
I720,Aneurisma de la arteria carótida
I721,Aneurisma de arteria del miembro superior
I722,Aneurisma de arteria renal
I723,Aneurisma de arteria iliaca
I724,Aneurisma de arteria del miembro inferior
I710,Disección de aorta (cualquier parte)
I711,Ruptura de aneurisma de la aorta torácica
I712,"Aneurisma de la aorta torácica, sin mención de ruptura"
I713,Ruptura de aneurisma de la aorta abdominal
I714,"Aneurisma de la aorta abdominal, sin mención de ruptura"
I715,Ruptura de aneurisma de la aorta toracoabdominal
I716,"Aneurisma de la aorta toracoabdominal, sin mención de ruptura"
I718,"Ruptura de aneurisma aórtico, sitio no especificado"
I719,"Aneurisma de la aorta, sitio no especificado, sin mención de ruptura"
I700,Aterosclerosis de la aorta
I701,Aterosclerosis de la arteria renal
I702,Aterosclerosis de las arterias de los miembros
I708,Aterosclerosis de otras arterias
I709,Aterosclerosis generalizada y la no especificada
I840,Hemorroides internas trombosadas
I841,Hemorroides internas con otras complicaciones
I842,Hemorroides internas sin complicación
I843,Hemorroides externas trombosadas
I844,Hemorroides externas con otras complicaciones
I845,Hemorroides externas sin complicación
I846,"Prominencias cutáneas, residuo de hemorroides"
I847,Hemorroides trombosadas no especificadas
I848,"Hemorroides no especificadas, con otras complicaciones"
I849,"Hemorroides no especificadas, sin complicación"
I830,Venas varicosas de los miembros inferiores con úlcera
I831,Venas varicosas de los miembros inferiores con inflamación
I832,Venas varicosas de los miembros inferiores con úlcera e inflamación
I839,Venas varicosas de los miembros inferiores sin úlcera ni inflamación
I820,Síndrome de Budd–Chiari
I821,Tromboflebitis migratoria
I822,Embolia y trombosis de vena cava
I823,Embolia y trombosis de vena renal
I828,Embolia y trombosis de otras venas especificadas
I829,Embolia y trombosis de vena no especificada
I800,Flebitis y tromboflebitis de vasos superficiales de los miembros inferiores
I801,Flebitis y tromboflebitis de la vena femoral
I802,Flebitis y tromboflebitis de otros vasos profundos de los miembros inferiores
I803,"Flebitis y tromboflebitis de los miembros inferiores, no especificada"
I808,Flebitis y tromboflebitis de otros sitios
I809,Flebitis y tromboflebitis de sitio no especificado
I980,Sífilis cardiovascular
I981,Trastornos cardiovasculares en otras enfermedades infecciosas y parasitarias clasificadas en otra parte
I982,Várices esofágicas en enfermedades clasificadas en otra parte
I988,Otros trastornos especificados del aparato circulatorio en enfermedades clasificadas en otra parte
I970,Síndrome de postcardiotomía
I971,Otras alteraciones funcionales consecutivas a cirugía cardíaca
I972,Síndrome de linfedema postmastectomía
I978,"Otros trastornos del sistema circulatorio consecutivos a procedimientos, no clasificados en otra parte"
I979,Trastorno no especificado del sistema circulatorio consecutivo a procedimientos
I950,Hipotensión idiopática
I951,Hipotensión ortostática
I952,Hipotensión debida a drogas
I958,Otros tipos de hipotensión
I959,"Hipotensión, no especificada"
T130,"Traumatismo superficial de miembro inferior, nivel no especificado"
T131,"Herida de miembro inferior, nivel no especificado"
T132,"Luxación, esguince o torcedura de articulación y ligamentos no especificados de miembro inferior, nivel no especificado"
T133,"Traumatismo de nervios no especificados de miembro inferior, nivel no especificado"
T134,"Traumatismo de vasos sanguíneos no especificados de miembro inferior, nivel no especificado"
T135,"Traumatismo de tendones y músculos no especificados de miembro inferior, nivel no especificado"
T136,"Amputación traumática de miembro inferior, nivel no especificado"
T138,"Otros traumatismos especificados de miembro inferior, nivel no especificado"
T110,"Traumatismo superficial de miembro superior, nivel no especificado"
T111,"Herida de miembro superior, nivel no especificado"
T112,"Luxación, esguince o torcedura de articulación o ligamento no especificado de miembro superior, nivel no especificado"
T113,"Traumatismo de nervio no especificado de miembro superior, nivel no especificado"
T114,"Traumatismo de vasos sanguíneos no especificados de miembro superior, nivel no especificado"
T115,"Traumatismo de tendón y músculo no especificados de miembro superior, nivel no especificado"
T116,"Amputación traumática de miembro superior, nivel no especificado"
T118,"Otros traumatismos especificados de miembro superior, nivel no especificado"
T119,"Traumatismo no especificado de miembro superior, nivel no especificado"
T090,"Traumatismo superficial del tronco, nivel no especificado"
T091,"Herida del tronco, nivel no especificado"
T092,"Luxación, esguince o torcedura de articulación y ligamentos del tronco, no especificado"
T093,"Traumatismo de la médula espinal, nivel no especificado"
T094,"Traumatismo de nervios, raíz de nervio espinal y plexos del tronco no especificados"
T095,Traumatismo de tendones y músculos del tronco no especificados
T096,"Amputación traumática del tronco, nivel no especificado"
T098,"Otros traumatismos especificados del tronco, nivel no especificado"
T099,"Traumatismo no especificado del tronco, nivel no especificado"
T170,Cuerpo extraño en seno paranasal
T171,Cuerpo extraño en el orificio nasal
T172,Cuerpo extraño en la faringe
T173,Cuerpo extraño en la laringe
T174,Cuerpo extraño en la tráquea
T175,Cuerpo extraño en bronquios
T178,Cuerpo extraño en otras y en múltiples partes de las vías respiratorias
T179,"Cuerpo extraño en las vías respiratorias, parte no especificada"
T150,Cuerpo extraño en la córnea
T151,Cuerpo extraño en el saco conjuntival
T158,Cuerpo extraño en otras y en múltiples partes de la parte externa del ojo
T159,"Cuerpo extraño en parte externa del ojo, sitio no especificado"
T29,Quemaduras y corrosiones de múltiples regiones del cuerpo
T30,"Quemadura y corrosión, región del cuerpo no especificada"
T26,Quemadura y corrosión limitada al ojo y sus anexos
T27,Quemadura y corrosión de las vías respiratorias
T28,Quemadura y corrosión de otros órganos internos
T20,Quemadura y corrosión de la cabeza y del cuello
T21,Quemadura y corrosión del tronco
T22,"Quemadura y corrosión del hombro y miembro superior, excepto de la muñeca y de la mano"
T23,Quemadura y corrosión de la muñeca y de la mano
T350,Congelamiento superficial que afecta múltiples regiones del cuerpo
T351,Congelamiento con necrosis tisular que afecta múltiples regiones del cuerpo
T352,Congelamiento no especificado de la cabeza y del cuello
T353,"Congelamiento no especificado del tórax, del abdomen, de la región lumbosacra y de la pelvis"
T354,Congelamiento no especificado del miembro superior
T355,Congelamiento no especificado del miembro inferior
T356,Congelamiento no especificado que afecta múltiples regiones del cuerpo
T357,"Congelamiento no especificado, de sitio no especificado"
T340,Congelamiento con necrosis tisular de la cabeza
T341,Congelamiento con necrosis tisular del cuello
T342,Congelamiento con necrosis tisular del tórax
T343,"Congelamiento con necrosis tisular de la pared abdominal, región lumbosacra y pelvis"
T344,Congelamiento con necrosis tisular del brazo
T345,Congelamiento con necrosis tisular de la muñeca y de la mano
T346,Congelamiento con necrosis tisular de la cadera y del muslo
T347,Congelamiento con necrosis tisular de la rodilla y de la pierna
T348,Congelamiento con necrosis tisular del tobillo y del pie
T349,Congelamiento con necrosis tisular de otros sitios y de los no especificados
T330,Congelamiento superficial de la cabeza
T331,Congelamiento superficial del cuello
T332,Congelamiento superficial del tórax
T333,"Congelamiento superficial de la pared abdominal, región lumbosacra y pelvis"
T334,Congelamiento superficial del brazo
T380,Glucocorticoides y análogos sintéticos
T381,Hormonas tiroideas y sustitutos
T382,Drogas antitiroideas
T383,Insulina y drogas hipoglucemiantes orales [antidiabéticas]
T384,Anticonceptivos orales
T370,Sulfonamidas
T371,Drogas antimicobacterianas
T372,Antipalúdicos y drogas de acción contra otros protozoarios sanguíneos
T373,Otras drogas antiprotozoarias
T374,Antihelmínticos
T375,Drogas antivirales
T378,Otros antiinfecciosos y antiparasitarios sistémicos especificados
T379,"Antiinfecciosos y antiparasitarios sistémicos, no especificados"
Z138,Examen de pesquisa especial para otras enfermedades y trastornos especificados
Z139,"Examen de pesquisa especial, no especificado"
Z126,Examen de pesquisa especial para tumor de la vejiga
Z128,Examen de pesquisa especial para tumores de otros sitios
Z129,Examen de pesquisa especial para tumor de sitio no especificado
T360,Penicilinas
T361,Cefalosporinas y otros antibióticos beta-lactámicos
T362,Grupo del cloramfenicol
T363,Macrólidos
T364,Tetraciclinas
T365,Aminoglucósidos
T366,Rifamicinas
T367,Antibióticos antimicóticos usados sistémicamente
T368,Otros antibióticos sistémicos
T369,"Antibióticos sistémicos, no especificados"
Z097,Examen de seguimiento consecutivo a tratamiento combinado por otras afecciones
Z098,Examen de seguimiento consecutivo a otro tratamiento por otras afecciones
Z099,Examen de seguimiento consecutivo a tratamiento no especificado por otras afecciones
T540,Fenol y homólogos del fenol
T541,Otros compuestos orgánicos corrosivos
T542,Ácidos corrosivos y sustancias ácidas similares
T543,Álcalis cáusticos y sustancias alcalinas similares
T549,"Efecto tóxico de sustancia corrosiva, no especificada"
T530,Tetracloruro de carbono
T531,Cloroformo
T532,Tricloroetileno
T533,Tetracloroetileno
T534,Dicloroetano
T535,Clorofluorocarburos
T536,Otros derivados halogenados de hidrocarburos alifáticos
T537,Otros derivados halogenados de hidrocarburos aromáticos
T539,"Derivados halogenados de hidrocarburos alifáticos y aromáticos, no especificados"
T520,Productos del petróleo
T521,Benceno
T522,Homólogos del benceno
T523,Glicoles
T524,Cetonas
T528,Otros disolventes orgánicos
T529,"Disolventes orgánicos, no especificados"
Z387,"Otros nacimientos múltiples, fuera del hospital"
Z388,"Otros nacimientos múltiples, lugar de nacimiento no especificado"
Z379,Producto del parto no especificado
T510,Etanol
T511,Metanol
T512,Propanol–2
T513,Licor de alcohol insuficientemente destilado
T518,Otros alcoholes
T519,"Alcohol, no especificado"
Z369,"Pesquisa prenatal, sin otra especificación"
T700,Barotrauma otítico
T701,Barotrauma sinusal
T702,Otros efectos y los no especificados de la gran altitud
T703,Enfermedad por descompresión [de los cajones sumergidos]
T704,Efectos de líquidos con alta presión
T708,Otros efectos de la presión del aire y del agua
T709,"Efecto de la presión del aire y del agua, no especificado"
T690,Mano y pie de inmersión
T691,Sabañón(es)
T698,Otros efectos especificados de la reducción de la temperatura
T699,"Efecto de la reducción de la temperatura, no especificado"
T670,Golpe de calor e insolación
T671,Síncope por calor
T672,Calambre por calor
T673,"Agotamiento por calor, anhidrótico"
T674,Agotamiento por calor debido a depleción de sal
T675,"Agotamiento por calor, no especificado"
Z410,Trasplante de pelo
Z411,Otras cirugías plásticas por razones estéticas
Z412,Circuncisión ritual o de rutina
Z400,Cirugía profiláctica por factores de riesgo relacionados con tumores malignos
Z408,Otra cirugía profiláctica
Z409,Cirugía profiláctica no especificada
Z600,Problemas relacionados con el ajuste a las transiciones del ciclo vital
Z601,Problemas relacionados con situación familiar atípica
Z602,Problemas relacionados con persona que vive sola
Z603,Problemas relacionados con la adaptación cultural
Z590,Problemas relacionados con la falta de vivienda
Z591,Problemas relacionados con vivienda inadecuada
Z592,Problemas caseros y con vecinos e inquilinos
Z593,Problemas relacionados con persona que reside en una institución
Z580,Exposición al ruido
Z581,Exposición al aire contaminado
Z570,Exposición ocupacional al ruido
Z571,Exposición ocupacional a la radiación
Z572,Exposición ocupacional al polvo
Z573,Exposición ocupacional a otro contaminante del aire
Z574,Exposición ocupacional a agentes tóxicos en agricultura
Z560,"Problemas relacionados con el desempleo, no especificados"
Z561,Problemas relacionados con el cambio de empleo
Z562,Problemas relacionados con amenaza de pérdida del empleo
Z563,Problemas relacionados con horario estresante de trabajo
Z564,Problemas relacionados con desavenencias con el jefe y los compañeros de trabajo
Z550,Problemas relacionados con el analfabetismo o bajo nivel de instrucción
Z551,Problemas relacionados con la educación no disponible o inaccesible
Z552,Problemas relacionados con la falla en los exámenes
Z553,Problemas relacionados con el bajo rendimiento escolar
Z554,Problemas relacionados con la inadaptación educacional y desavenencias con maestros y compañeros
Z558,Otros problemas relacionados con la educación y la alfabetización
Z559,Problema no especificado relacionado con la educación y la alfabetización
Z760,Consulta para repetición de receta
Z761,Consulta para atención y supervisión de la salud del niño abandonado
Z762,Consulta para atención y supervisión de la salud de otros niños o lactantes sanos
Z763,Persona sana que acompaña al enfermo
Z764,Otro huésped en servicios de salud
Z765,Persona que consulta con simulación consciente [simulador]
Z750,Problemas relacionados con servicio médico no disponible en el domicilio
Z751,Problemas relacionados con persona esperando admisión en una institución apropiada en otro lugar
Z752,Problemas relacionados con persona en otro período de espera para investigación y tratamiento
Z753,Problemas relacionados con atención de salud no disponible o inaccesible
Z754,Problemas relacionados con otros servicios asistenciales no disponibles o inaccesibles
Z755,Problemas relacionados con la atención durante vacaciones de la familia
Z758,Otros problemas relacionados con servicios médicos y de salud
Z759,Problema no especificado relacionado con servicios médicos y de salud
Z740,Problemas relacionados con movilidad reducida
Z741,Problemas relacionados con la necesidad de ayuda para el cuidado personal
Z742,Problemas relacionados con la necesidad de asistencia domiciliaria y que ningún otro miembro del hogar puede proporcionar
Z743,Problemas relacionados con la necesidad de supervisión continua
Z748,Otros problemas relacionados con dependencia del prestador de servicios
Z749,Problema no especificado relacionado con dependencia del prestador de servicios
Z730,Problemas relacionados con la enfermedad consuntiva
Z731,Problemas relacionados con la acentuación de rasgos de la personalidad
Z732,Problemas relacionados con la falta de relajación y descanso
Z733,"Problemas relacionados con el estrés, no clasificados en otra parte"
Z720,Problemas relacionados con el uso del tabaco
Z721,Problemas relacionados con el uso del alcohol
Z722,Problemas relacionados con el uso de drogas
Z723,Problemas relacionados con la falta de ejercicio físico
Z724,Problemas relacionados con la dieta y hábitos alimentarios inapropiados
Z725,Problemas relacionados con la conducta sexual de alto riesgo
Z726,Problemas relacionados con el juego y las apuestas
Z710,Persona que consulta en nombre de otra persona
Z711,"Persona que teme estar enferma, a quien no se hace diagnóstico"
Z712,Persona que consulta para la explicación de hallazgos de investigación
Z713,Consulta para instrucción y vigilancia de la dieta
Z714,Consulta para asesoría y vigilancia por abuso de alcohol
Z715,Consulta para asesoría y vigilancia por abuso de drogas
Z716,Consulta para asesoría por abuso de tabaco
Z358,Supervisión de otros embarazos de alto riesgo
Z359,"Supervisión de embarazo de alto riesgo, sin otra especificación"
B878,Miasis de otros sitios
B879,"Miasis, no especificada"
B948,Secuelas de otras enfermedades infecciosas y parasitarias especificadas
B949,Secuelas de enfermedades infecciosas y parasitarias no especificadas
B909,Secuelas de tuberculosis respiratoria y de tuberculosis no especificada
B974,Virus sincicial respiratorio como causa de enfermedades clasificadas en otros capítulos
B975,Reovirus como causa de enfermedades clasificadas en otros capítulos
B976,Parvovirus como causa de enfermedades clasificadas en otros capítulos
B977,Papilomavirus como causa de enfermedades clasificadas en otros capítulos
B978,Otros agentes virales como causa de enfermedades clasificadas en otros capítulos
B965,Pseudomonas (aeruginosa) (mallei) (pseudomallei) como causa de enfermedades clasificadas en otros capítulos
B966,Bacillus fragilis [B. fragilis] como causa de enfermedades
B967,Clostridium perfringens [C. perfringens] como causa de enfermedades clasificadas en otros capítulos
B968,Otros agentes bacterianos especificados como causa de enfermedades clasificadas en otros capítulos
B955,Estreptococo no especificado como causa de enfermedades clasificadas en otros capítulos
B956,Staphylococcus aureus como causa de enfermedades clasificadas en otros capítulos
B957,Otros estafilococos como causa de enfermedades clasificadas en otros capítulos
B958,"Estafilococo no especificado, como causa de enfermedades clasificadas en otros capítulos"
M996,Estenosis ósea y subluxación de los agujeros intervertebrales
M997,Estenosis de los agujeros intervertebrales por tejido conjuntivo o por disco intervertebral
M998,Otras lesiones biomecánicas
M999,"Lesión biomecánica, no especificada"
M966,"Fractura de hueso posterior a inserción o implante ortopédico, prótesis articular o placa ósea"
M968,Otros trastornos osteomusculares consecutivos a procedimientos
M969,Trastornos osteomusculares no especificados consecutivos a procedimientos
M955,Deformidad adquirida de la pelvis
M958,Otras deformidades adquiridas especificadas del sistema osteomuscular
M959,"Deformidad adquirida del sistema osteomuscular, no especificada"
L559,"Quemadura solar, no especificada"
L815,"Leucodermia, no clasificada en otra parte"
L816,Otros trastornos de disminución de la formación de la melanina
L817,Dermatosis purpúrica pigmentada
L818,Otros trastornos especificados de la pigmentación
L819,"Trastorno de la pigmentación, no especificado"
K713,Enfermedad tóxica del hígado con hepatitis crónica persistente
K714,Enfermedad tóxica del hígado con hepatitis crónica lobular
K715,Enfermedad tóxica del hígado con hepatitis crónica activa
K716,Enfermedad tóxica del hígado con hepatitis no clasificada en otra parte
K717,Enfermedad tóxica del hígado con cirrosis y fibrosis del hígado
K718,Enfermedad tóxica del hígado con otros trastornos hepáticos
K719,"Enfermedad tóxica del hígado, no especificada"
K703,Cirrosis hepática alcohólica
K704,Insuficiencia hepática alcohólica
K709,"Enfermedad hepática alcohólica, no especificada"
K823,Fístula de la vesícula biliar
K824,Colesterolosis de la vesícula biliar
K828,Otras enfermedades especificadas de la vesícula biliar
K829,"Enfermedad de la vesícula biliar, no especificada"
K805,Cálculo de conducto biliar sin colangitis ni colecistitis
K808,Otras colelitiasis
K914,Disfunción de colostomía o enterostomía
K915,Síndrome postcolecistectomía
K918,"Otros trastornos del sistema digestivo consecutivos a procedimientos, no clasificados en otra parte"
K919,Trastorno no especificado del sistema digestivo consecutivo a procedimientos
K909,"Malabsorción intestinal, no especificada"
J988,Otros trastornos respiratorios especificados
J989,"Trastorno respiratorio, no especificado"
J958,Otros trastornos respiratorios consecutivos a procedimientos
J959,"Trastorno no especificado del sistema respiratorio, consecutivo a procedimientos"
Z700,Consulta relacionada con la actitud sexual
Z701,Consulta relacionada con la orientación y conducta sexual del paciente
Z702,Consulta relacionada con la orientación y conducta sexual de una tercera persona
Z703,"Consulta relacionada con preocupaciones combinadas sobre la actitud, la conducta y la orientación sexuales"
Z708,Otras consultas sexuales específicas
Z709,"Consulta sexual, no especificada"
Z840,Historia familiar de enfermedades de la piel y del tejido subcutáneo
Z841,Historia familiar de trastornos del riñón y del uréter
Z842,Historia familiar de otras enfermedades del sistema genitourinario
Z843,Historia familiar de consanguinidad
Z848,Historia familiar de otras afecciones especificadas
Z830,Historia familiar de infección por el virus de la inmunodeficiencia humana [VIH]
Z831,Historia familiar de otras enfermedades infecciosas y parasitarias
Z832,Historia familiar de enfermedades de la sangre y de los órganos hematopoyéticos y de ciertos trastornos del mecanismo inmunológico
Z833,Historia familiar de diabetes mellitus
Z834,"Historia familiar de otras enfermedades endocrinas, nutricionales y metabólicas"
Z835,Historia familiar de trastornos de los ojos y de los oídos
Z836,Historia familiar de enfermedades del sistema respiratorio
Z837,Historia familiar de enfermedades del sistema digestivo
Z820,Historia familiar de epilepsia y otras enfermedades del sistema nervioso
Z821,Historia familiar de ceguera o pérdida de la visión
Z822,Historia familiar de sordera o pérdida de la audición
Z823,Historia familiar de apoplejía
Z824,Historia familiar de enfermedad isquémica del corazón y otras enfermedades del sistema circulatorio
Z825,Historia familiar de asma y de otras enfermedades crónicas de las vías respiratorias inferiores
Z826,Historia familiar de artritis y otras enfermedades del sistema osteomuscular y tejido conjuntivo
Z827,"Historia familiar de malformaciones congénitas, deformidades y otras anomalías cromosómicas"
Z828,Historia familiar de otras discapacidades y enfermedades crónicas incapacitantes no clasificadas en otra parte
Z810,Historia familiar de retardo mental
Z811,Historia familiar de abuso de alcohol
Z812,Historia familiar de abuso del tabaco
Z813,Historia familiar de abuso de otras sustancias psicoactivas
Z814,Historia familiar de abuso de otras sustancias
Z818,Historia familiar de otros trastornos mentales y del comportamiento
Z800,Historia familiar de tumor maligno de órganos digestivos
Z801,"Historia familiar de tumor maligno de tráquea, bronquios y pulmón"
Z802,Historia familiar de tumor maligno de otros órganos respiratorios e intratorácicos
Z803,Historia familiar de tumor maligno de mama
Z804,Historia familiar de tumor maligno de órganos genitales
Z805,Historia familiar de tumor maligno de vías urinarias
Z806,Historia familiar de leucemia
Z807,"Historia familiar de otros tumores malignos del tejido linfoide, hematopoyético y tejidos relacionados"
Z808,Historia familiar de tumor maligno de otros órganos o sistemas especificados
Z809,"Historia familiar de tumor maligno, de sitio no especificado"
R200,Anestesia de la piel
R201,Hipoestesia de la piel
R202,Parestesia de la piel
R203,Hiperestesia
R208,Otras alteraciones de la sensibilidad cutánea y las no especificadas
R290,Tetania
R291,Meningismo
R292,Reflejos anormales
R293,Postura anormal
R294,Chasquido de la cadera
R270,"Ataxia, no especificada"
R278,Otras fallas de la coordinación y las no especificadas
R260,Marcha atáxica
R261,Marcha paralítica
R262,"Dificultad para caminar, no clasificada en otra parte"
R268,Otras anormalidades de la marcha y de la movilidad y las no especificadas
R250,Movimientos anormales de la cabeza
R251,Temblor no especificado
R252,Calambres y espasmos
R253,Fasciculación
R258,Otros movimientos anormales involuntarios y los no especificados
R300,Disuria
R301,Tenesmo vesical
R309,"Micción dolorosa, no especificada"
R410,Desorientación no especificada
R411,Amnesia anterógrada
R412,Amnesia retrógrada
R413,Otra amnesia
R418,Otros síntomas y signos que involucran la función cognoscitiva y la conciencia y los no especificados
R400,Somnolencia
R401,Estupor
R402,"Coma, no especificado"
R490,Disfonía
R491,Afonía
R492,Hipernasalidad e hiponasalidad
R498,Otras alteraciones de la voz y las no especificadas
R480,Dislexia y alexia
R481,Agnosia
R482,Apraxia
R488,Otras disfunciones simbólicas y las no especificadas
R470,Disfasia y afasia
R471,Disartria y anartria
R478,Otras alteraciones del habla y las no especificadas
Q050,Espina bífida cervical con hidrocéfalo
Q051,Espina bífida torácica con hidrocéfalo
Q052,Espina bífida lumbar con hidrocéfalo
Q053,Espina bífida sacra con hidrocéfalo
Q054,"Espina bífida con hidrocéfalo, sin otra especificación"
Q055,Espina bífida cervical sin hidrocéfalo
Q056,Espina bífida torácica sin hidrocéfalo
Q057,Espina bífida lumbar sin hidrocéfalo
Q058,Espina bífida sacra sin hidrocéfalo
Q059,"Espina bífida, no especificada"
Q040,Malformaciones congénitas del cuerpo calloso
Q041,Arrinencefalia
Q042,Holoprosencefalia
Q043,Otras anomalías hipoplásicas del encéfalo
Q030,Malformaciones del acueducto de Silvio
Q031,Atresia de los agujeros de Magendie y de Luschka
Q038,Otros hidrocéfalos congénitos
Q039,"Hidrocéfalo congénito, no especificado"
Q010,Encefalocele frontal
Q011,Encefalocele nasofrontal
Q012,Encefalocele occipital
Q018,Encefalocele de otros sitios
Q019,"Encefalocele, no especificado"
Q000,Anencefalia
Q001,Craneorraquisquisis
Q002,Iniencefalia
Q120,Catarata congénita
Q121,Desplazamiento congénito del cristalino
Q122,Coloboma del cristalino
Q123,Afaquia congénita
Q124,Esferofaquia
Q128,Otras malformaciones congénitas del cristalino
Q129,"Malformación congénita del cristalino, no especificada"
Q110,Globo ocular quístico
Q111,Otras anoftalmías
Q112,Microftalmía
Q113,Macroftalmía
I728,Aneurisma de otras arterias especificadas
I729,Aneurisma de sitio no especificado
Q100,Blefaroptosis congénita
Q101,Ectropión congénito
Q102,Entropión congénito
Q103,Otras malformaciones congénitas de los párpados
Q104,Ausencia y agenesia del aparato lagrimal
Q105,Estenosis y estrechez congénitas del conducto lagrimal
Q106,Otras malformaciones congénitas del aparato lagrimal
Q107,Malformación congénita de la órbita
Q250,Conducto arterioso permeable
Q251,Coartación de la aorta
Q252,Atresia de la aorta
Q253,Estenosis de la aorta
Q254,Otras malformaciones congénitas de la aorta
Q255,Atresia de la arteria pulmonar
Q256,Estenosis de la arteria pulmonar
Q257,Otras malformaciones congénitas de la arteria pulmonar
Q258,Otras malformaciones congénitas de las grandes arterias
Q259,"Malformación congénita de las grandes arterias, no especificada"
Q240,Dextrocardia
Q241,Levocardia
Q242,Corazón triauricular
Q243,Estenosis del infundíbulo pulmonar
Q244,Estenosis subaórtica congénita
Q245,Malformación de los vasos coronarios
Q246,Bloqueo cardíaco congénito
Q248,"Otras malformaciones congénitas del corazón, especificadas"
Q249,"Malformación congénita del corazón, no especificada"
Q230,Estenosis congénita de la válvula aórtica
Q231,Insuficiencia congénita de la válvula aórtica
Q232,Estenosis mitral congénita
Q233,Insuficiencia mitral congénita
Q234,Síndrome de hipoplasia del corazón izquierdo
Q238,Otras malformaciones congénitas de las válvulas aórtica y mitral
Q239,"Malformación congénita de las válvulas aórtica y mitral, no especificada"
Q220,Atresia de la válvula pulmonar
Q221,Estenosis congénita de la válvula pulmonar
Q222,Insuficiencia congénita de la válvula pulmonar
Q223,Otras malformaciones congénitas de la válvula pulmonar
Q224,Estenosis congénita de la válvula tricúspide
Q225,Anomalía de Ebstein
Q226,Síndrome de hipoplasia del corazón derecho
Q228,Otras malformaciones congénitas de la válvula tricúspide
Q229,"Malformación congénita de la válvula tricúspide, no especificada"
Q210,Defecto del tabique ventricular
Q211,Defecto del tabique auricular
Q212,Defecto del tabique auriculoventricular
Q213,Tetralogía de Fallot
Q214,Defecto del tabique aortopulmonar
Q218,Otras malformaciones congénitas de los tabiques cardíacos
Q200,Tronco arterioso común
Q201,Transposición de los grandes vasos en ventrículo derecho
Q202,Transposición de los grandes vasos en ventrículo izquierdo
Q203,Discordancia de la conexión ventriculoarterial
Q204,Ventrículo con doble entrada
Q205,Discordancia de la conexión auriculoventricular
Q206,Isomerismo de los apéndices auriculares
Q208,Otras malformaciones congénitas de las cámaras cardíacas y sus conexiones
Q209,"Malformación congénita de las cámaras cardíacas y sus conexiones, no especificada"
G470,Trastornos del inicio y del mantenimiento del sueño [insomnios]
G471,Trastornos de somnolencia excesiva [hipersomnios]
G472,Trastornos del ritmo nictameral
G473,Apnea del sueño
G474,Narcolepsia y cataplexia
G478,Otros trastornos del sueño
G479,"Trastorno del sueño, no especificado"
G460,Síndrome de la arteria cerebral media (I66.0)
G461,Síndrome de la arteria cerebral anterior (I66.1)
G462,Síndrome de la arteria cerebral posterior (I66.2)
G463,Síndromes apopléticos del tallo encefálico (I60–I67)
G464,Síndrome de infarto cerebeloso (I60–I67)
G465,Síndrome lacunar motor puro (I60–I67)
G466,Síndrome lacunar sensorial puro (I60–I67)
G467,Otros síndromes lacunares (I60–I67)
G468,Otros síndromes vasculares encefálicos en enfermedades cerebrovasculares (I60–I67)
G450,Síndrome arterial vértebro-basilar
G451,Síndrome de la arteria carótida (hemisférico)
G452,Síndromes arteriales precerebrales bilaterales y múltiples
G453,Amaurosis fugaz
G454,Amnesia global transitoria
G458,Otras isquemias cerebrales transitorias y síndromes afines
G459,"Isquemia cerebral transitoria, sin otra especificación"
G440,Síndrome de cefalea en racimos
G441,"Cefalea vascular, NCOP"
G442,Cefalea debida a tensión
G443,Cefalea postraumática crónica
G444,"Cefalea inducida por drogas, no clasificada en otra parte"
G448,Otros síndromes de cefalea especificados
G430,Migraña sin aura [migraña común]
G431,Migraña con aura [migraña clásica]
G432,Estado migrañoso
G433,Migraña complicada
G438,Otras migrañas
G439,"Migraña, no especificada"
E550,Raquitismo activo
E559,"Deficiencia de vitamina D, no especificada"
E530,Deficiencia de riboflavina
E531,Deficiencia de piridoxina
E538,Deficiencia de otras vitaminas del grupo B
E539,"Deficiencia de vitamina B, no especificada"
E511,Beriberi
E512,Encefalopatía de Wernicke
E518,Otras manifestaciones de la deficiencia de tiamina
E519,"Deficiencia de tiamina, no especificada"
E500,Deficiencia de vitamina A con xerosis conjuntival
E501,Deficiencia de vitamina A con mancha de Bitot y xerosis conjuntival
E502,Deficiencia de vitamina A con xerosis corneal
E503,Deficiencia de vitamina A con ulceración corneal y xerosis
E504,Deficiencia de vitamina A con queratomalacia
E505,Deficiencia de vitamina A con ceguera nocturna
E506,Deficiencia de vitamina A con cicatrices xeroftálmicas de la córnea
E507,Otras manifestaciones oculares de deficiencia de vitamina A
E508,Otras manifestaciones de deficiencia de vitamina A
E509,"Deficiencia de vitamina A, no especificada"
E670,Hipervitaminosis A
E671,Hipercarotinemia
E672,Síndrome de megavitamina B6
E673,Hipervitaminosis D
E678,Otros tipos de hiperalimentación especificados
T139,"Traumatismo no especificado de miembro inferior, nivel no especificado"
T31,Quemaduras clasificadas según la extensión de la superficie del cuerpo afectada
T32,Corrosiones clasificadas según la extensión de la superficie del cuerpo afectada
T24,"Quemadura y corrosión de la cadera y miembro inferior, excepto tobillo y pie"
T25,Quemadura y corrosión del tobillo y del pie
T335,Congelamiento superficial de la muñeca y de la mano
T336,Congelamiento superficial de la cadera y del muslo
T337,Congelamiento superficial de la rodilla y de la pierna
T338,Congelamiento superficial del tobillo y del pie
T339,Congelamiento superficial de otros sitios y de los no especificados
T385,Otros estrógenos y progestógenos
T386,"Antigonadotrofinas, antiestrógenos y antiandrógenos, no clasificados en otra parte"
T387,Andrógenos y sus congéneres anabólicos
T388,Otras hormonas y sustitutos sintéticos y los no especificados
T389,Otros antagonistas de las hormonas y los no especificados
T676,"Fatiga por calor, transitoria"
T677,Edema por calor
T678,Otros efectos del calor y de la luz
T679,"Efecto del calor y de la luz, no especificado"
Z413,Perforación de la oreja
Z418,Otros procedimientos para otros propósitos que no sean los de mejorar el estado de salud
Z419,Procedimiento no especificado para otros propósitos que no sean los de mejorar el estado de salud
Z604,Problemas relacionados con exclusión y rechazo social
Z605,Problemas relacionados con la discriminación y persecución percibidas
Z608,Otros problemas relacionados con el ambiente social
Z609,Problema no especificado relacionado con el ambiente social
Z594,Problemas relacionados con la falta de alimentos adecuados
Z595,Problemas relacionados con pobreza extrema
Z596,Problemas relacionados con bajos ingresos
Z597,Problemas relacionados con seguridad social y sostenimiento insuficientes para el bienestar
Z598,Otros problemas relacionados con la vivienda y las circunstancias económicas
Z599,Problemas no especificados relacionados con la vivienda y las circunstancias económicas
Z582,Exposición al agua contaminada
Z583,Exposición al suelo contaminado
Z584,Exposición a la radiación
Z585,Exposición a otras contaminaciones del ambiente físico
Z586,Suministro inadecuado de agua potable
Z587,Exposición al humo del tabaco
Z588,Otros problemas relacionados con el ambiente físico
Z589,Problema no especificado relacionado con el ambiente físico
Z575,Exposición ocupacional a agentes tóxicos en otras industrias
Z576,Exposición ocupacional a temperatura extrema
Z577,Exposición ocupacional a la vibración
Z578,Exposición ocupacional a otros factores de riesgo
Z579,Exposición ocupacional a factor de riesgo no especificado
Z565,Problemas relacionados con el trabajo incompatible
Z566,Otros problemas de tensión física o mental relacionadas con el trabajo
Z567,Otros problemas y los no especificados relacionados con el empleo
Z768,Persona en contacto con los servicios de salud en otras circunstancias especificadas
Z769,Personas en contacto con los servicios de salud en circunstancias no especificadas
Z734,"Problemas relacionados con habilidades sociales inadecuadas, no clasificados en otra parte"
Z735,"Problemas relacionados con el conflicto del rol social, no clasificados en otra parte"
Z736,Problemas relacionados con la limitación de las actividades debido a discapacidad
Z738,Otros problemas relacionados con dificultades con el modo de vida
Z739,Problemas no especificados relacionados con dificultades con el modo de vida
Z728,Otros problemas relacionados con el estilo de vida
Z729,Problema no especificado relacionado con el estilo de vida
Z717,Consulta para asesoría sobre el virus de la inmunodeficiencia humana [VIH]
Z718,Otras consultas especificadas
Z719,"Consulta, no especificada"
E660,Obesidad debida a exceso de calorías
E661,Obesidad inducida por drogas
E662,Obesidad extrema con hipoventilación alveolar
E668,Otros tipos de obesidad
E669,"Obesidad, no especificada"
E710,Enfermedad de la orina en jarabe de arce
E711,Otros trastornos del metabolismo de los aminoácidos de cadena ramificada
E712,"Otros trastornos del metabolismo de los aminoácidos de cadena ramificada, no especificados"
E713,Trastornos del metabolismo de los ácidos grasos
E700,Fenilcetonuria clásica
E701,Otras hiperfenilalaninemias
E702,Trastornos del metabolismo de la tirosina
G590,Mononeuropatía diabética (E10–E14 con cuarto carácter común .4)
G598,Otras mononeuropatías en enfermedades clasificadas en otra parte
G580,Neuropatía intercostal
G587,Mononeuritis múltiple
G588,Otras mononeuropatías especificadas
G589,"Mononeuropatía, no especificada"
G570,Lesión del nervio ciático
G571,Meralgia parestésica
G572,Lesión del nervio crural
G573,Lesión del nervio ciático poplíteo externo
G560,Síndrome del túnel carpiano
G561,Otras lesiones del nervio mediano
G550,Compresiones de las raíces y plexos nerviosos en enfermedades neoplásicas (C00–D48)
G551,Compresiones de las raíces y plexos nerviosos en trastornos de los discos intervertebrales (M50–M51)
G552,Compresiones de las raíces y plexos nerviosos en la espondilosis (M47.–)
G553,"Compresiones de las raíces y plexos nerviosos en otras dorsopatías (M45–M46, M48.–, M53–M54)"
G558,Compresiones de las raíces y plexos nerviosos en otras enfermedades clasificadas en otra parte
G540,Trastornos del plexo braquial
G541,Trastornos del plexo lumbosacro
G542,"Trastornos de la raíz cervical, no clasificados en otra parte"
G543,"Trastornos de la raíz torácica, no clasificados en otra parte"
G544,"Trastornos de la raíz lumbosacra, no clasificados en otra parte"
G545,Amiotrofia neurálgica
G530,Neuralgia postherpes zoster (B02.2)
G531,Parálisis múltiple de los nervios craneales en enfermedades infecciosas y parasitarias clasificadas en otra parte (A00–B99)
G532,"Parálisis múltiple de los nervios craneales, en la sarcoidosis (D86.8)"
G533,"Parálisis múltiple de los nervios craneales, en enfermedades neoplásicas (C00–D48)"
G538,Otros trastornos de los nervios craneales en otras enfermedades clasificadas en otra parte
P040,"Feto y recién nacido afectados por anestesia y analgesia materna en el embarazo, en el trabajo de parto y en el parto"
P041,Feto y recién nacido afectados por otras medicaciones maternas
P042,Feto y recién nacido afectados por tabaquismo de la madre
P043,Feto y recién nacido afectados por alcoholismo de la madre
P044,Feto y recién nacido afectados por drogadicción materna
P045,Feto y recién nacido afectados por el uso materno de sustancias químicas nutricionales
P046,Feto y recién nacido afectados por exposición materna a sustancias químicas ambientales
P048,Feto y recién nacido afectados por otras influencias nocivas de la madre
P030,Feto y recién nacido afectados por parto y extracción de nalgas
P031,"Feto y recién nacido afectados por otra presentación anómala, posición anómala y desproporción durante el trabajo de parto y el parto"
P032,Feto y recién nacido afectados por parto con fórceps
P033,Feto y recién nacido afectados por parto con ventosa extractora
P034,Feto y recién nacido afectados por parto por cesárea
P035,Feto y recién nacido afectados por parto precipitado
P036,Feto y recién nacido afectados por contracciones uterinas anormales
P020,Feto y recién nacido afectados por placenta previa
P021,Feto y recién nacido afectados por otras formas de desprendimiento y de hemorragia placentarios
P022,Feto y recién nacido afectados por otras anormalidades morfológicas y funcionales de la placenta y las no especificadas
P023,Feto y recién nacido afectados por síndromes de transfusión placentaria
P024,Feto y recién nacido afectados por prolapso del cordón umbilical
P025,Feto y recién nacido afectados por otra compresión del cordón umbilical
P026,Feto y recién nacido afectados por otras complicaciones del cordón umbilical y las no especificadas
P010,Feto y recién nacido afectados por incompetencia del cuello uterino
P011,Feto y recién nacido afectados por ruptura prematura de las membranas
P012,Feto y recién nacido afectados por oligohidramnios
P013,Feto y recién nacido afectados por polihidramnios
P014,Feto y recién nacido afectados por embarazo ectópico
P015,Feto y recién nacido afectados por embarazo múltiple
P016,Feto y recién nacido afectados por muerte materna
P017,Feto y recién nacido afectados por presentación anómala antes del trabajo de parto
P018,Feto y recién nacido afectados por otras complicaciones maternas del embarazo
P000,Feto y recién nacido afectados por trastornos hipertensivos de la madre
P001,Feto y recién nacido afectados por enfermedades renales y de las vías urinarias de la madre
P002,Feto y recién nacido afectados por enfermedades infecciosas y parasitarias de la madre
P003,Feto y recién nacido afectados por otras enfermedades circulatorias y respiratorias de la madre
P004,Feto y recién nacido afectados por trastornos nutricionales de la madre
P005,Feto y recién nacido afectados por traumatismo de la madre
P006,Feto y recién nacido afectados por procedimiento quirúrgico en la madre
P007,"Feto y recién nacido afectados por otro procedimiento médico en la madre, no clasificado en otra parte"
P008,Feto y recién nacido afectados por otras afecciones maternas
P050,Bajo peso para la edad gestacional
P051,Pequeño para la edad gestacional
P052,"Desnutrición fetal, sin mención de peso o talla bajos para la edad gestacional"
P059,"Retardo del crecimiento fetal, no especificado"
G990,Neuropatía autonómica en enfermedades metabólicas y endocrinas
G991,Otros trastornos del sistema nervioso autónomo en otras enfermedades clasificadas en otra parte
G992,Mielopatía en enfermedades clasificadas en otra parte
G998,Otros trastornos especificados del sistema nervioso en enfermedades clasificadas en otra parte
G970,Pérdida de líquido cefalorraquídeo por punción espinal
G971,Otra reacción a la punción espinal y lumbar
G972,Hipotensión intracraneal posterior a anastomosis ventricular
G978,Otros trastornos del sistema nervioso consecutivos a procedimientos
G979,"Trastornos no especificados del sistema nervioso, consecutivos a procedimientos"
A080,Enteritis debida a rotavirus
A081,Gastroenteropatía aguda debida al agente de Norwalk
A082,Enteritis debida a adenovirus
A083,Otras enteritis virales
A084,"Infección intestinal viral, sin otra especificación"
A085,Otras infecciones intestinales especificadas
A070,Balantidiasis
A071,Giardiasis [lambliasis]
A072,Criptosporidiosis
A073,Isosporiasis
A078,Otras enfermedades intestinales especificadas debidas a protozoarios
A079,"Enfermedad intestinal debida a protozoarios, no especificada"
P150,Lesión del hígado durante el nacimiento
P151,Lesión del bazo durante el nacimiento
P152,Traumatismo del músculo esternocleidomastoideo durante el nacimiento
P153,Traumatismo ocular durante el nacimiento
P154,Traumatismo facial durante el nacimiento
P155,Traumatismo de los genitales externos durante el nacimiento
P156,Necrosis grasa subcutánea debida a traumatismo del nacimiento
P158,"Otros traumatismos especificados, durante el nacimiento"
P159,"Traumatismo no especificado, durante el nacimiento"
P140,Parálisis de Erb debida a traumatismo del nacimiento
P141,Parálisis de Klumpke debida a traumatismo del nacimiento
P142,Parálisis del nervio frénico debida a traumatismo del nacimiento
P143,Otro traumatismo del plexo braquial durante el nacimiento
P148,Traumatismo durante el nacimiento en otras partes del sistema nervioso periférico
P149,Traumatismo no especificado del sistema nervioso periférico durante el nacimiento
P130,Fractura del cráneo debida a traumatismo del nacimiento
P131,Otros traumatismos del cráneo durante el nacimiento
P132,Traumatismo del fémur durante el nacimiento
P133,Traumatismo de otros huesos largos durante el nacimiento
P134,Fractura de la clavícula debida a traumatismo del nacimiento
P138,Traumatismo del nacimiento en otras partes del esqueleto
P139,Traumatismo no especificado del esqueleto durante el nacimiento
P120,Cefalohematoma debido a traumatismo del nacimiento
P121,Caput succedaneum debido a traumatismo del nacimiento
P122,Hemorragia epicraneal subaponeurótica debida a traumatismo del nacimiento
P123,Equimosis del cuero cabelludo debida a traumatismo del nacimiento
P124,Traumatismo en el cuero cabelludo del recién nacido por monitoreo fetal
P128,Otros traumatismos del nacimiento en el cuero cabelludo
P129,"Traumatismo del nacimiento en el cuero cabelludo, no especificado"
P110,Edema cerebral debido a traumatismo del nacimiento
P111,"Otras lesiones especificadas del encéfalo, debidas a traumatismo del nacimiento"
P112,"Lesión no especificada del encéfalo, debida a traumatismo del nacimiento"
P113,Traumatismo del nacimiento en el nervio facial
P114,Traumatismo del nacimiento en otros nervios craneales
P115,Traumatismo del nacimiento en la columna vertebral y en la médula espinal
P119,"Traumatismo del nacimiento en el sistema nervioso central, no especificado"
P100,Hemorragia subdural debida a traumatismo del nacimiento
P101,Hemorragia cerebral debida a traumatismo del nacimiento
P102,Hemorragia intraventricular debida a traumatismo del nacimiento
P103,Hemorragia subaracnoidea debida a traumatismo del nacimiento
P104,Desgarro tentorial debido a traumatismo del nacimiento
P108,Otras hemorragias y laceraciones intracraneales debidas a traumatismo del nacimiento
P109,"Hemorragia y laceración intracraneales no especificadas, debidas a traumatismo del nacimiento"
F680,Elaboración de síntomas físicos por causas psicológicas
F681,"Producción intencional o simulación de síntomas o de incapacidades, tanto físicas como psicológicas [trastorno facticio]"
F688,Otros trastornos especificados de la personalidad y del comportamiento en adultos
F660,Trastorno de la maduración sexual
F661,Orientación sexual egodistónica
F662,Trastorno de la relación sexual
F668,Otros trastornos del desarrollo psicosexual
F669,"Trastorno del desarrollo psicosexual, no especificado"
F650,Fetichismo
F651,Transvestismo fetichista
F652,Exhibicionismo
F653,Voyeurismo
F654,Pedofilia
F655,Sadomasoquismo
F656,Trastornos múltiples de la preferencia sexual
F658,Otros trastornos de la preferencia sexual
F659,"Trastorno de la preferencia sexual, no especificado"
F640,Transexualismo
F641,Transvestismo de rol dual
F642,Trastorno de la identidad de género en la niñez
F648,Otros trastornos de la identidad de género
F649,"Trastorno de la identidad de género, no especificado"
F630,Juego patológico
F631,Piromanía
F632,Hurto patológico [cleptomanía]
F633,Tricotilomanía
F638,Otros trastornos de los hábitos y de los impulsos
F639,"Trastorno de los hábitos y de los impulsos, no especificado"
F620,Cambio perdurable de la personalidad después de una experiencia catastrófica
F621,Cambio perdurable de la personalidad consecutivo a una enfermedad psiquiátrica
F628,Otros cambios perdurables de la personalidad
F629,"Cambio perdurable de la personalidad, no especificado"
P220,Síndrome de dificultad respiratoria del recién nacido
P221,Taquipnea transitoria del recién nacido
P228,Otras dificultades respiratorias del recién nacido
P229,"Dificultad respiratoria del recién nacido, no especificada"
P210,"Asfixia del nacimiento, severa"
P211,"Asfixia del nacimiento, leve y moderada"
P219,"Asfixia del nacimiento, no especificada"
P200,Hipoxia intrauterina notada por primera vez antes del inicio del trabajo de parto
P201,Hipoxia intrauterina notada por primera vez durante el trabajo de parto y el parto
P209,"Hipoxia intrauterina, no especificada"
P390,Mastitis infecciosa neonatal
P391,Conjuntivitis y dacriocistitis neonatales
P392,"Infección intraamniótica del feto, no clasificada en otra parte"
P393,Infección neonatal de las vías urinarias
P394,Infección cutánea neonatal
P398,Otras infecciones especificadas propias del período perinatal
P399,"Infección propia del período perinatal, no especificada"
P370,Tuberculosis congénita
P371,Toxoplasmosis congénita
P372,Listeriosis congénita (diseminada)
P373,Paludismo congénito por Plasmodium falciparum
P374,Otros paludismos congénitos
P360,Sepsis del recién nacido debida a estreptococo del grupo B
P361,Sepsis del recién nacido debida a otros estreptococos y a los no especificados
P362,Sepsis del recién nacido debida a Staphylococcus aureus
P363,Sepsis del recién nacido debida a otros estafilococos y a los no especificados
P364,Sepsis del recién nacido debida a Escherichia coli
P365,Sepsis del recién nacido debida a anaerobios
P368,Sepsis del recién nacido debida a otras bacterias
P350,Síndrome de rubéola congénita
P351,Infección citomegalovírica congénita
P352,Infecciones congénitas por virus del herpes simple
P353,Hepatitis viral congénita
P358,Otras enfermedades virales congénitas
P359,"Enfermedad viral congénita, sin otra especificación"
P520,"Hemorragia intraventricular (no traumática) grado 1, del feto y del recién nacido"
P521,"Hemorragia intraventricular (no traumática) grado 2, del feto y del recién nacido"
P522,"Hemorragia intraventricular (no traumática) grado 3, del feto y del recién nacido"
P523,"Hemorragia intraventricular (no traumática) del feto y del recién nacido, sin otra especificación"
P510,Hemorragia umbilical masiva del recién nacido
P518,Otras hemorragias umbilicales del recién nacido
P519,"Hemorragia umbilical del recién nacido, sin otra especificación"
R296,"Tendencia a caer, no clasificada en otra parte"
R298,Otros síntomas y signos que involucran los sistemas nervioso y osteomuscular y los no especificados
P500,Pérdida de sangre fetal por vasa previa
P501,Pérdida de sangre fetal por ruptura del cordón umbilical
P502,Pérdida de sangre fetal por la placenta
P503,Hemorragia fetal hacia el otro gemelo
P504,Hemorragia fetal hacia la circulación materna
P505,Pérdida de sangre fetal por el corte del cordón umbilical en el otro gemelo
P508,Otras pérdidas de sangre fetal
P509,"Pérdida de sangre fetal, no especificada"
P740,Acidosis metabólica tardía del recién nacido
P741,Deshidratación del recién nacido
P742,Alteraciones del equilibrio del sodio en el recién nacido
P743,Alteraciones del equilibrio del potasio en el recién nacido
P744,Otras alteraciones electrolíticas transitorias del recién nacido
P745,Tirosinemia transitoria del recién nacido
P748,Otras alteraciones metabólicas transitorias del recién nacido
P749,"Trastorno metabólico transitorio del recién nacido, no especificado"
P720,"Bocio neonatal, no clasificado en otra parte"
P721,Hipertiroidismo neonatal transitorio
P722,"Otros trastornos neonatales transitorios de la función tiroidea, no clasificados en otra parte"
P728,Otros trastornos endocrinos neonatales transitorios especificados
P729,"Trastorno endocrino neonatal transitorio, no especificado"
P710,Hipocalcemia del recién nacido debida a la leche de vaca
P711,Otra hipocalcemia neonatal
P712,Hipomagnesemia neonatal
P713,Tetania neonatal sin mención de deficiencia de calcio o de magnesio
P714,Hipoparatiroidismo neonatal transitorio
P718,Otros trastornos neonatales transitorios del metabolismo del calcio y del magnesio
P719,Trastorno neonatal transitorio no especificado del metabolismo del calcio y del magnesio
P700,Síndrome del recién nacido de madre con diabetes gestacional
P701,Síndrome del recién nacido de madre diabética
P702,Diabetes mellitus neonatal
P703,Hipoglicemia neonatal yatrogénica
P704,Otras hipoglicemias neonatales
P708,Otros trastornos transitorios del metabolismo de los carbohidratos en el feto y el recién nacido
P709,Trastorno transitorio no especificado del metabolismo de los carbohidratos en el feto y el recién nacido
Q044,Displasia opticoseptal
Q045,Megalencefalia
Q046,Quistes cerebrales congénitos
Q048,"Otras malformaciones congénitas del encéfalo, especificadas"
Q049,"Malformación congénita del encéfalo, no especificada"
D890,Hipergammaglobulinemia policlonal
D891,Crioglobulinemia
D892,"Hipergammaglobulinemia, no especificada"
D898,"Otros trastornos especificados que afectan el mecanismo de la inmunidad, no clasificados en otra parte"
D899,"Trastorno que afecta al mecanismo de la inmunidad, no especificado"
D860,Sarcoidosis del pulmón
D861,Sarcoidosis de los ganglios linfáticos
D862,Sarcoidosis del pulmón y de los ganglios linfáticos
D863,Sarcoidosis de la piel
D868,Sarcoidosis de otros sitios especificados o de sitios combinados
D869,Sarcoidosis de sitio no especificado
D840,Defecto de la función del antígeno-1 del linfocito [LFA-1]
D841,Defecto del sistema del complemento
D848,Otras inmunodeficiencias especificadas
D849,"Inmunodeficiencia, no especificada"
D830,Inmunodeficiencia variable común con predominio de anormalidades en el número y la función de los linfocitos B
D831,Inmunodeficiencia variable común con predominio de trastornos inmunorreguladores de los linfocitos T
D832,Inmunodeficiencia variable común con autoanticuerpos anti-B o anti-T
D838,Otras inmunodeficiencias variables comunes
D839,"Inmunodeficiencia variable común, no especificada"
D820,Síndrome de Wiskott–Aldrich
D821,Síndrome de Di George
D822,Inmunodeficiencia con enanismo micromélico [miembros cortos]
D823,Inmunodeficiencia consecutiva a respuesta defectuosa hereditaria contra el virus de Epstein–Barr
D810,Inmunodeficiencia combinada severa [IDCS] con disgenesia reticular
D811,Inmunodeficiencia combinada severa [IDCS] con linfocitopenia T y B
D812,Inmunodeficiencia combinada severa [IDCS] con cifra baja o normal de linfocitos B
D813,Deficiencia de la adenosina deaminasa [ADA]
D814,Síndrome de Nezelof
D815,Deficiencia de la fosforilasa purinonucleósida [FPN]
D816,Deficiencia de la clase I del complejo de histocompatibilidad mayor
D817,Deficiencia de la clase II del complejo de histocompatibilidad mayor
D800,Hipogammaglobulinemia hereditaria
D801,Hipogammaglobulinemia no familiar
D802,Deficiencia selectiva de inmunoglobulina A [IgA]
D803,Deficiencia selectiva de subclases de la inmunoglobulina G [IgG]
D804,Deficiencia selectiva de inmunoglobulina M [IgM]
D805,Inmunodeficiencia con incremento de inmunoglobulina M [IgM]
D806,Deficiencia de anticuerpos con inmunoglobulinas casi normales o con hiperinmunoglobulinemia
D807,Hipogammaglobulinemia transitoria de la infancia
D808,Otras inmunodeficiencias con predominio de defectos de los anticuerpos
D809,"Inmunodeficiencia con predominio de defectos de los anticuerpos, no especificada"
O020,Detención del desarrollo del huevo y mola no hidatiforme
O021,Aborto retenido
O028,Otros productos anormales especificados de la concepción
O029,"Producto anormal de la concepción, no especificado"
O010,Mola hidatiforme clásica
O011,"Mola hidatiforme, incompleta o parcial"
O019,"Mola hidatiforme, no especificada"
O000,Embarazo abdominal
O001,Embarazo tubárico
O002,Embarazo ovárico
O008,Otros embarazos ectópicos
O009,"Embarazo ectópico, no especificado"
F840,Autismo en la niñez
F841,Autismo atípico
F842,Síndrome de Rett
F843,Otro trastorno desintegrativo de la niñez
F844,Trastorno hiperactivo asociado con retraso mental y movimientos estereotipados
F845,Síndrome de Asperger
F848,Otros trastornos generalizados del desarrollo
F849,Trastorno generalizado del desarrollo no especificado
O140,Preeclampsia moderada
O141,Preeclampsia severa
O149,"Preeclampsia, no especificada"
Q219,"Malformación congénita del tabique cardíaco, no especificada"
T230,"Quemadura de la muñeca y de la mano, grado no especificado"
T231,"Quemadura de la muñeca y de la mano, de primer grado"
T232,"Quemadura de la muñeca y de la mano, de segundo grado"
T233,"Quemadura de la muñeca y de la mano, de tercer grado"
T234,"Corrosión de la muñeca y de la mano, grado no especificado"
T220,"Quemadura del hombro y miembro superior, grado no especificado, excepto de la muñeca y de la mano"
T221,"Quemadura del hombro y miembro superior, de primer grado, excepto de la muñeca y de la mano"
T222,"Quemadura del hombro y miembro superior, de segundo grado, excepto de la muñeca y de la mano"
T223,"Quemadura del hombro y miembro superior, de tercer grado, excepto de la muñeca y de la mano"
T224,"Corrosión del hombro y miembro superior, grado no especificado, excepto de la muñeca y de la mano"
T225,"Corrosión del hombro y miembro superior, de primer grado, excepto de la muñeca y de la mano"
T210,"Quemadura del tronco, grado no especificado"
T211,"Quemadura del tronco, de primer grado"
T212,"Quemadura del tronco, de segundo grado"
T213,"Quemadura del tronco, de tercer grado"
T214,"Corrosión del tronco, grado no especificado"
T215,"Corrosión del tronco, de primer grado"
T216,"Corrosión del tronco, de segundo grado"
T217,"Corrosión del tronco, de tercer grado"
T200,"Quemadura de la cabeza y del cuello, grado no especificado"
T201,"Quemadura de la cabeza y del cuello, de primer grado"
T202,"Quemadura de la cabeza y del cuello, de segundo grado"
T203,"Quemadura de la cabeza y del cuello, de tercer grado"
T204,"Corrosión de la cabeza y del cuello, grado no especificado"
T205,"Corrosión de la cabeza y del cuello, de primer grado"
T206,"Corrosión de la cabeza y del cuello, de segundo grado"
T207,"Corrosión de la cabeza y del cuello, de tercer grado"
T280,Quemadura de la boca y de la faringe
T281,Quemadura del esófago
T282,Quemadura de otras partes del tubo digestivo
T283,Quemadura de órganos genitourinarios internos
T284,Quemadura de otros órganos internos y de los no especificados
T285,Corrosión de la boca y de la faringe
T286,Corrosión del esófago
T287,Corrosión de otras partes del tubo digestivo
T270,Quemadura de la laringe y de la tráquea
T271,Quemadura que afecta la laringe y la tráquea con el pulmón
T272,Quemadura de otras partes de las vías respiratorias
T273,"Quemadura de las vías respiratorias, parte no especificada"
T274,Corrosión de la laringe y de la tráquea
T275,Corrosión que afecta la laringe y la tráquea con el pulmón
T260,Quemadura del párpado y área periocular
T261,Quemadura de la córnea y saco conjuntival
T262,Quemadura con ruptura y destrucción resultantes del globo ocular
T263,Quemadura de otras partes del ojo y sus anexos
T264,"Quemadura del ojo y anexos, parte no especificada"
T265,Corrosión del párpado y área periocular
T266,Corrosión de la córnea y saco conjuntival
T267,Corrosión con ruptura y destrucción resultantes del globo ocular
T268,Corrosión de otras partes del ojo y sus anexos
T300,Quemadura de región del cuerpo y grado no especificados
T301,"Quemadura de primer grado, región del cuerpo no especificada"
T302,"Quemadura de segundo grado, región del cuerpo no especificada"
T303,"Quemadura de tercer grado, región del cuerpo no especificada"
T304,Corrosión de región del cuerpo y grado no especificados
T305,"Corrosión de primer grado, región del cuerpo no especificada"
T306,"Corrosión de segundo grado, región del cuerpo no especificada"
T307,"Corrosión de tercer grado, región del cuerpo no especificada"
T290,"Quemaduras de múltiples regiones, grado no especificado"
T291,"Quemaduras de múltiples regiones, mencionadas como de no más de primer grado"
T292,"Quemaduras de múltiples regiones, mencionadas como de no más de segundo grado"
T293,"Quemaduras múltiples, con mención al menos de una quemadura de tercer grado"
T294,"Corrosiones de múltiples regiones, grado no especificado"
T295,"Corrosiones múltiples, mencionadas como de no más de primer grado"
T296,"Corrosiones múltiples, mencionadas como de no más de segundo grado"
T297,"Corrosiones múltiples, con mención al menos de una corrosión de tercer grado"
O120,Edema gestacional
O121,Proteinuria gestacional
O122,Edema gestacional con proteinuria
O100,"Hipertensión esencial preexistente que complica el embarazo, el parto y el puerperio"
O101,"Enfermedad cardíaca hipertensiva preexistente que complica el embarazo, el parto y el puerperio"
O102,"Enfermedad renal hipertensiva preexistente que complica el embarazo, el parto y el puerperio"
O103,"Enfermedad cardiorrenal hipertensiva preexistente que complica el embarazo, el parto y el puerperio"
O104,"Hipertensión secundaria preexistente que complica el embarazo, el parto y el puerperio"
O109,"Hipertensión preexistente no especificada, que complica el embarazo, el parto y el puerperio"
S090,Traumatismo de los vasos sanguíneos de la cabeza no clasificados en otra parte
S091,Traumatismo de tendón y músculos de la cabeza
S092,Ruptura traumática del tímpano del oído
S097,Traumatismos múltiples de la cabeza
S098,"Otros traumatismos de la cabeza, especificados"
S099,"Traumatismo de la cabeza, no especificado"
S080,Avulsión del cuero cabelludo
S081,Amputación traumática de la oreja
S088,Amputación traumática de otras partes de la cabeza
S089,Amputación traumática de parte no especificada de la cabeza
S070,Traumatismo por aplastamiento de la cara
S071,Traumatismo por aplastamiento del cráneo
S078,Traumatismo por aplastamiento de otras partes de la cabeza
S079,"Traumatismo por aplastamiento de la cabeza, parte no especificada"
S060,Concusión
S061,Edema cerebral traumático
S062,Traumatismo cerebral difuso
S063,Traumatismo cerebral focal
S064,Hemorragia epidural
S065,Hemorragia subdural traumática
S066,Hemorragia subaracnoidea traumática
S067,Traumatismo intracraneal con coma prolongado
S068,Otros traumatismos intracraneales
S069,"Traumatismo intracraneal, no especificado"
S050,Traumatismo de la conjuntiva y abrasión corneal sin mención de cuerpo extraño
S051,Contusión del globo ocular y del tejido orbitario
S040,Traumatismo del nervio óptico [II par] y de las vías ópticas
S041,Traumatismo del nervio motor ocular común [III par]
S042,Traumatismo del nervio patético [IV par]
S197,Traumatismos múltiples del cuello
S198,"Otros traumatismos del cuello, especificados"
S199,"Traumatismo del cuello, no especificado"
S170,Traumatismo por aplastamiento de la laringe y de la tráquea
S178,Traumatismo por aplastamiento de otras partes del cuello
S179,"Traumatismo por aplastamiento del cuello, parte no especificada"
S150,Traumatismo de la arteria carótida
S151,Traumatismo de la arteria vertebral
S152,Traumatismo de la vena yugular externa
S153,Traumatismo de la vena yugular interna
S157,Traumatismo de múltiples vasos sanguíneos a nivel del cuello
S140,Concusión y edema de la médula espinal cervical
S141,Otros traumatismos de la médula espinal cervical y los no especificados
S142,Traumatismo de raíz nerviosa de columna cervical
S143,Traumatismo del plexo braquial
S144,Traumatismo de nervios periféricos del cuello
S145,Traumatismo de nervios cervicales simpáticos
S130,Ruptura traumática de disco cervical intervertebral
S131,Luxación de vértebra cervical
S132,Luxaciones de otras partes y de las no especificadas del cuello
S133,Luxaciones múltiples del cuello
S134,Esguinces y torceduras de la columna cervical
S135,Esguinces y torceduras de la región tiroidea
S136,Esguinces y torceduras de articulaciones y ligamentos de otros sitios especificados y de los no especificados del cuello
S120,Fractura de la primera vértebra cervical
S121,Fractura de la segunda vértebra cervical
S122,Fractura de otras vértebras cervicales especificadas
S127,Fracturas múltiples de columna cervical
S128,Fractura de otras partes del cuello
S129,"Fractura del cuello, parte no especificada"
O260,Aumento excesivo de peso en el embarazo
O261,Aumento pequeño de peso en el embarazo
O262,Atención del embarazo en una abortadora habitual
O263,Retención de dispositivo anticonceptivo intrauterino en el embarazo
O240,"Diabetes mellitus preexistente insulinodependiente, en el embarazo"
O241,"Diabetes mellitus preexistente no insulinodependiente, en el embarazo"
O242,"Diabetes mellitus preexistente relacionada con desnutrición, en el embarazo"
O243,"Diabetes mellitus preexistente, sin otra especificación, en el embarazo"
O244,Diabetes mellitus que se origina con el embarazo
O230,Infección del riñón en el embarazo
O231,Infección de la vejiga urinaria en el embarazo
O232,Infección de la uretra en el embarazo
O233,Infección de otras partes de las vías urinarias en el embarazo
O234,Infección no especificada de las vías urinarias en el embarazo
O235,Infección genital en el embarazo
O239,Otras infecciones y las no especificadas de las vías genitourinarias en el embarazo
O220,Venas varicosas de los miembros inferiores en el embarazo
O221,Várices genitales en el embarazo
O222,Tromboflebitis superficial en el embarazo
O223,Flebotrombosis profunda en el embarazo
O224,Hemorroides en el embarazo
O225,Trombosis venosa cerebral en el embarazo
O228,Otras complicaciones venosas en el embarazo
O229,Complicación venosa no especificada en el embarazo
O210,Hiperemesis gravídica leve
O211,Hiperemesis gravídica con trastornos metabólicos
O212,Hiperemesis gravídica tardía
O218,Otros vómitos que complican el embarazo
O219,"Vómitos del embarazo, no especificados"
O200,Amenaza de aborto
O208,Otras hemorragias precoces del embarazo
O209,"Hemorragia precoz del embarazo, sin otra especificación"
S290,Traumatismo de tendón y músculos a nivel del tórax
S297,Traumatismos múltiples del tórax
S298,"Otros traumatismos del tórax, especificados"
S299,"Traumatismo del tórax, no especificado"
S280,Aplastamiento del tórax
S281,Amputación traumática de parte del tórax
S270,Neumotórax traumático
S271,Hemotórax traumático
S272,Hemoneumotórax traumático
S273,Otros traumatismos del pulmón
S274,Traumatismo de los bronquios
S275,Traumatismo de la tráquea torácica
S276,Traumatismo de la pleura
S277,Traumatismos múltiples de órganos intratorácicos
S278,"Traumatismo de otros órganos intratorácicos, especificados"
S260,Traumatismo del corazón con hemopericardio
S268,Otros traumatismos del corazón
S269,"Traumatismo del corazón, no especificado"
S250,Traumatismo de la aorta torácica
S251,Traumatismo de la arteria innominada o subclavia
S252,Traumatismo de vena cava superior
S253,Traumatismo de la vena innominada o subclavia
S254,Traumatismo de vasos sanguíneos pulmonares
S255,Traumatismo de vasos sanguíneos intercostales
S257,Traumatismo de múltiples vasos sanguíneos del tórax
S258,Traumatismo de otros vasos sanguíneos del tórax
S259,Traumatismo de vasos sanguíneos no especificados del tórax
S240,Concusión y edema de la médula espinal torácica
S241,Otros traumatismos y los no especificados de la médula espinal torácica
S242,Traumatismo de raíces nerviosas de la columna torácica
S243,Traumatismo de nervios periféricos del tórax
S244,Traumatismo de nervios simpáticos torácicos
S245,Traumatismo de otros nervios del tórax
S246,Traumatismo de nervio no especificado del tórax
S380,Traumatismo por aplastamiento de órganos genitales externos
S381,"Traumatismo por aplastamiento de otras partes y de las no especificadas del abdomen, de la región lumbosacra y de la pelvis"
S382,Amputación traumática de órganos genitales externos
S383,"Amputación traumática de otras partes y de las no especificadas del abdomen, región lumbosacra y pelvis"
S370,Traumatismo del riñón
S371,Traumatismo del uréter
S372,Traumatismo de la vejiga
S373,Traumatismo de la uretra
S374,Traumatismo del ovario
S375,Traumatismo de la trompa de Falopio
S376,Traumatismo del útero
S377,Traumatismo de múltiples órganos pélvicos
S378,Traumatismo de otros órganos pélvicos
S379,Traumatismo de órgano pélvico no especificado
S360,Traumatismo del bazo
S361,Traumatismo del hígado y de la vesícula biliar
S362,Traumatismo del páncreas
S363,Traumatismo del estómago
S364,Traumatismo del intestino delgado
S365,Traumatismo del colon
S366,Traumatismo del recto
S367,Traumatismo de múltiples órganos intraabdominales
S368,Traumatismo de otros órganos intraabdominales
S369,Traumatismo de órgano intraabdominal no especificado
S350,Traumatismo de la aorta abdominal
S351,Traumatismo de la vena cava inferior
S352,Traumatismo de arterias celíacas y mesentéricas
S353,Traumatismo de venas porta y esplénica
S354,Traumatismo de vasos sanguíneos renales
S355,Traumatismo de vasos sanguíneos iliacos
S357,"Traumatismo de múltiples vasos sanguíneos a nivel del abdomen, de la región lumbosacra y de la pelvis"
S358,"Traumatismo de otros vasos sanguíneos a nivel del abdomen, de la región lumbosacra y de la pelvis"
S359,"Traumatismo de vasos sanguíneos no especificados a nivel del abdomen, de la región lumbosacra y de la pelvis"
E703,Albinismo
E708,Otros trastornos del metabolismo de los aminoácidos aromáticos
E709,"Trastorno del metabolismo de los aminoácidos aromáticos, no especificado"
S340,Concusión y edema de la médula espinal lumbar
S341,Otro traumatismo de la médula espinal lumbar
S342,Traumatismo de raíz nerviosa de la columna lumbar y sacra
S343,Traumatismo de la cola de caballo
S344,Traumatismo del plexo lumbosacro
S345,"Traumatismo de nervios(s) simpático(s) lumbar(es), sacro(s) y pélvico(s)"
S346,"Traumatismo de nervio(s) periférico(s) del abdomen, de la región lumbosacra y de la pelvis"
S348,"Traumatismo de otros nervios a nivel del abdomen, de la región lumbosacra y de la pelvis y de los no especificados"
G574,Lesión del nervio ciático poplíteo interno
G575,Síndrome del túnel calcáneo
G576,Lesión del nervio plantar
G578,Otras mononeuropatías del miembro inferior
G579,"Mononeuropatía del miembro inferior, sin otra especificación"
G562,Lesión del nervio cubital
G563,Lesión del nervio radial
G564,Causalgia
G568,Otras mononeuropatías del miembro superior
G569,"Mononeuropatía del miembro superior, sin otra especificación"
S330,Ruptura traumática de disco intervertebral lumbar
S331,Luxación de vértebra lumbar
S332,Luxación de articulación sacrococcígea y sacroiliaca
S333,Luxación de otras partes y de las no especificadas de la columna lumbar y de la pelvis
S334,Ruptura traumática de la sínfisis del pubis
G546,Síndrome del miembro fantasma con dolor
G547,Síndrome del miembro fantasma sin dolor
G548,Otros trastornos de las raíces y plexos nerviosos
G549,"Trastorno de la raíz y plexos nerviosos, no especificado"
P049,"Feto y recién nacido afectados por influencias nocivas de la madre, no especificadas"
S320,Fractura de vértebra lumbar
S321,Fractura del sacro
S322,Fractura del cóccix
S323,Fractura del hueso iliaco
S324,Fractura del acetábulo
S325,Fractura del pubis
S327,Fracturas múltiples de la columna lumbar y de la pelvis
S328,Fractura de otras partes y de las no especificadas de la columna lumbar y de la pelvis
P038,Feto y recién nacido afectados por otras complicaciones especificadas del trabajo de parto y del parto
P039,Feto y recién nacido afectados por complicaciones no especificadas del trabajo de parto y del parto
P027,Feto y recién nacido afectados por corioamnionitis
P028,Feto y recién nacido afectados por otras anormalidades de las membranas
P029,Feto y recién nacido afectados por anormalidad no especificada de las membranas
P019,Feto y recién nacido afectados por complicaciones maternas no especificadas del embarazo
P009,Feto y recién nacido afectados por afección materna no especificada
G060,Absceso y granuloma intracraneal
G061,Absceso y granuloma intrarraquídeo
G062,"Absceso extradural y subdural, no especificado"
G050,"Encefalitis, mielitis y encefalomielitis en enfermedades bacterianas clasificadas en otra parte"
G051,"Encefalitis, mielitis y encefalomielitis en enfermedades virales clasificadas en otra parte"
G052,"Encefalitis, mielitis y encefalomielitis en otras enfermedades infecciosas y parasitarias clasificadas en otra parte"
G058,"Encefalitis, mielitis y encefalomielitis en enfermedades clasificadas en otra parte"
O340,Atención materna por anomalía congénita del útero
O341,Atención materna por tumor del cuerpo del útero
O342,Atención materna por cicatriz uterina debida a cirugía previa
O343,Atención materna por incompetencia del cuello uterino
O344,Atención materna por otra anormalidad del cuello uterino
O345,Atención materna por otras anormalidades del útero grávido
O330,Atención materna por desproporción debida a deformidad de la pelvis ósea en la madre
O331,Atención materna por desproporción debida a estrechez general de la pelvis
O332,Atención materna por desproporción debida a disminución del estrecho superior de la pelvis
O333,Atención materna por desproporción debida a disminución del estrecho inferior de la pelvis
O334,"Atención materna por desproporción fetopelviana de origen mixto, materno y fetal"
O335,Atención materna por desproporción debida a feto demasiado grande
O336,Atención materna por desproporción debida a feto hidrocefálico
O337,Atención materna por desproporción debida a otra deformidad fetal
O338,Atención materna por desproporción de otro origen
O320,Atención materna por posición fetal inestable
O321,Atención materna por presentación de nalgas
O322,Atención materna por posición fetal oblicua o transversa
O323,"Atención materna por presentación de cara, de frente o de mentón"
O324,Atención materna por cabeza alta en gestación a término
O325,Atención materna por embarazo múltiple con presentación anormal de un feto o más
O326,Atención materna por presentación compuesta
O328,Atención materna por otras presentaciones anormales del feto
O329,Atención materna por presentación anormal no especificada del feto
O310,Feto papiráceo
O311,Embarazo que continúa después del aborto de un feto o más
O312,Embarazo que continúa después de la muerte intrauterina de un feto o más
O318,Otras complicaciones específicas del embarazo múltiple
O300,Embarazo doble
O301,Embarazo triple
O302,Embarazo cuádruple
O308,Otros embarazos múltiples
O309,"Embarazo múltiple, no especificado"
N130,Hidronefrosis con obstrucción de la unión urétero–pélvica
N131,"Hidronefrosis con estrechez ureteral, no clasificada en otra parte"
N132,Hidronefrosis con obstrucción por cálculos del riñón y del uréter
N133,Otras hidronefrosis y las no especificadas
N134,Hidrouréter
N135,Torsión y estrechez del uréter sin hidronefrosis
N136,Pionefrosis
N137,Uropatía asociada con reflujo vesicoureteral
N138,Otras uropatías obstructivas y por reflujo
N139,"Uropatía obstructiva y por reflujo, sin otra especificación"
N110,Pielonefritis crónica no obstructiva asociada con reflujo
N111,Pielonefritis crónica obstructiva
N118,Otras nefritis tubulointersticiales crónicas
N119,"Nefritis tubulointersticial crónica, sin otra especificación"
N180,Insuficiencia renal terminal
P375,Candidiasis neonatal
P378,Otras enfermedades neonatales infecciosas o parasitarias especificadas
P379,"Enfermedad infecciosa y parasitaria congénita, no especificada"
P369,"Sepsis bacteriana del recién nacido, no especificada"
P524,Hemorragia intracerebral (no traumática) del feto y del recién nacido
P525,Hemorragia subaracnoidea (no traumática) del feto y del recién nacido
P526,Hemorragia cerebelosa y de la fosa posterior (no traumática) del feto y del recién nacido
P528,Otras hemorragias intracraneales (no traumáticas) del feto y del recién nacido
P529,"Hemorragia intracraneal (no traumática) del feto y del recién nacido, sin otra especificación"
D824,Síndrome de hiperinmunoglobulina E [IgE]
D828,Inmunodeficiencia asociada con otros defectos mayores especificados
D829,Inmunodeficiencia asociada con defectos mayores no especificados
D818,Otras inmunodeficiencias combinadas
D819,"Inmunodeficiencia combinada, no especificada"
T250,"Quemadura del tobillo y del pie, grado no especificado"
T251,"Quemadura del tobillo y del pie, de primer grado"
T252,"Quemadura del tobillo y del pie, de segundo grado"
T240,"Quemadura de la cadera y miembro inferior, grado no especificado, excepto tobillo y pie"
T241,"Quemadura de la cadera y miembro inferior, de primer grado, excepto tobillo y pie"
T242,"Quemadura de la cadera y miembro inferior, de segundo grado, excepto tobillo y pie"
T320,Corrosiones que afectan menos del 10% de la superficie del cuerpo
T321,Corrosiones que afectan del 10 al 19% de la superficie del cuerpo
T322,Corrosiones que afectan del 20 al 29% de la superficie del cuerpo
T323,Corrosiones que afectan del 30 al 39% de la superficie del cuerpo
T310,Quemaduras que afectan menos del 10% de la superficie del cuerpo
T311,Quemaduras que afectan del 10 al 19% de la superficie del cuerpo
T312,Quemaduras que afectan del 20 al 29% de la superficie del cuerpo
N170,Insuficiencia renal aguda con necrosis tubular
N171,Insuficiencia renal aguda con necrosis cortical aguda
N172,Insuficiencia renal aguda con necrosis medular
N178,Otras insuficiencias renales agudas
N220,Litiasis urinaria en esquistosomiasis [bilharziasis] (B65.–)
N228,Cálculo de las vías urinarias en otras enfermedades clasificadas en otra parte
N210,Cálculo en la vejiga
N211,Cálculo en la uretra
N218,Otros cálculos de las vías urinarias inferiores
N219,"Cálculo de las vías urinarias inferiores, no especificado"
N200,Cálculo del riñón
N201,Cálculo del uréter
N202,Cálculo del riñón con cálculo del uréter
N209,"Cálculo urinario, no especificado"
A190,Tuberculosis miliar aguda de un solo sitio especificado
A191,Tuberculosis miliar aguda de sitios múltiples
A192,"Tuberculosis miliar aguda, no especificada"
A198,Otras tuberculosis miliares
A199,"Tuberculosis miliar, sin otra especificación"
A180,Tuberculosis de huesos y articulaciones
A181,Tuberculosis del aparato genitourinario
A182,Linfadenopatía periférica tuberculosa
A183,"Tuberculosis de los intestinos, el peritoneo y los ganglios mesentéricos"
A184,Tuberculosis de la piel y el tejido subcutáneo
A185,Tuberculosis del ojo
A186,Tuberculosis del oído
A187,Tuberculosis de glándulas suprarrenales (E35.1)
A188,Tuberculosis de otros órganos especificados
A170,Meningitis tuberculosa (G01)
A171,Tuberculoma meníngeo (G07)
A178,Otras tuberculosis del sistema nervioso
A179,"Tuberculosis del sistema nervioso, no especificada (G99.8)"
A160,"Tuberculosis del pulmón, con examen bacteriológico e histológico negativos"
A161,"Tuberculosis de pulmón, sin examen bacteriológico e histológico"
A162,"Tuberculosis de pulmón, sin mención de confirmación bacteriológica o histológica"
A163,"Tuberculosis de ganglios linfáticos intratorácicos, sin mención de confirmación bacteriológica o histológica"
A164,"Tuberculosis de laringe, tráquea y bronquios, sin mención de confirmación bacteriológica o histológica"
A165,"Pleuresía tuberculosa, sin mención de confirmación bacteriológica o histológica"
A167,"Tuberculosis respiratoria primaria, sin mención de confirmación bacteriológica o histológica"
A168,"Otras tuberculosis respiratorias, sin mención de confirmación"
A169,"Tuberculosis respiratoria no especificada, sin mención de confirmación bacteriológica o histológica"
A150,"Tuberculosis del pulmón, confirmada por hallazgo microscópico del bacilo tuberculoso en esputo, con o sin cultivo"
A151,"Tuberculosis del pulmón, confirmada únicamente por cultivo"
A152,"Tuberculosis del pulmón, confirmada histológicamente"
A153,"Tuberculosis del pulmón, confirmada por medios no especificados"
A154,"Tuberculosis de ganglios linfáticos intratorácicos, confirmada bacteriológica e histológicamente"
A155,"Tuberculosis de laringe, tráquea y bronquios, confirmada bacteriológica e histológicamente"
A156,"Pleuresía tuberculosa, confirmada bacteriológica e histológicamente"
A157,"Tuberculosis respiratoria primaria, confirmada bacteriológica e histológicamente"
A230,Brucelosis debida a Brucella melitensis
A231,Brucelosis debida a Brucella abortus
A232,Brucelosis debida a Brucella suis
A233,Brucelosis debida a Brucella canis
A238,Otras brucelosis
A239,"Brucelosis, no especificada"
A220,Carbunco cutáneo
A221,Carbunco pulmonar
A222,Carbunco gastrointestinal
A227,Carbunco septicémico
A228,Otras formas de carbunco
A229,"Carbunco, no especificado"
A210,Tularemia ulceroglandular
A211,Tularemia oculoglandular
A212,Tularemia pulmonar
A213,Tularemia gastrointestinal
A217,Tularemia generalizada
A218,Otras formas de tularemia
A219,"Tularemia, no especificada"
A200,Peste bubónica
A201,Peste celulocutánea
A202,Peste neumónica
A203,Meningitis por peste
A207,Peste septicémica
A208,Otras formas de peste
A209,"Peste, no especificada"
A320,Listeriosis cutánea
A321,Meningitis y meningoencefalitis listeriana
A327,Septicemia listeriana
A310,Infecciones por micobacterias pulmonares
A311,Infección cutánea por micobacterias
A318,Otras infecciones por micobacterias
A300,Lepra indeterminada
A301,Lepra tuberculoide
A302,Lepra tuberculoide limítrofe
A530,"Sífilis latente, no especificada como precoz o tardía"
A539,"Sífilis, no especificada"
A520,Sífilis cardiovascular
A521,Neurosífilis sintomática
A522,Neurosífilis asintomática
A523,Neurosífilis no especificada
A527,Otras sífilis tardías sintomáticas
A510,Sífilis genital primaria
A511,Sífilis primaria anal
A512,Sífilis primaria en otros sitios
A513,Sífilis secundaria de piel y membranas mucosas
A514,Otras sífilis secundarias
A515,"Sífilis precoz, latente"
A500,"Sífilis congénita precoz, sintomática"
A501,"Sífilis congénita precoz, latente"
A502,"Sífilis congénita precoz, sin otra especificación"
A503,Oculopatía sifilítica congénita tardía
A690,Estomatitis ulcerativa necrotizante
A691,Otras infecciones de Vincent
A692,Enfermedad de Lyme
A698,Otras infecciones especificadas por espiroquetas
A699,"Infección por espiroqueta, no especificada"
A680,Fiebre recurrente transmitida por piojos
A681,Fiebre recurrente transmitida por garrapatas
A689,"Fiebre recurrente, no especificada"
A670,Lesiones primarias de la pinta
A671,Lesiones intermedias de la pinta
A672,Lesiones tardías de la pinta
A673,Lesiones mixtas de la pinta
A679,"Pinta, no especificada"
A660,Lesiones iniciales de frambesia
A661,Lesiones papilomatosas múltiples y frambesia con paso de cangrejo
A662,Otras lesiones precoces de la piel en la frambesia
A663,Hiperqueratosis de frambesia
A664,Goma y úlceras de frambesia
A665,Gangosa
A666,Lesiones frambésicas de los huesos y de las articulaciones
A740,Conjuntivitis por clamidias (H13.1)
A748,Otras enfermedades por clamidias
A749,"Infección por clamidias, no especificada"
A710,Estado inicial de tracoma
A711,Estado activo de tracoma
A719,"Tracoma, no especificado"
A790,Fiebre de las trincheras
A791,Rickettsiosis pustulosa debida a Rickettsia akari
A798,Otras rickettsiosis especificadas
A799,"Rickettsiosis, no especificada"
A770,Fiebre maculosa debida a Rickettsia rickettsii
A771,Fiebre maculosa debida a Rickettsia conorii
A772,Fiebre maculosa debida a Rickettsia siberica
A773,Fiebre maculosa debida a Rickettsia australis
A778,Otras fiebres maculosas
A779,"Fiebre maculosa, no especificada"
A750,Tifus epidémico debido a Rickettsia prowazekii transmitido por piojos
A751,Tifus recrudescente [enfermedad de Brill]
A752,Tifus debido a Rickettsia typhi
A753,Tifus debido a Rickettsia tsutsugamushi
A759,"Tifus, no especificado"
A850,Encefalitis enteroviral (G05.1)
A851,Encefalitis por adenovirus (G05.1)
A852,"Encefalitis viral transmitida por artrópodos, sin otra especificación"
A858,Otras encefalitis virales especificadas
A840,Encefalitis del Lejano Oriente transmitida por garrapatas [encefalitis primaveroestival rusa]
A841,Encefalitis centroeuropea transmitida por garrapatas
A848,Otras encefalitis virales transmitidas por garrapatas
A849,"Encefalitis viral transmitida por garrapatas, sin otra especificación"
A830,Encefalitis japonesa
A831,Encefalitis equina del oeste
A832,Encefalitis equina del este
A833,Encefalitis de San Luis
A834,Encefalitis australiana
A835,Encefalitis de California
A836,Enfermedad por virus Rocío
A838,Otras encefalitis virales transmitidas por mosquitos
A839,"Encefalitis viral transmitida por mosquitos, sin otra especificación"
A820,Rabia selvática
A821,Rabia urbana
A829,"Rabia, sin otra especificación"
A810,Enfermedad de Creutzfeldt-Jakob
A811,Panencefalitis esclerosante subaguda
A812,Leucoencefalopatía multifocal progresiva
A818,Otras infecciones del sistema nervioso central por virus atípico
A819,"Infecciones del sistema nervioso central por virus atípico, sin otra especificación"
A800,"Poliomielitis aguda paralítica, asociada a vacuna"
A801,Poliomielitis aguda paralítica debida a virus salvaje importado
A802,Poliomielitis aguda paralítica debida a virus salvaje autóctono
A803,"Otras poliomielitis agudas paralíticas, y las no especificadas"
A804,Poliomielitis aguda no paralítica
A809,"Poliomielitis aguda, sin otra especificación"
A920,Enfermedad por virus Chikungunya
A921,Fiebre de O’nyong-nyong
A922,Fiebre equina venezolana
A923,Enfermedad viral del oeste del Nilo
A924,Fiebre del valle del Rift
A928,Otras fiebres virales especificadas transmitidas por mosquitos
A929,"Fiebre viral transmitida por mosquito, sin otra especificación"
M20,Deformidades adquiridas de los dedos de la mano y del pie
M21,Otras deformidades adquiridas de los miembros
M22,Trastornos de la rótula
M23,Trastorno interno de la rodilla
M24,Otros trastornos articulares específicos
M25,"Otros trastornos articulares, no clasificados en otra parte"
M15,Poliartrosis
M16,Coxartrosis [artrosis de la cadera]
M17,Gonartrosis [artrosis de la rodilla]
M18,Artrosis de la primera articulación carpometacarpiana
M05,Artritis reumatoide seropositiva
M06,Otras artritis reumatoides
M07,Artropatías psoriásicas y enteropáticas
M08,Artritis juvenil
M09,Artritis juvenil en enfermedades clasificadas en otra parte
M10,Gota
M11,Otras artropatías por cristales
T235,"Corrosión de la muñeca y de la mano, de primer grado"
T236,"Corrosión de la muñeca y de la mano, de segundo grado"
T237,"Corrosión de la muñeca y de la mano, de tercer grado"
M00,Artritis piógena
M01,Infecciones directas de la articulación en enfermedades infecciosas y parasitarias clasificadas en otra parte
M02,Artropatías reactivas
M03,Artropatías postinfecciosas y reactivas en enfermedades clasificadas en otra parte
T226,"Corrosión del hombro y miembro superior, de segundo grado, excepto de la muñeca y de la mano"
T227,"Corrosión del hombro y miembro superior, de tercer grado, excepto de la muñeca y de la mano"
M350,Síndrome seco [Sjögren]
M351,Otros síndromes superpuestos
M352,Enfermedad de Behçet
M353,Polimialgia reumática
M354,Fascitis difusa (eosinofílica)
M355,Fibrosclerosis multifocal
M356,Paniculitis recidivante [Weber-Christian]
M357,Síndrome de hipermovilidad
M358,Otras enfermedades especificadas con compromiso sistémico del tejido conjuntivo
M359,"Compromiso sistémico del tejido conjuntivo, no especificado"
T288,Corrosión de órganos genitourinarios internos
T289,Corrosión de otros órganos internos y de los no especificados
T276,Corrosión de otras partes de las vías respiratorias
T277,"Corrosión de las vías respiratorias, parte no especificada"
T269,"Corrosión del ojo y sus anexos, parte no especificada"
M340,Esclerosis sistémica progresiva
M341,Síndrome CR(E)ST
M342,Esclerosis sistémica inducida por drogas o productos químicos
M348,Otras formas de esclerosis sistémica
M349,"Esclerosis sistémica, no especificada"
M330,Dermatomiositis juvenil
M331,Otras dermatomiositis
M332,Polimiositis
M339,"Dermatopolimiositis, no especificada"
M320,"Lupus eritematoso sistémico, inducido por drogas"
M321,Lupus eritematoso sistémico con compromiso de órganos o sistemas
M328,Otras formas de lupus eritematoso sistémico
M329,"Lupus eritematoso sistémico, sin otra especificación"
M310,Angiítis debida a hipersensibilidad
M311,Microangiopatía trombótica
M312,Granuloma letal de la línea media
M313,Granulomatosis de Wegener
M314,Síndrome del cayado de la aorta [Takayasu]
S052,Laceración y ruptura ocular con prolapso o pérdida del tejido intraocular
S053,Laceración ocular sin prolapso o pérdida del tejido intraocular
S054,Herida penetrante de la órbita con o sin cuerpo extraño
S055,Herida penetrante del globo ocular con cuerpo extraño
S056,Herida penetrante de globo ocular sin cuerpo extraño
S057,Avulsión de ojo
S058,Otros traumatismos del ojo y de la órbita
S059,"Traumatismo del ojo y de la órbita, no especificado"
S043,Traumatismo del nervio trigémino [V par]
S044,Traumatismo del nervio motor ocular externo [VI par]
S045,Traumatismo del nervio facial [VII par]
S046,Traumatismo del nervio acústico [VIII par]
S047,Traumatismo del nervio espinal [XI par]
S048,Traumatismo de otros nervios craneales
S049,"Traumatismo de nervios craneales, no especificado"
M300,Poliarteritis nudosa
M301,Poliarteritis con compromiso pulmonar [Churg-Strauss]
M302,Poliarteritis juvenil
M303,Síndrome mucocutáneo linfonodular [Kawasaki]
M308,Otras afecciones relacionadas con la poliarteritis nudosa
M50,Trastornos de disco cervical
M51,Otros trastornos de los discos intervertebrales
M53,"Otras dorsopatías, no clasificadas en otra parte"
M54,Dorsalgia
M45,Espondilitis anquilosante
M46,Otras espondilopatías inflamatorias
M47,Espondilosis
M48,Otras espondilopatías
M49,Espondilopatías en enfermedades clasificadas en otra parte
M40,Cifosis y lordosis
M41,Escoliosis
M42,Osteocondrosis de la columna vertebral
M43,Otras dorsopatías deformantes
M70,"Trastornos de los tejidos blandos relacionados con el uso, el uso excesivo y la presión"
M71,Otras bursopatías
M72,Trastornos fibroblásticos
M73,Trastornos de los tejidos blandos en enfermedades clasificadas en otra parte
M65,Sinovitis y tenosinovitis
M66,Ruptura espontánea de la sinovia y del tendón
M67,Otros trastornos de la sinovia y del tendón
M68,Trastornos de los tendones y de la sinovia en enfermedades clasificadas en otra parte
M60,Miositis
M61,Calcificación y osificación del músculo
M62,Otros trastornos de los músculos
M91,Osteocondrosis juvenil de la cadera y de la pelvis
M92,Otras osteocondrosis juveniles
M93,Otras osteocondropatías
M86,Osteomielitis
M87,Osteonecrosis
M88,Enfermedad de Paget de los huesos [osteítis deformante]
M89,Otros trastornos del hueso
M90,Osteopatías en enfermedades clasificadas en otra parte
M80,Osteoporosis con fractura patológica
M81,Osteoporosis sin fractura patológica
M82,Osteoporosis en enfermedades clasificadas en otra parte
M83,Osteomalacia del adulto
M84,Trastornos de la continuidad del hueso
L040,"Linfadenitis aguda de cara, cabeza y cuello"
L041,Linfadenitis aguda del tronco
L042,Linfadenitis aguda del miembro superior
L043,Linfadenitis aguda del miembro inferior
L048,Linfadenitis aguda de otros sitios
L049,Linfadenitis aguda de sitio no especificado
L030,Celulitis de los dedos de la mano y del pie
L031,Celulitis de otras partes de los miembros
L032,Celulitis de la cara
L033,Celulitis del tronco
L038,Celulitis de otros sitios
L039,Celulitis de sitio no especificado
L020,"Absceso cutáneo, furúnculo y carbunco de la cara"
L021,"Absceso cutáneo, furúnculo y carbunco del cuello"
L022,"Absceso cutáneo, furúnculo y carbunco del tronco"
L023,"Absceso cutáneo, furúnculo y carbunco de glúteos"
L024,"Absceso cutáneo, furúnculo y carbunco de miembro"
L028,"Absceso cutáneo, furúnculo y carbunco de otros sitios"
L029,"Absceso cutáneo, furúnculo y carbunco de sitio no especificado"
L010,Impétigo [cualquier sitio anatómico] [cualquier organismo]
L011,Impetiginización de otras dermatosis
L120,Penfigoide flictenular
L121,Penfigoide cicatricial
L122,Enfermedad flictenular crónica de la infancia
L123,Epidermólisis bullosa adquirida
L128,Otros penfigoides
L129,"Penfigoide, no especificado"
L110,Queratosis folicular adquirida
L111,Dermatosis acantolítica transitoria [Grover]
L118,Otros trastornos acantolíticos especificados
L119,"Trastorno acantolítico, no especificado"
L100,Pénfigo vulgar
L101,Pénfigo vegetante
L102,Pénfigo foliáceo
L103,Pénfigo brasileño [fogo selvagem]
L104,Pénfigo eritematoso
L105,Pénfigo inducido por drogas
L108,Otros pénfigos
L109,"Pénfigo, no especificado"
S158,Traumatismo de otros vasos sanguíneos a nivel del cuello
S159,Traumatismo de vasos sanguíneos no especificados a nivel del cuello
S146,Traumatismo de otros nervios y de los no especificados del cuello
O264,Herpes gestacional
O265,Síndrome de hipotensión materna
O266,"Trastornos del hígado en el embarazo, el parto y el puerperio"
O267,"Subluxación de la sínfisis (del pubis) en el embarazo, el parto y el puerperio"
O268,Otras complicaciones especificadas relacionadas con el embarazo
O269,"Complicación relacionada con el embarazo, no especificada"
O249,"Diabetes mellitus no especificada, en el embarazo"
S279,"Traumatismo de órgano intratorácico, no especificado"
S335,Esguinces y torceduras de la columna lumbar
S336,Esguinces y torceduras de la articulación sacroiliaca
S337,Esguinces y torceduras de otras partes y de las no especificadas de la columna lumbar y de la pelvis
O346,Atención materna por anormalidad de la vagina
O347,Atención materna por anormalidad de la vulva y del perineo
O348,Atención materna por otras anormalidades de los órganos pelvianos
O349,Atención materna por anormalidad no especificada de órgano pelviano
O339,Atención materna por desproporción de origen no especificado
N188,Otras insuficiencias renales crónicas
N189,"Insuficiencia renal crónica, no especificada"
L250,"Dermatitis de contacto, forma no especificada, debida a cosméticos"
L251,"Dermatitis de contacto, forma no especificada, debida a drogas en contacto con la piel"
L252,"Dermatitis de contacto, forma no especificada, debida a colorantes"
L240,"Dermatitis de contacto por irritantes, debida a detergentes"
L230,Dermatitis alérgica de contacto debida a metales
L210,Seborrea capitis
L200,Prurigo de Besnier
L208,Otras dermatitis atópicas
L209,"Dermatitis atópica, no especificada"
L440,Pitiriasis rubra pilaris
L441,Liquen nítido
L442,Liquen estriado
L443,Liquen rojo moniliforme
L430,Liquen plano hipertrófico
L431,Liquen plano flictenular
L432,Reacción liquenoide debida a drogas
L433,Liquen plano subagudo (activo)
L438,Otros líquenes planos
L439,"Liquen plano, no especificado"
L410,Pitiriasis liquenoide y varioliforme aguda
L411,Pitiriasis liquenoide crónica
L412,Papulosis linfomatoide
L413,Parapsoriasis en placas pequeñas
L400,Psoriasis vulgar
L401,Psoriasis pustulosa generalizada
L402,Acrodermatitis continua
L403,Pustulosis palmar y plantar
L404,Psoriasis guttata
L405,"Artropatía psoriásica (M07.0–M07.3, M09.0)"
L408,Otras psoriasis
L409,"Psoriasis, no especificada"
K050,Gingivitis aguda
K051,Gingivitis crónica
K052,Periodontitis aguda
K053,Periodontitis crónica
K054,Periodontosis
K055,Otras enfermedades periodontales
K056,"Enfermedad del periodonto, no especificada"
K040,Pulpitis
K041,Necrosis de la pulpa
K042,Degeneración de la pulpa
K043,Formación anormal de tejido duro en la pulpa
K044,Periodontitis apical aguda originada en la pulpa
K045,Periodontitis apical crónica
K046,Absceso periapical con fístula
K047,Absceso periapical sin fístula
K030,Atrición excesiva de los dientes
K031,Abrasión de los dientes
K032,Erosión de los dientes
K033,Reabsorción patológica de los dientes
K034,Hipercementosis
K035,Anquilosis dental
K036,Depósitos [acreciones] en los dientes
K037,Cambios posteruptivos del color de los tejidos dentales duros
K020,Caries limitada al esmalte
K021,Caries de la dentina
K022,Caries del cemento
K023,Caries dentaria detenida
K024,Odontoclasia
K028,Otras caries dentales
K029,"Caries dental, no especificada"
K010,Dientes incluidos
K011,Dientes impactados
K000,Anodoncia
K001,Dientes supernumerarios
K002,Anomalías del tamaño y de la forma del diente
K003,Dientes moteados
K004,Alteraciones en la formación dentaria
K005,"Alteraciones hereditarias de la estructura dentaria, no clasificadas en otra parte"
K006,Alteraciones en la erupción dentaria
K220,Acalasia del cardias
K221,Úlcera del esófago
K222,Obstrucción del esófago
K223,Perforación del esófago
K224,Disquinesia del esófago
K225,"Divertículo del esófago, adquirido"
K226,Síndrome de laceración y hemorragia gastroesofágicas
K210,Enfermedad del reflujo gastroesofágico con esofagitis
K219,Enfermedad del reflujo gastroesofágico sin esofagitis
K380,Hiperplasia del apéndice
K381,Concreciones apendiculares
K382,Divertículo del apéndice
K383,Fístula del apéndice
K388,Otras enfermedades especificadas del apéndice
K389,"Enfermedad del apéndice, no especificada"
K350,Apendicitis aguda con peritonitis generalizada
K351,Apendicitis aguda con absceso peritoneal
K359,"Apendicitis aguda, no especificada"
K430,"Hernia ventral con obstrucción, sin gangrena"
K431,Hernia ventral con gangrena
K439,Hernia ventral sin obstrucción ni gangrena
K420,"Hernia umbilical con obstrucción, sin gangrena"
K421,Hernia umbilical con gangrena
K429,Hernia umbilical sin obstrucción ni gangrena
K410,"Hernia femoral bilateral, con obstrucción, sin gangrena"
K411,"Hernia femoral bilateral, con gangrena"
K412,"Hernia femoral bilateral, sin obstrucción ni gangrena"
K413,"Hernia femoral unilateral o no especificada, con obstrucción, sin gangrena"
K414,"Hernia femoral unilateral o no especificada, con gangrena"
K419,"Hernia femoral unilateral o no especificada, sin obstrucción ni gangrena"
K400,"Hernia inguinal bilateral con obstrucción, sin gangrena"
K401,"Hernia inguinal bilateral, con gangrena"
K402,"Hernia inguinal bilateral, sin obstrucción ni gangrena"
K403,"Hernia inguinal unilateral o no especificada, con obstrucción, sin gangrena"
K404,"Hernia inguinal unilateral o no especificada, con gangrena"
K409,"Hernia inguinal unilateral o no especificada, sin obstrucción ni gangrena"
K520,Colitis y gastroenteritis debidas a radiación
K521,Colitis y gastroenteritis tóxicas
K522,Colitis y gastroenteritis alérgicas y dietéticas
K528,Otras colitis y gastroenteritis no infecciosas especificadas
K529,"Colitis y gastroenteritis no infecciosas, no especificadas"
K510,Enterocolitis (crónica) ulcerativa
K511,Ileocolitis (crónica) ulcerativa
K512,Proctitis (crónica) ulcerativa
K513,Rectosigmoiditis (crónica) ulcerativa
K514,Seudopoliposis del colon
K515,Proctocolitis mucosa
K518,Otras colitis ulcerativas
K519,"Colitis ulcerativa, sin otra especificación"
T253,"Quemadura del tobillo y del pie, de tercer grado"
T254,"Corrosión del tobillo y del pie, grado no especificado"
T255,"Corrosión del tobillo y del pie, de primer grado"
T256,"Corrosión del tobillo y del pie, de segundo grado"
T257,"Corrosión del tobillo y del pie, de tercer grado"
K500,Enfermedad de Crohn del intestino delgado
K501,Enfermedad de Crohn del intestino grueso
K508,Otros tipos de enfermedad de Crohn
K509,"Enfermedad de Crohn, no especificada"
T243,"Quemadura de la cadera y miembro inferior, de tercer grado, excepto tobillo y pie"
T244,"Corrosión de la cadera y miembro inferior, grado no especificado, excepto tobillo y pie"
T245,"Corrosión de la cadera y miembro inferior, de primer grado, excepto tobillo y pie"
T246,"Corrosión de la cadera y miembro inferior, de segundo grado, excepto tobillo y pie"
T247,"Corrosión de la cadera y miembro inferior, de tercer grado, excepto tobillo y pie"
T324,Corrosiones que afectan del 40 al 49% de la superficie del cuerpo
T325,Corrosiones que afectan del 50 al 59% de la superficie del cuerpo
T326,Corrosiones que afectan del 60 al 69% de la superficie del cuerpo
T327,Corrosiones que afectan del 70 al 79% de la superficie del cuerpo
T328,Corrosiones que afectan del 80 al 89% de la superficie del cuerpo
T329,Corrosiones que afectan el 90% o más de la superficie del cuerpo
T313,Quemaduras que afectan del 30 al 39% de la superficie del cuerpo
T314,Quemaduras que afectan del 40 al 49% de la superficie del cuerpo
T315,Quemaduras que afectan del 50 al 59% de la superficie del cuerpo
T316,Quemaduras que afectan del 60 al 69% de la superficie del cuerpo
T317,Quemaduras que afectan del 70 al 79% de la superficie del cuerpo
T318,Quemaduras que afectan del 80 al 89% de la superficie del cuerpo
T319,Quemaduras que afectan el 90% o más de la superficie del cuerpo
K610,Absceso anal
K611,Absceso rectal
K612,Absceso anorrectal
K613,Absceso isquiorrectal
K614,Absceso intraesfinteriano
N179,"Insuficiencia renal aguda, no especificada"
K600,Fisura anal aguda
K601,Fisura anal crónica
K602,"Fisura anal, no especificada"
K603,Fístula anal
K604,Fístula rectal
K605,Fístula anorrectal
K590,Constipación
K591,Diarrea funcional
K592,"Intestino neurogénico, no clasificado en otra parte"
K593,"Megacolon, no clasificado en otra parte"
K594,Espasmo anal
K598,Otros trastornos funcionales especificados del intestino
K599,"Trastorno funcional intestinal, no especificado"
K580,Síndrome del colon irritable con diarrea
K589,Síndrome del colon irritable sin diarrea
K570,Enfermedad diverticular del intestino delgado con perforación y absceso
K571,Enfermedad diverticular del intestino delgado sin perforación ni absceso
K572,Enfermedad diverticular del intestino grueso con perforación y absceso
K573,Enfermedad diverticular del intestino grueso sin perforación ni absceso
K574,Enfermedad diverticular de ambos intestinos con perforación y absceso
K575,"Enfermedad diverticular de ambos intestinos, sin perforación ni absceso"
K578,"Enfermedad diverticular del intestino, parte no especificada, con perforación y absceso"
K579,"Enfermedad diverticular del intestino, parte no especificada, sin perforación ni absceso"
K560,Íleo paralítico
K561,Invaginación
K562,Vólvulo
K563,Íleo por cálculo biliar
K564,Otras obstrucciones del intestino
K565,Adherencias [bridas] intestinales con obstrucción
K566,Otras obstrucciones intestinales y las no especificadas
K567,"Íleo, no especificado"
K550,Trastorno vascular agudo de los intestinos
K551,Trastorno vascular crónico del intestino
K552,Angiodisplasia del colon
K558,Otros trastornos vasculares del intestino
K559,"Trastorno vascular del intestino, no especificado"
J040,Laringitis aguda
J041,Traqueítis aguda
J042,Laringotraqueítis aguda
J030,Amigdalitis estreptocócica
J038,Amigdalitis aguda debida a otros microorganismos especificados
J039,"Amigdalitis aguda, no especificada"
J020,Faringitis estreptocócica
J028,Faringitis aguda debida a otros microorganismos especificados
J029,"Faringitis aguda, no especificada"
J010,Sinusitis maxilar aguda
J011,Sinusitis frontal aguda
J012,Sinusitis etmoidal aguda
J110,"Influenza con neumonía, virus no identificado (Bronco)neumonía gripal, no especificada o sin identificación del virus específico"
J111,"Influenza con otras manifestaciones respiratorias, virus no identificado"
J118,"Influenza con otras manifestaciones, virus no identificado"
J100,"Influenza con neumonía, debida a otro virus de la influenza identificado"
J101,"Influenza con otras manifestaciones respiratorias, debida a otro virus de la influenza identificado"
J108,"Influenza, con otras manifestaciones, debida a otro virus de la influenza identificado"
J210,Bronquiolitis aguda debida a virus sincitial respiratorio
J218,Bronquiolitis aguda debida a otros microorganismos especificados
J219,"Bronquiolitis aguda, no especificada"
J200,Bronquitis aguda debida a Mycoplasma pneumoniae
J201,Bronquitis aguda debida a Haemophilus influenzae
J202,Bronquitis aguda debida a estreptococos
J203,Bronquitis aguda debida a virus Coxsackie
J204,Bronquitis aguda debida a virus parainfluenza
J320,Sinusitis maxilar crónica
J321,Sinusitis frontal crónica
J322,Sinusitis etmoidal crónica
J323,Sinusitis esfenoidal crónica
J324,Pansinusitis crónica
J328,Otras sinusitis crónicas
J329,"Sinusitis crónica, no especificada"
J310,Rinitis crónica
J311,Rinofaringitis crónica
J312,Faringitis crónica
J300,Rinitis vasomotora
J301,Rinitis alérgica debida al polen
J302,Otra rinitis alérgica estacional
J303,Otras rinitis alérgicas
J304,"Rinitis alérgica, no especificada"
I020,Corea reumática con complicación cardíaca
I029,Corea reumática sin mención de complicación cardíaca
I010,Pericarditis reumática aguda
I011,Endocarditis reumática aguda
I012,Miocarditis reumática aguda
I018,Otras enfermedades reumáticas agudas del corazón
I019,"Enfermedad reumática aguda del corazón, no especificada"
I080,Trastornos de las válvulas mitral y aórtica
I081,Trastornos de las válvulas mitral y tricúspide
I082,Trastornos de las válvulas aórtica y tricúspide
I083,"Trastornos combinados de las válvulas mitral, tricúspide y aórtica"
I088,Otras enfermedades de múltiples válvulas
I089,"Enfermedad de múltiples válvulas, no especificada"
A158,"Otras tuberculosis respiratorias, confirmadas bacteriológica e histológicamente"
A159,"Tuberculosis respiratoria no especificada, confirmada bacteriológica e histológicamente"
A328,Otras formas de listeriosis
A329,"Listeriosis, no especificada"
A319,"Infección por micobacteria, no especificada"
A303,Lepra limítrofe
A304,Lepra lepromatosa limítrofe
A305,Lepra lepromatosa
A308,Otras formas de lepra
A309,"Lepra, no especificada"
A528,"Sífilis tardía, latente"
A529,"Sífilis tardía, no especificada"
A519,"Sífilis precoz, sin otra especificación"
A504,Neurosífilis congénita tardía [neurosífilis juvenil]
A505,"Otras formas de sífilis congénita tardía, sintomática"
A506,"Sífilis congénita tardía, latente"
A507,"Sífilis congénita tardía, sin otra especificación"
A509,"Sífilis congénita, sin otra especificación"
A667,Otras manifestaciones de frambesia
A668,Frambesia latente
A669,"Frambesia, no especificada"
M19,Otras artrosis
M12,Otras artropatías específicas
M13,Otras artritis
M14,Artropatía en otras enfermedades clasificadas en otra parte
M315,Arteritis de células gigantes con polimialgia reumática
M316,Otras arteritis de células gigantes
M317,Poliangiítis microscópica
M318,Otras vasculopatías necrotizantes especificadas
M319,"Vasculopatía necrotizante, no especificada"
M75,Lesiones del hombro
M76,"Entesopatías del miembro inferior, excluido el pie"
M77,Otras entesopatías
M79,"Otros trastornos de los tejidos blandos, no clasificados en otra parte"
M63,Trastornos de los músculos en enfermedades clasificadas en otra parte
M94,Otros trastornos del cartílago
M85,Otros trastornos de la densidad y de la estructura óseas
I070,Estenosis tricúspide
I071,Insuficiencia tricúspide
I072,Estenosis e insuficiencia tricúspide
I078,Otras enfermedades de la válvula tricúspide
I079,"Enfermedad de la válvula tricúspide, no especificada"
I060,Estenosis aórtica reumática
I061,Insuficiencia aórtica reumática
I062,Estenosis aórtica reumática con insuficiencia
I068,Otras enfermedades reumáticas de la válvula aórtica
I069,"Enfermedad valvular aórtica reumática, no especificada"
I050,Estenosis mitral
I051,Insuficiencia mitral reumática
I052,Estenosis mitral con insuficiencia
I058,Otras enfermedades de la válvula mitral
I059,"Enfermedad valvular mitral, no especificada"
I110,Enfermedad cardíaca hipertensiva con insuficiencia cardíaca (congestiva)
I119,Enfermedad cardíaca hipertensiva sin insuficiencia cardíaca (congestiva)
I220,Infarto subsecuente del miocardio de la pared anterior
I221,Infarto subsecuente del miocardio de la pared inferior
I228,Infarto subsecuente del miocardio de otros sitios
I229,"Infarto subsecuente del miocardio, de parte no especificada"
I210,Infarto transmural agudo del miocardio de la pared anterior
I211,Infarto transmural agudo del miocardio de la pared inferior
I212,Infarto agudo transmural del miocardio de otros sitios
I213,"Infarto transmural agudo del miocardio, de sitio no especificado"
I214,Infarto subendocárdico agudo del miocardio
I219,"Infarto agudo del miocardio, sin otra especificación"
I200,Angina inestable
I201,Angina de pecho con espasmo documentado
I208,Otras formas especificadas de angina de pecho
I209,"Angina de pecho, no especificada"
S430,Luxación de la articulación del hombro
S431,Luxación de la articulación acromioclavicular
S432,Luxación de la articulación esternoclavicular
S433,Luxación de otras partes de la cintura escapular y de las no especificadas
S434,Esguinces y torceduras de la articulación del hombro
S420,Fractura de la clavícula
S421,Fractura del omóplato
S422,Fractura de la epífisis superior del húmero
S423,Fractura de la diáfisis del húmero
S424,Fractura de la epífisis inferior del húmero
S427,"Fracturas múltiples de la clavícula, del omóplato y del húmero"
S428,Fractura de otras partes del hombro y del brazo
S429,"Fractura del hombro y del brazo, parte no especificada"
S410,Herida del hombro
S411,Herida del brazo
S417,Heridas múltiples del hombro y del brazo
S418,Herida de otras partes y de las no especificadas del hombro y del brazo
S400,Contusión del hombro y del brazo
S407,Traumatismos superficiales múltiples del hombro y del brazo
S408,Otros traumatismos superficiales del hombro y del brazo
S540,Traumatismo del nervio cubital a nivel del antebrazo
S541,Traumatismo del nervio mediano a nivel del antebrazo
S542,Traumatismo del nervio radial a nivel del antebrazo
S543,Traumatismo del nervio sensorial cutáneo a nivel del antebrazo
S547,Traumatismo de múltiples nervios a nivel del antebrazo
S548,Traumatismo de otros nervios a nivel del antebrazo
S549,Traumatismo de nervio no especificado a nivel del antebrazo
S530,Luxación de la cabeza del radio
S531,"Luxación del codo, no especificada"
S532,Ruptura traumática del ligamento lateral del radio
S533,Ruptura traumática del ligamento lateral del cúbito
S534,Esguinces y torceduras del codo
S520,Fractura de la epífisis superior del cúbito
S521,Fractura de la epífisis superior del radio
S522,Fractura de la diáfisis del cúbito
S523,Fractura de la diáfisis del radio
S524,Fractura de la diáfisis del cúbito y del radio
S510,Herida del codo
S517,Heridas múltiples del antebrazo
S518,Herida de otras partes del antebrazo
S519,"Herida del antebrazo, parte no especificada"
S500,Contusión del codo
S501,Contusión de otras partes del antebrazo y de las no especificadas
S507,Traumatismos superficiales múltiples del antebrazo
S508,Otros traumatismos superficiales del antebrazo
S509,"Traumatismo superficial del antebrazo, no especificado"
S610,"Herida de dedo(s) de la mano, sin daño de la(s) uña(s)"
S611,"Herida de dedo(s) de la mano, con daño de la(s) uña(s)"
S617,Heridas múltiples de la muñeca y de la mano
S618,Herida de otras partes de la muñeca y de la mano
S619,"Herida de la muñeca y de la mano, parte no especificada"
S600,"Contusión de dedo(s) de la mano, sin daño de la(s) uña(s)"
S601,Contusión de dedo(s) de la mano con daño de la(s) uña(s)
S602,Contusión de otras partes de la muñeca y de la mano
S607,Traumatismos superficiales múltiples de la muñeca y de la mano
S608,Otros traumatismos superficiales de la muñeca y de la mano
S609,"Traumatismo superficial de la muñeca y de la mano, no especificado"
S720,Fractura del cuello de fémur
S721,Fractura pertrocanteriana
S722,Fractura subtrocanteriana
S723,Fractura de la diáfisis del fémur
S710,Herida de la cadera
S711,Herida del muslo
S717,Heridas múltiples de la cadera y del muslo
S718,Herida de otras partes y de las no especificadas de la cintura pélvica
S700,Contusión de la cadera
S701,Contusión del muslo
S707,Traumatismos superficiales múltiples de la cadera y del muslo
S708,Otros traumatismos superficiales de la cadera y del muslo
S709,"Traumatismo superficial de la cadera y del muslo, no especificado"
S830,Luxación de la rótula
S831,Luxación de la rodilla
S832,"Desgarro de meniscos, presente"
S833,"Desgarro del cartílago articular de la rodilla, presente"
S834,Esguinces y torceduras que comprometen los ligamentos laterales (externo) (interno) de la rodilla
S835,Esguinces y torceduras que comprometen el ligamento cruzado (anterior) (posterior) de la rodilla
S836,Esguinces y torceduras de otras partes y las no especificadas de la rodilla
S820,Fractura de la rótula
S821,Fractura de la epífisis superior de la tibia
S822,Fractura de la diáfisis de la tibia
S823,Fractura de la epífisis inferior de la tibia
S824,Fractura del peroné solamente
S825,Fractura del maléolo interno
S826,Fractura del maléolo externo
S827,Fracturas múltiples de la pierna
S828,Fractura de otras partes de la pierna
S829,"Fractura de la pierna, parte no especificada"
S810,Herida de la rodilla
S817,Heridas múltiples de la pierna
S818,Herida de otras partes de la pierna
S819,"Herida de la pierna, parte no especificada"
S800,Contusión de la rodilla
S801,Contusión de otras partes y las no especificadas de la pierna
S807,Traumatismos superficiales múltiples de la pierna
S808,Otros traumatismos superficiales de la pierna
S809,"Traumatismo superficial de la pierna, no especificado"
S930,Luxación de la articulación del tobillo
S931,Luxación de dedo(s) del pie
S932,Ruptura de ligamentos a nivel del tobillo y del pie
S933,Luxación de otros sitios y los no especificados del pie
S934,Esguinces y torceduras del tobillo
S935,Esguinces y torceduras de dedo(s) del pie
S936,Esguinces y torceduras de otros sitios y de los no especificados del pie
S920,Fractura del calcáneo
S921,Fractura del astrágalo
S922,Fractura de otro(s) hueso(s) del tarso
S923,Fractura de hueso del metatarso
S924,Fractura de los huesos del dedo gordo del pie
S925,Fractura de los huesos de otro(s) dedo(s) del pie
S927,Fracturas múltiples del pie
S929,"Fractura del pie, no especificada"
S910,Herida del tobillo
S911,Herida de dedo(s) del pie sin daño de la(s) uña(s)
S912,Herida de dedo(s) del pie con daño de la(s) uña(s)
S913,Herida de otras partes del pie
S917,Heridas múltiples del tobillo y del pie
S900,Contusión del tobillo
S901,Contusión de dedo(s) del pie sin daño de la(s) uña(s)
S902,Contusión de dedo(s) del pie con daño de la(s) uña(s)
S903,Contusión de otras partes y de las no especificadas del pie
S907,Traumatismos superficiales múltiples del pie y del tobillo
S908,Otros traumatismos superficiales del pie y del tobillo
S909,"Traumatismo superficial del pie y del tobillo, no especificado"
T010,Heridas que afectan la cabeza con el cuello
T011,"Heridas que afectan el tórax con el abdomen, la región lumbosacra y la pelvis"
T012,Heridas que afectan múltiples regiones del (de los) miembro(s) superior(es)
T013,Heridas que afectan múltiples regiones del (de los) miembro(s) inferior(es)
T016,Heridas que afectan múltiples regiones del (de los) miembro(s) superior(es) con miembro(s) inferior(es)
T018,Heridas que afectan otras combinaciones de las regiones del cuerpo
T019,"Heridas múltiples, no especificadas"
T000,Traumatismos superficiales que afectan la cabeza con el cuello
T001,"Traumatismos superficiales que afectan el tórax con el abdomen, la región lumbosacra y la pelvis"
T002,Traumatismos superficiales que afectan múltiples regiones del(os) miembro(s) superior(es)
T003,Traumatismos superficiales que afectan múltiples regiones del (de los) miembro(s) inferior(es)
T006,Traumatismos superficiales que afectan múltiples regiones del (de los) miembro(s) superior(es) con miembro(s) inferior(es)
T008,Traumatismos superficiales que afectan otras combinaciones de regiones del cuerpo
T009,"Traumatismos superficiales múltiples, no especificados"
Z080,Examen de seguimiento consecutivo a cirugía por tumor maligno
Z081,Examen de seguimiento consecutivo a radioterapia por tumor maligno
Z082,Examen de seguimiento consecutivo a quimioterapia por tumor maligno
Z087,Examen de seguimiento consecutivo a tratamiento combinado por tumor maligno
Z088,Examen de seguimiento consecutivo a otro tratamiento por tumor maligno
Z089,Examen de seguimiento consecutivo a tratamiento no especificado por tumor maligno
Z040,Prueba de alcohol o drogas en la sangre
Z041,Examen y observación consecutivos a accidente de transporte
Z042,Examen y observación consecutivos a accidente de trabajo
Z043,Examen y observación consecutivos a otro accidente
Z044,Examen y observación consecutivos a denuncia de violación y seducción
Z045,Examen y observación consecutivos a otra lesión infligida
Z046,"Examen psiquiátrico general, solicitado por una autoridad"
Z048,Examen y observación por otras razones especificadas
Z049,Examen y observación por razones no especificadas
L253,"Dermatitis de contacto, forma no especificada, debida a otros productos químicos"
L254,"Dermatitis de contacto, forma no especificada, debida a alimentos en contacto con la piel"
L255,"Dermatitis de contacto, forma no especificada, debida a plantas, excepto las alimenticias"
L258,"Dermatitis de contacto, forma no especificada, debida a otros agentes"
L259,"Dermatitis de contacto, forma y causa no especificadas"
L241,"Dermatitis de contacto por irritantes, debida a aceites y grasas"
L242,"Dermatitis de contacto por irritantes, debida a disolventes"
L243,"Dermatitis de contacto por irritantes, debida a cosméticos"
L244,"Dermatitis de contacto por irritantes, debida a drogas en contacto con la piel"
L245,"Dermatitis de contacto por irritantes, debida a otros productos químicos"
L246,"Dermatitis de contacto por irritantes, debida a alimentos en contacto con la piel"
L247,"Dermatitis de contacto por irritantes, debida a plantas, excepto las alimenticias"
L248,"Dermatitis de contacto por irritantes, debida a otros agentes"
L249,"Dermatitis de contacto por irritantes, de causa no especificada"
L231,Dermatitis alérgica de contacto debida a adhesivos
L232,Dermatitis alérgica de contacto debida a cosméticos
L233,Dermatitis alérgica de contacto debida a drogas en contacto con la piel
L234,Dermatitis alérgica de contacto debida a colorantes
L235,Dermatitis alérgica de contacto debida a otros productos químicos
L236,Dermatitis alérgica de contacto debida a alimentos en contacto con la piel
L237,"Dermatitis alérgica de contacto debida a plantas, excepto las alimenticias"
L238,Dermatitis alérgica de contacto debida a otros agentes
L239,"Dermatitis alérgica de contacto, de causa no especificada"
Z030,Observación por sospecha de tuberculosis
Z031,Observación por sospecha de tumor maligno
Z032,Observación por sospecha de trastorno mental y del comportamiento
Z033,Observación por sospecha de trastorno del sistema nervioso
Z034,Observación por sospecha de infarto de miocardio
L211,Dermatitis seborreica infantil
L218,Otras dermatitis seborreicas
L219,"Dermatitis seborreica, no especificada"
Z020,Examen para admisión a instituciones educativas
Z021,Examen preempleo
Z022,Examen para admisión a instituciones residenciales
Z023,Examen para reclutamiento en las fuerzas armadas
Z024,Examen para obtención de licencia de conducir
Z025,Examen para participación en competencias deportivas
Z026,Examen para fines de seguros
Z027,Extensión de certificado médico
Z028,Otros exámenes para fines administrativos
Z029,"Examen para fines administrativos, no especificado"
L444,Acrodermatitis papular infantil [Giannotti–Crosti]
L448,Otros trastornos papuloescamosos especificados
L449,"Trastorno papuloescamoso, no especificado"
Z010,Examen de ojos y de la visión
Z011,Examen de oídos y de la audición
Z012,Examen odontológico
Z013,Examen de la presión sanguínea
Z014,Examen ginecológico (general) (de rutina)
Z015,Pruebas de sensibilización y diagnóstico cutáneo
Z000,Examen médico general
Z001,Control de salud de rutina del niño
L414,Parapsoriasis en placas grandes
L415,Parapsoriasis retiforme
L418,Otras parapsoriasis
L419,"Parapsoriasis, no especificada"
Z220,Portador del agente de la fiebre tifoidea
Z221,Portador de agentes de otras enfermedades infecciosas intestinales
Z222,Portador del agente de la difteria
Z223,Portador de agentes de otras enfermedades bacterianas especificadas
Z224,Portador de agentes de enfermedades infecciosas con un modo de transmisión predominantemente sexual
K048,Quiste radicular
K049,Otras enfermedades y las no especificadas de la pulpa y del tejido periapical
K038,Otras enfermedades especificadas de los tejidos duros de los dientes
K039,Enfermedad no especificada de los tejidos dentales duros
Z200,Contacto con y exposición a enfermedades infecciosas intestinales
Z201,Contacto con y exposición a tuberculosis
Z202,Contacto con y exposición a enfermedades infecciosas con un modo de transmisión predominantemente sexual
Z203,Contacto con y exposición a rabia
K007,Síndrome de la erupción dentaria
K008,Otros trastornos del desarrollo de los dientes
K009,"Trastorno del desarrollo de los dientes, no especificado"
K227,Esófago de Barrett
K228,Otras enfermedades especificadas del esófago
K229,"Enfermedad del esófago, no especificada"
Z340,Supervisión de primer embarazo normal
Z348,Supervisión de otros embarazos normales
Z349,Supervisión de embarazo normal no especificado
Z320,Embarazo (aún) no confirmado
Z321,Embarazo confirmado
Z310,Tuboplastia o vasoplastia posterior a esterilización
Z311,Inseminación artificial
Z312,Fecundación in vitro
Z313,Otros métodos de atención para la fecundación
Z314,Investigación y prueba para la procreación
Z315,Asesoramiento genético
Z300,Consejo y asesoramiento general sobre la anticoncepción
Z301,Inserción de dispositivo anticonceptivo (intrauterino)
Z302,Esterilización
Z303,Extracción menstrual
Z304,Supervisión del uso de drogas anticonceptivas
E030,Hipotiroidismo congénito con bocio difuso
E031,Hipotiroidismo congénito sin bocio
E032,Hipotiroidismo debido a medicamentos y a otras sustancias exógenas
E033,Hipotiroidismo postinfeccioso
E034,Atrofia de tiroides (adquirida)
E035,Coma mixedematoso
E038,Otros hipotiroidismos especificados
E039,"Hipotiroidismo, no especificado"
E010,Bocio difuso (endémico) relacionado con deficiencia de yodo
E011,Bocio multinodular (endémico) relacionado con deficiencia de yodo
E012,"Bocio (endémico) relacionado con deficiencia de yodo, no especificado"
E018,Otros trastornos de la tiroides relacionados con deficiencia de yodo y afecciones similares
E000,"Síndrome congénito de deficiencia de yodo, tipo neurológico"
E001,"Síndrome de deficiencia congénita de yodo, tipo mixedematoso"
E002,"Síndrome congénito de deficiencia de yodo, tipo mixto"
E009,"Síndrome congénito de deficiencia de yodo, no especificado"
E160,"Hipoglicemia sin coma, inducida por drogas"
E161,Otras hipoglicemias
E162,"Hipoglicemia, no especificada"
E163,Secreción exagerada del glucagón
E164,Secreción anormal de gastrina
E168,Otros trastornos especificados de la secreción interna del páncreas
E169,"Trastornos de la secreción interna del páncreas, sin otra especificación"
E240,Enfermedad de Cushing dependiente de la hipófisis
E241,Síndrome de Nelson
E242,Síndrome de Cushing inducido por drogas
E243,Síndrome de ACTH ectópico
E244,Síndrome de seudo–Cushing inducido por alcohol
E248,Otros tipos de síndrome de Cushing
E249,"Síndrome de Cushing, no especificado"
E230,Hipopituitarismo
E231,Hipopituitarismo inducido por drogas
E232,Diabetes insípida
E233,"Disfunción hipotalámica, no clasificada en otra parte"
E236,Otros trastornos de la glándula hipófisis
E237,"Trastorno de la glándula hipófisis, no especificado"
E220,Acromegalia y gigantismo hipofisario
E221,Hiperprolactinemia
E222,Síndrome de secreción inapropiada de hormona antidiurética
E228,Otras hiperfunciones de la glándula hipófisis
E229,"Hiperfunción de la glándula hipófisis, no especificada"
J013,Sinusitis esfenoidal aguda
J014,Pansinusitis aguda
J018,Otras sinusitis agudas
J019,"Sinusitis aguda, no especificada"
J205,Bronquitis aguda debida a virus sincitial respiratorio
J206,Bronquitis aguda debida a rinovirus
J207,Bronquitis aguda debida a virus Echo
J208,Bronquitis aguda debida a otros microorganismos especificados
J209,"Bronquitis aguda, no especificada"
M840,Consolidación defectuosa de fractura
M841,Falta de consolidación de fractura [seudoartrosis]
M842,Consolidación retardada de fractura
M843,"Fractura por tensión, no clasificada en otra parte"
M844,"Fractura patológica, no clasificada en otra parte"
M848,Otros trastornos de la continuidad del hueso
M849,"Trastorno de la continuidad del hueso, no especificado"
M830,Osteomalacia puerperal
M831,Osteomalacia senil
M832,Osteomalacia del adulto debida a malabsorción
M833,Osteomalacia del adulto debida a desnutrición
M834,Enfermedad de los huesos por aluminio
M835,Otras osteomalacias del adulto inducidas por drogas
M838,Otras osteomalacias del adulto
M839,"Osteomalacia del adulto, no especificada"
M820,Osteoporosis en mielomatosis múltiple (C90.0)
M821,Osteoporosis en trastornos endocrinos (E00–E34)
M828,Osteoporosis en otras enfermedades clasificadas en otra parte
M810,"Osteoporosis postmenopáusica, sin fractura patológica"
M811,"Osteoporosis postooforectomía, sin fractura patológica"
M812,"Osteoporosis por desuso, sin fractura patológica"
M813,"Osteoporosis por malabsorción postquirúrgica, sin fractura patológica"
M814,"Osteoporosis inducida por drogas, sin fractura patológica"
M800,"Osteoporosis postmenopáusica, con fractura patológica"
M801,"Osteoporosis postooforectomía, con fractura patológica"
M802,"Osteoporosis por desuso, con fractura patológica"
M803,"Osteoporosis por malabsorción postquirúrgica, con fractura patológica"
M804,"Osteoporosis inducida por drogas, con fractura patológica"
M805,"Osteoporosis idiopática, con fractura patológica"
M808,"Otras osteoporosis, con fractura patológica"
M809,"Osteoporosis no especificada, con fractura patológica"
M900,Tuberculosis ósea (A18.0)
M901,Periostitis en otras enfermedades infecciosas clasificadas en otra parte
M902,Osteopatía en otras enfermedades infecciosas clasificadas en otra parte
M903,Osteonecrosis en la enfermedad causada por descompresión (T70.3)
M904,Osteonecrosis debida a hemoglobinopatía (D50–D64)
M905,Osteonecrosis en otras enfermedades clasificadas en otra parte
M906,Osteítis deformante en enfermedad neoplásica (C00–D48)
M907,Fractura ósea en enfermedad neoplásica (C00–D48)
M908,Osteopatía en otras enfermedades clasificadas en otra parte
M890,Algoneurodistrofia
M891,Detención del crecimiento epifisario
M892,Otros trastornos del desarrollo y crecimiento óseo
M893,Hipertrofia del hueso
M894,Otras osteoartropatías hipertróficas
M895,Osteólisis
M880,Enfermedad de Paget del cráneo
M888,Enfermedad de Paget de otros huesos
M889,"Enfermedad ósea de Paget, huesos no especificados"
M870,Necrosis aséptica idiopática ósea
M871,Osteonecrosis debida a drogas
M872,Osteonecrosis debida a traumatismo previo
M873,Otras osteonecrosis secundarias
M878,Otras osteonecrosis
M860,Osteomielitis hematógena aguda
M861,Otras osteomielitis agudas
M862,Osteomielitis subaguda
M863,Osteomielitis multifocal crónica
M920,Osteocondrosis juvenil del húmero
M921,Osteocondrosis juvenil del cúbito y del radio
M922,Osteocondrosis juvenil de la mano
M923,Otras osteocondrosis juveniles del miembro superior
M924,Osteocondrosis juvenil de la rótula
M925,Osteocondrosis juvenil de la tibia y del peroné
M926,Osteocondrosis juvenil del tarso
M927,Osteocondrosis juvenil del metatarso
M928,Otras osteocondrosis juveniles especificadas
M929,"Osteocondrosis juvenil, no especificada"
M910,Osteocondrosis juvenil de la pelvis
M911,Osteocondrosis juvenil de la cabeza del fémur [Legg–Calvé–Perthes]
M912,Coxa plana
M913,Pseudocoxalgia
M918,Otras osteocondrosis juveniles de la cadera y de la pelvis
M919,"Osteocondrosis juvenil de la cadera y de la pelvis, sin otra especificación"
M620,Diástasis del músculo
M621,Otros desgarros (no traumáticos) del músculo
M622,Infarto isquémico del músculo
M623,Síndrome de inmovilidad (parapléjico)
M624,Contractura muscular
M625,"Atrofia y desgaste musculares, no clasificados en otra parte"
M610,Miositis osificante traumática
M611,Miositis osificante progresiva
M612,Calcificación y osificación paralítica del músculo
M613,Calcificación y osificación de los músculos asociadas con quemaduras
M614,Otras calcificaciones del músculo
M615,Otras osificaciones del músculo
M619,"Calcificación y osificación del músculo, no especificada"
M600,Miositis infecciosa
M601,Miositis intersticial
M602,"Granuloma por cuerpo extraño en tejido blando, no clasificado en otra parte"
M608,Otras miositis
M680,Sinovitis y tenosinovitis en enfermedades bacterianas clasificadas en otra parte
M688,Otros trastornos sinoviales y tendinosos en enfermedades clasificadas en otra parte
M670,Acortamiento del tendón de Aquiles (adquirido)
M671,Otras contracturas de tendón (vaina)
M672,"Hipertrofia sinovial, no clasificada en otra parte"
M673,Sinovitis transitoria
M674,Ganglión
M678,Otros trastornos especificados de la sinovia y del tendón
M679,"Trastorno sinovial y tendinoso, no especificado"
M660,Ruptura de quiste sinovial poplíteo
M661,Ruptura de la sinovia
M662,Ruptura espontánea de tendones extensores
M663,Ruptura espontánea de tendones flexores
M664,Ruptura espontánea de otros tendones
M665,Ruptura espontánea de tendón no especificado
M650,Absceso de vaina tendinosa
M651,Otras (teno)sinovitis infecciosas
M652,Tendinitis calcificada
M653,Dedo en gatillo
M654,Tenosinovitis de estiloides radial [de Quervain]
M658,Otras sinovitis y tenosinovitis
M659,"Sinovitis y tenosinovitis, no especificada"
M720,Fibromatosis de la aponeurosis palmar [Dupuytren]
M721,Nódulos interfalángicos
M722,Fibromatosis de la aponeurosis plantar
M724,Fibromatosis seudosarcomatosa
M726,Fascitis necrotizante
M728,Otros trastornos fibroblásticos
M729,"Trastorno fibroblástico, no especificado"
M710,Absceso de la bolsa sinovial
M711,Otras bursitis infecciosas
M712,Quiste sinovial del hueco poplíteo [de Baker]
M713,Otros quistes de la bolsa serosa
M714,Depósito de calcio en la bolsa serosa
M715,"Otras bursitis, no clasificadas en otra parte"
M718,Otros trastornos especificados de la bolsa serosa
M719,"Bursopatía, no especificada"
M700,Sinovitis crepitante crónica de la mano y de la muñeca
M701,Bursitis de la mano
M702,Bursitis del olécranon
M703,Otras bursitis del codo
M704,Otras bursitis prerrotulianas
M705,Otras bursitis de la rodilla
M706,Bursitis del trocánter
M707,Otras bursitis de la cadera
M708,"Otros trastornos de los tejidos blandos relacionados con el uso, el uso excesivo y la presión"
M709,"Trastorno no especificado de los tejidos blandos relacionado con el uso, el uso excesivo y la presión"
M430,Espondilólisis
M431,Espondilolistesis
M432,Otras fusiones de la columna vertebral
M433,"Subluxación atlanto–axoidea recurrente, con mielopatía"
M434,Otras subluxaciones atlanto–axoideas recurrentes
M435,Otras subluxaciones vertebrales recurrentes
M436,Tortícolis
M438,Otras dorsopatías deformantes de la columna vertebral especificadas
M439,"Dorsopatía deformante, no especificada"
M420,Osteocondrosis juvenil de la columna vertebral
M421,Osteocondrosis de la columna vertebral del adulto
M429,"Osteocondrosis vertebral, no especificada"
M410,Escoliosis idiopática infantil
M411,Escoliosis idiopática juvenil
M412,Otras escoliosis idiopáticas
M413,Escoliosis toracogénica
M414,Escoliosis neuromuscular
M415,Otras escoliosis secundarias
M418,Otras formas de escoliosis
M419,"Escoliosis, no especificada"
M400,Cifosis postural
M401,Otras cifosis secundarias
M402,Otras cifosis y las no especificadas
M403,Síndrome de espalda plana
M404,Otras lordosis
M405,"Lordosis, no especificada"
M490,Tuberculosis de la columna vertebral (A18.0)
M491,Espondilitis por brucelosis (A23.–)
M492,Espondilitis por enterobacterias (A01–A04)
M493,Espondilopatía en otras enfermedades infecciosas y parasitarias clasificadas en otra parte
M494,Espondilopatía neuropática
M495,Vértebra colapsada en enfermedades clasificadas en otra parte
M498,Espondilopatía en otras enfermedades clasificadas en otra parte
M480,Estenosis espinal
M481,Hiperostosis anquilosante [Forestier]
M482,Espondilopatía interespinosa (vértebras “en beso”)
M483,Espondilopatía traumática
M484,Fractura de vértebra por fatiga
M485,"Vértebra colapsada, no clasificada en otra parte"
M488,Otras espondilopatías especificadas
M470,Síndromes de compresión de la arteria espinal o vertebral anterior (G99.2)
M471,Otras espondilosis con mielopatía
M472,Otras espondilosis con radiculopatía
M478,Otras espondilosis
M479,"Espondilosis, no especificada"
M460,Entesopatía vertebral
M461,"Sacroiliítis, no clasificada en otra parte"
M462,Osteomielitis de vértebra
M463,Infección de disco intervertebral (piógena)
M464,"Discitis, no especificada"
M465,Otras espondilopatías infecciosas
M468,Otras espondilopatías inflamatorias especificadas
M469,"Espondilopatía inflamatoria, no especificada"
M540,Paniculitis que afecta regiones del cuello y de la espalda
M541,Radiculopatía
M542,Cervicalgia
M543,Ciática
M544,Lumbago con ciática
M545,Lumbago no especificado
M546,Dolor en la columna dorsal
M548,Otras dorsalgias
M549,"Dorsalgia, no especificada"
M530,Síndrome cervicocraneal
M531,Síndrome cervicobraquial
M532,Inestabilidad de la columna vertebral
M533,"Trastornos sacrococcígeos, no clasificados en otra parte"
M538,Otras dorsopatías especificadas
M539,"Dorsopatía, no especificada"
M510,"Trastornos de discos intervertebrales lumbares y otros, con mielopatía (G99.2)"
M511,"Trastornos de disco lumbar y otros, con radiculopatía (G55.1)"
M512,Otros desplazamientos especificados de disco intervertebral
M513,Otras degeneraciones especificadas de disco intervertebral
M514,Nódulos de Schmorl
M500,Trastorno de disco cervical con mielopatía (G99.2)
M501,Trastorno de disco cervical con radiculopatía
M502,Otros desplazamientos de disco cervical
M503,Otras degeneraciones de disco cervical
M508,Otros trastornos de disco cervical
M509,"Trastorno de disco cervical, no especificado"
M030,Artritis postmeningocócica (A39.8)
M031,Artropatía postinfecciosa en sífilis
M032,Otras artropatías postinfecciosas en enfermedades clasificadas en otra parte
M036,Artropatía reactiva en otras enfermedades clasificadas en otra parte
M020,Artropatía consecutiva a derivación intestinal
M021,Artropatía postdisentérica
M022,Artropatía postinmunización
M023,Enfermedad de Reiter
M028,Otras artropatías reactivas
M029,"Artropatía reactiva, no especificada"
M010,Artritis meningocócica (A39.8)
M011,Artritis tuberculosa (A18.0)
M012,Artritis en la enfermedad de Lyme (A69.2)
M013,Artritis en otras enfermedades bacterianas clasificadas en otra parte
M014,Artritis en rubéola (B06.8)
M015,Artritis en otras enfermedades virales clasificadas en otra parte
M016,Artritis en micosis (B35–B49)
M018,Artritis en otras enfermedades infecciosas y parasitarias clasificadas en otra parte
M000,Artritis y poliartritis estafilocócica
M001,Artritis y poliartritis neumocócica
M002,Otras artritis y poliartritis estreptocócicas
M008,Artritis y poliartritis debidas a otros agentes bacterianos especificados
M009,"Artritis piógena, no especificada"
M110,Enfermedad por depósito de hidroxiapatita
M111,Condrocalcinosis familiar
M112,Otras condrocalcinosis
M118,"Otras artropatías por cristales, especificadas"
M119,"Artropatía por cristales, no especificada"
M100,Gota idiopática
M101,Gota saturnina
M102,Gota inducida por drogas
M103,Gota debida a alteración renal
M104,Otras gotas secundarias
M109,"Gota, no especificada"
M090,Artritis juvenil en la psoriasis (L40.5)
M091,Artritis juvenil en la enfermedad de Crohn [enteritis regional] (K50.–)
M092,Artritis juvenil en la colitis ulcerativa (K51.–)
M098,Artritis juvenil en otras enfermedades clasificadas en otra parte
M080,Artritis reumatoide juvenil
M081,Espondilitis anquilosante juvenil
M082,Artritis juvenil de comienzo generalizado
M083,Poliartritis juvenil (seronegativa)
M084,Artritis juvenil pauciarticular
M088,Otras artritis juveniles
M089,"Artritis juvenil, no especificada"
M070,Artropatía psoriásica interfalángica distal (L40.5)
M071,Artritis mutilante (L40.5)
M072,Espondilitis psoriásica (L40.5)
M073,Otras artropatías psoriásicas (L40.5)
M074,Artropatía en la enfermedad de Crohn [enteritis regional] (K50.–)
M075,Artropatía en la colitis ulcerativa (K51.–)
M076,Otras artropatías enteropáticas
M060,Artritis reumatoide seronegativa
M061,Enfermedad de Still de comienzo en el adulto
M062,Bursitis reumatoide
M063,Nódulo reumatoide
M064,Poliartropatía inflamatoria
M068,Otras artritis reumatoides especificadas
M069,"Artritis reumatoide, no especificada"
M050,Síndrome de Felty
M051,Enfermedad reumatoide del pulmón (J99.0)
M052,Vasculitis reumatoide
M053,Artritis reumatoide con compromiso de otros órganos o sistemas
M058,Otras artritis reumatoideas seropositivas
M059,"Artritis reumatoidea seropositiva, sin otra especificación"
M180,"Artrosis primaria de la primera articulación carpometacarpiana, bilateral"
M181,Otras artrosis primarias de la primera articulación carpometacarpiana
M182,"Artrosis postraumática de la primera articulación carpometacarpiana, bilateral"
M183,Otras artrosis postraumáticas de la primera articulación carpometacarpiana
M184,"Otras artrosis secundarias de la primera articulación carpometacarpiana, bilaterales"
M185,Otras artrosis secundarias de la primera articulación carpometacarpiana
M189,"Artrosis de la primera articulación carpometacarpiana, sin otra especificación"
M170,"Gonartrosis primaria, bilateral"
M171,Otras gonartrosis primarias
M172,"Gonartrosis postraumática, bilateral"
M173,Otras gonartrosis postraumáticas:
M174,"Otras gonartrosis secundarias, bilaterales"
M175,Otras gonartrosis secundarias
M179,"Gonartrosis, no especificada"
M160,"Coxartrosis primaria, bilateral"
M161,Otras coxartrosis primarias
M162,"Coxartrosis a consecuencia de displasia, bilateral"
M163,Otras coxartrosis displásicas
M164,"Coxartrosis postraumática, bilateral"
M165,Otra coxartrosis postraumática
M166,"Otra coxartrosis secundaria, bilateral"
M167,Otras coxartrosis secundarias
M169,"Coxartrosis, no especificada"
M150,(Osteo)artrosis primaria generalizada
M151,Nódulos de Heberden (con artropatía)
M152,Nódulos de Bouchard (con artropatía)
M153,Artrosis secundaria múltiple
M154,(Osteo)artrosis erosiva
M158,Otras poliartrosis
M159,"Poliartrosis, no especificada"
M250,Hemartrosis
M251,Fístula articular
M252,Articulación inestable
M253,Otras inestabilidades articulares
M254,Derrame articular
M255,Dolor en articulación
M240,Cuerpo flotante articular
M241,Otros trastornos del cartílago articular
M242,Trastorno del ligamento
M243,"Luxación y subluxación patológica de la articulación, no clasificada en otra parte"
M244,Luxación y subluxación recidivante de la articulación
M245,Contractura articular
M246,Anquilosis articular
M247,Protrusión de acetábulo
M230,Menisco quístico
M231,Menisco discoide (congénito)
M232,Trastorno de menisco debido a desgarro o lesión antigua
M233,Otros trastornos de los meniscos
M234,Cuerpo flotante en la rodilla
M235,Inestabilidad crónica de la rodilla
M236,Otra ruptura espontánea del (de los) ligamento(s) de la rodilla
M238,Otros trastornos internos de la rodilla
M220,Luxación recidivante de la rótula
M221,Subluxación recidivante de la rótula
M222,Trastornos rotulofemorales
M223,Otros desarreglos de la rótula
M224,Condromalacia de la rótula
M228,Otros trastornos de la rótula
M229,"Trastorno de la rótula, no especificado"
M210,"Deformidad en valgo, no clasificada en otra parte"
M211,"Deformidad en varo, no clasificada en otra parte"
M212,Deformidad en flexión
M213,Muñeca o pie en péndulo (adquirido)
M214,Pie plano [pes planus] (adquirido)
M215,"Mano o pie en garra o en talipes, pie equinovaro o zambo adquiridos"
M216,Otras deformidades adquiridas del tobillo y del pie
M217,Longitud desigual de los miembros (adquirida)
M218,"Otras deformidades adquiridas de los miembros, especificadas"
M219,"Deformidad adquirida del miembro, no especificada"
M200,Deformidad de dedo(s) de la mano
M201,Hallux valgus (adquirido)
M202,Hallux rigidus
M203,Otras deformidades del hallux (adquiridas)
E210,Hiperparatiroidismo primario
E211,Hiperparatiroidismo secundario no clasificado en otra parte
E200,Hipoparatiroidismo idiopático
E201,Pseudohipoparatiroidismo
E208,Otros tipos de hipoparatiroidismo
E209,"Hipoparatiroidismo, no especificado"
D530,Anemia por deficiencia de proteínas
D531,"Otras anemias megaloblásticas, no clasificadas en otra parte"
D532,Anemia escorbútica
D538,Otras anemias nutricionales especificadas
D520,Anemia por deficiencia dietética de folatos
D521,Anemia por deficiencia de folatos inducida por drogas
D528,Otras anemias por deficiencia de folatos
D529,"Anemia por deficiencia de folatos, sin otra especificación"
D510,Anemia por deficiencia de vitamina B12 debida a deficiencia del factor intrínseco
D511,Anemia por deficiencia de vitamina B12 debida a mala absorción selectiva de vitamina B12 con proteinuria
D512,Deficiencia de trascobalamina II
D513,Otras anemias por deficiencia dietética de vitamina B12
D518,Otras anemias por deficiencia de vitamina B12
D500,Anemia por deficiencia de hierro secundaria a pérdida de sangre (crónica)
D501,Disfagia sideropénica
D508,Otras anemias por deficiencia de hierro
D590,Anemia hemolítica autoinmune inducida por drogas
D591,Otras anemias hemolíticas autoinmunes
D592,Anemia hemolítica no autoinmune inducida por drogas
D593,Síndrome hemolítico-urémico
D580,Esferocitosis hereditaria
D581,Eliptocitosis hereditaria
D582,Otras hemoglobinopatías
D588,Otras anemias hemolíticas hereditarias especificadas
D589,"Anemia hemolítica hereditaria, sin otra especificación"
D570,Anemia falciforme con crisis
D571,Anemia falciforme sin crisis
D572,Trastornos falciformes heterocigotos dobles
D573,Rasgo drepanocítico
D578,Otros trastornos falciformes
D560,Alfa talasemia
D561,Beta talasemia
D562,Delta-beta talasemia
D563,Rasgo talasémico
D564,Persistencia hereditaria de la hemoglobina fetal [PHHF]
D568,Otras talasemias
D550,Anemia debida a deficiencia de glucosa-6-fosfato deshidrogenasa [G6FD]
D551,Anemia debida a otros trastornos del metabolismo del glutatión
D552,Anemia debida a trastornos de las enzimas glucolíticas
D553,Anemia debida a trastornos del metabolismo de los nucleótidos
D558,Otras anemias debidas a trastornos enzimáticos
D559,"Anemia debida a trastornos enzimáticos, sin otra especificación"
D640,Anemia sideroblástica hereditaria
D641,Anemia sideroblástica secundaria a otra enfermedad
D642,"Anemia sideroblástica secundaria, debida a drogas y toxinas"
D643,Otras anemias sideroblásticas
D644,Anemia diseritropoyética congénita
D648,Otras anemias especificadas
D649,Anemia de tipo no especificado
D630,Anemia en enfermedad neoplásica (C00–D48)
D638,Anemia en otras enfermedades crónicas clasificadas en otra parte
D610,Anemia aplástica constitucional
D611,Anemia aplástica inducida por drogas
D612,Anemia aplástica debida a otros agentes externos
D613,Anemia aplástica idiopática
D618,Otras anemias aplásticas especificadas
D619,"Anemia aplástica, sin otra especificación"
D600,"Aplasia crónica adquirida, exclusiva de la serie roja"
D601,"Aplasia transitoria adquirida, exclusiva de la serie roja"
D608,"Otras aplasias adquiridas, exclusivas de la serie roja"
D609,"Aplasia adquirida, exclusiva de la serie roja, no especificada"
D690,Púrpura alérgica
D691,Defectos cualitativos de las plaquetas
D692,Otras púrpuras no trombocitopénicas
D693,Púrpura trombocitopénica idiopática
D694,Otras trombocitopenias primarias
D695,Trombocitopenia secundaria
D696,Trombocitopenia no especificada
D698,Otras afecciones hemorrágicas especificadas
D699,"Afección hemorrágica, no especificada"
D680,Enfermedad de von Willebrand
D681,Deficiencia hereditaria del factor XI
D682,Deficiencia hereditaria de otros factores de la coagulación
D683,Trastorno hemorrágico debido a anticoagulantes circulantes
D684,Deficiencia adquirida de factores de la coagulación
D688,Otros defectos especificados de la coagulación
D689,"Defecto de la coagulación, no especificado"
S435,Esguinces y torceduras de la articulación acromioclavicular
S436,Esguinces y torceduras de la articulación esternoclavicular
S437,Esguinces y torceduras de otras partes y de las no especificadas de la cintura escapular
S409,Traumatismo superficial no especificado del hombro y del brazo
S525,Fractura de la epífisis inferior del radio
S526,Fractura de la epífisis inferior del cúbito y del radio
S527,Fracturas múltiples del antebrazo
S528,Fractura de otras partes del antebrazo
S529,"Fractura del antebrazo, parte no especificada"
S724,Fractura de la epífisis inferior del fémur
S727,Fracturas múltiples del fémur
S728,Fracturas de otras partes del fémur
S729,"Fractura del fémur, parte no especificada"
S837,Traumatismo de estructuras múltiples de la rodilla
Z035,Observación por sospecha de otras enfermedades cardiovasculares
Z036,Observación por sospecha de efectos tóxicos de sustancias ingeridas
Z038,Observación por sospecha de otras enfermedades y afecciones
Z039,Observación por sospecha de enfermedad o afección no especificada
Z016,"Examen radiológico, no clasificado en otra parte"
Z017,Examen de laboratorio
Z018,Otros exámenes especiales especificados
Z019,Examen especial no especificado
Z002,Examen durante el período de crecimiento rápido en la infancia
Z003,Examen del estado de desarrollo del adolescente
Z004,"Examen psiquiátrico general, no clasificado en otra parte"
Z005,Examen de donante potencial de órgano o tejido
Z006,Examen para comparación y control normales en programa de investigación clínica
Z008,Otros exámenes generales
Z225,Portador de agente de hepatitis viral
Z226,Portador del virus humano T-linfotrópico tipo 1 [VHTL-1]
Z228,Portador de agentes de otras enfermedades infecciosas
Z229,Portador de agente de enfermedad infecciosa no especificada
Z204,Contacto con y exposición a rubéola
Z205,Contacto con y exposición a hepatitis viral
Z206,Contacto con y exposición al virus de la inmunodeficiencia humana [VIH]
Z207,"Contacto con y exposición a pediculosis, acariasis y otras infestaciones"
Z208,Contacto con y exposición a otras enfermedades transmisibles
Z209,Contacto con y exposición a enfermedades transmisibles no especificadas
Z316,Consejo y asesoramiento general sobre la procreación
Z318,Otra atención especificada para la procreación
Z319,Atención no especificada relacionada con la procreación
Z305,Supervisión del uso de dispositivo anticonceptivo (intrauterino)
Z308,Otras atenciones especificadas para la anticoncepción
Z309,"Asistencia para la anticoncepción, no especificada"
M850,Displasia fibrosa (monostótica)
M851,Fluorosis del esqueleto
M852,Hiperostosis del cráneo
M853,Osteítis condensante
M854,Quiste óseo solitario
M855,Quiste óseo aneurismático
M856,Otros quistes óseos
M858,Otros trastornos especificados de la densidad y de la estructura óseas
M940,Síndrome de la articulación condrocostal [Tietze]
M941,Policondritis recidivante
M942,Condromalacia
M943,Condrólisis
M948,Otros trastornos especificados del cartílago
M949,"Trastorno del cartílago, no especificado"
M930,Deslizamiento de la epífisis femoral superior (no traumático)
M931,Enfermedad de Kienböck del adulto
M932,Osteocondritis disecante
M938,Otras osteocondropatías especificadas
M939,"Osteocondropatía, no especificada"
M630,Miositis en enfermedades bacterianas clasificadas en otra parte
M631,Miositis en infecciones por protozoarios y parásitos clasificadas en otra parte
M632,Miositis en otras enfermedades infecciosas clasificadas en otra parte
M633,Miositis en sarcoidosis (D86.8)
M790,"Reumatismo, no especificado"
M770,Epicondilitis media
M760,Tendinitis del glúteo
M750,Capsulitis adhesiva del hombro
M751,Síndrome del manguito rotatorio
M730,Bursitis gonocócica (A54.4)
M731,Bursitis sifilítica (A52.7)
M140,"Artropatía gotosa debida a defectos enzimáticos y a otros trastornos hereditarios, clasificados en otra parte"
M141,Artropatía por cristales en otros trastornos metabólicos
M142,Artropatía diabética (E10–E14 con cuarto carácter común .6)
M130,"Poliartritis, no especificada"
M131,"Monoartritis, no clasificada en otra parte"
M138,Otras artritis especificadas
M139,"Artritis, no especificada"
M120,Artropatía postreumática crónica [de Jaccoud]
M121,Enfermedad de Kaschin-Beck
M122,Sinovitis vellonodular (pigmentada)
M123,Reumatismo palindrómico
M124,Hidrartrosis intermitente
M125,Artropatía traumática
M128,"Otras artropatías específicas, no clasificadas en otra parte"
M190,Artrosis primaria de otras articulaciones
M191,Artrosis postraumática de otras articulaciones
M192,Otras artrosis secundarias
M198,Otras artrosis especificadas
M199,"Artrosis, no especificada"
D730,Hipoesplenismo
D731,Hiperesplenismo
D732,Esplenomegalia congestiva crónica
D733,Absceso del bazo
D734,Quiste del bazo
D735,Infarto del bazo
D720,Anomalías genéticas de los leucocitos
D721,Eosinofilia
D728,Otros trastornos especificados de los leucocitos
D729,"Trastorno de los leucocitos, no especificado"
C81,Enfermedad de Hodgkin
C82,Linfoma no Hodgkin folicular [nodular]
C83,Linfoma no Hodgkin difuso
C76,Tumor maligno de otros sitios y de sitios mal definidos
C77,Tumor maligno secundario y el no especificado de los ganglios linfáticos
C00-C14,y de la faringe
C15-C26,Tumores malignos de los órganos digestivos
C30-C39,e intratorácicos
C40-C41,Tumores malignos de los huesos y de los cartílagos articulares
C43-C44,Melanoma y otros tumores malignos de la piel
D060,Carcinoma in situ del endocérvix
D061,Carcinoma in situ del exocérvix
D067,Carcinoma in situ de otras partes especificadas del cuello del útero
D069,"Carcinoma in situ del cuello del útero, parte no especificada"
D050,Carcinoma in situ lobular
D051,Carcinoma in situ intracanalicular
D057,Otros carcinomas in situ de la mama
D059,"Carcinoma in situ de la mama, parte no especificada"
D040,Carcinoma in situ de la piel del labio
D041,Carcinoma in situ de la piel del párpado y de la comisura palpebral
D042,Carcinoma in situ de la piel de la oreja y del conducto auditivo externo
D043,Carcinoma in situ de la piel de otras partes y de las no especificadas de la cara
D044,Carcinoma in situ de la piel del cuero cabelludo y cuello
D045,Carcinoma in situ de la piel del tronco
D030,Melanoma in situ del labio
D031,Melanoma in situ del párpado y de la comisura palpebral
D032,Melanoma in situ de la oreja y del conducto auditivo externo
D033,Melanoma in situ de otras partes y de las no especificadas de la cara
D034,Melanoma in situ del cuero cabelludo y del cuello
D035,Melanoma in situ del tronco
D036,"Melanoma in situ del miembro superior, incluido el hombro"
D037,"Melanoma in situ del miembro inferior, incluida la cadera"
D038,Melanoma in situ de otros sitios
D020,Carcinoma in situ de la laringe
D021,Carcinoma in situ de la tráquea
D022,Carcinoma in situ del bronquio y del pulmón
D023,Carcinoma in situ de otras partes del sistema respiratorio
D024,Carcinoma in situ de órganos respiratorios no especificados
D010,Carcinoma in situ del colon
D011,Carcinoma in situ de la unión rectosigmoidea
D012,Carcinoma in situ del recto
D013,Carcinoma in situ del ano y del conducto anal
D014,Carcinoma in situ de otras partes y de las no especificadas del intestino
D000,"Carcinoma in situ del labio, de la cavidad bucal y de la faringe"
D001,Carcinoma in situ del esófago
D002,Carcinoma in situ del estómago
D120,Tumor benigno del ciego
D121,Tumor benigno del apéndice
D122,Tumor benigno del colon ascendente
D123,Tumor benigno del colon transverso
D124,Tumor benigno del colon descendente
D125,Tumor benigno del colon sigmoide
D126,"Tumor benigno del colon, parte no especificada"
D127,Tumor benigno de la unión rectosigmoidea
D110,Tumor benigno de la glándula parótida
D117,Tumor benigno de otras glándulas salivales mayores especificadas
D119,"Tumor benigno de la glándula salival mayor, sin otra especificación"
D100,Tumor benigno del labio
D101,Tumor benigno de la lengua
D102,Tumor benigno del piso de la boca
D103,Tumor benigno de otras partes y de las no especificadas de la boca
D104,Tumor benigno de la amígdala
D105,Tumor benigno de otras partes de la orofaringe
D106,Tumor benigno de la nasofaringe
D107,Tumor benigno de la hipofaringe
D109,"Tumor benigno de la faringe, parte no especificada"
D420,Tumor de comportamiento incierto o desconocido de las meninges cerebrales
D421,Tumor de comportamiento incierto o desconocido de las meninges raquídeas
D429,"Tumor de comportamiento incierto o desconocido de las meninges, parte no especificada"
D410,Tumor de comportamiento incierto o desconocido del riñón
D411,Tumor de comportamiento incierto o desconocido de la pelvis renal
D412,Tumor de comportamiento incierto o desconocido del uréter
D413,Tumor de comportamiento incierto o desconocido de la uretra
D414,Tumor de comportamiento incierto o desconocido de la vejiga
D417,Tumor de comportamiento incierto o desconocido de otros órganos urinarios
D419,Tumor de comportamiento incierto o desconocido de órgano urinario no especificado
D400,Tumor de comportamiento incierto o desconocido de la próstata
D401,Tumor de comportamiento incierto o desconocido del testículo
D407,Tumor de comportamiento incierto o desconocido de otros órganos genitales masculinos
D409,Tumor de comportamiento incierto o desconocido de órgano genital masculino no especificado
D390,Tumor de comportamiento incierto o desconocido del útero
D391,Tumor de comportamiento incierto o desconocido del ovario
D392,Tumor de comportamiento incierto o desconocido de la placenta
D397,Tumor de comportamiento incierto o desconocido de otros órganos genitales femeninos
D399,Tumor de comportamiento incierto o desconocido de órgano genital femenino no especificado
D380,Tumor de comportamiento incierto o desconocido de laringe
D381,"Tumor de comportamiento incierto o desconocido de la tráquea, de los bronquios y del pulmón"
D382,Tumor de comportamiento incierto o desconocido de la pleura
D370,"Tumor de comportamiento incierto o desconocido del labio, de la cavidad bucal y de la faringe"
D371,Tumor de comportamiento incierto o desconocido del estómago
D372,Tumor de comportamiento incierto o desconocido del intestino delgado
D373,Tumor de comportamiento incierto o desconocido del apéndice
D374,Tumor de comportamiento incierto o desconocido del colon
D375,Tumor de comportamiento incierto o desconocido del recto
D376,"Tumor de comportamiento incierto o desconocido del hígado, de la vesícula biliar y del conducto biliar"
D377,Tumor de comportamiento incierto o desconocido de otros órganos digestivos especificados
G320,Degeneración combinada subaguda de la médula espinal en enfermedades clasificadas en otra parte
G328,Otros trastornos degenerativos especificados del sistema nervioso en enfermedades clasificadas en otra parte
G310,Atrofia cerebral circunscrita
G311,Degeneración cerebral senil no clasificada en otra parte
G312,Degeneración del sistema nervioso debida al alcohol
G318,Otras enfermedades degenerativas especificadas del sistema nervioso
G319,"Degeneración del sistema nervioso, no especificada"
G300,Enfermedad de Alzheimer de comienzo temprano
G301,Enfermedad de Alzheimer de comienzo tardío
G308,Otros tipos de enfermedad de Alzheimer
G309,"Enfermedad de Alzheimer, no especificada"
M815,"Osteoporosis idiopática, sin fractura patológica"
M816,"Osteoporosis localizada [Lequesne], sin fractura patológica"
M818,"Otras osteoporosis, sin fractura patológica"
M819,"Osteoporosis no especificada, sin fractura patológica"
G370,Esclerosis difusa
G371,Desmielinización central del cuerpo calloso
G372,Mielinólisis central pontina
G373,Mielitis transversa aguda en enfermedad desmielinizante del sistema nervioso central
G374,Mielitis necrotizante subaguda
G375,Esclerosis concéntrica [Baló]
G378,"Otras enfermedades desmielinizantes del sistema nervioso central, especificadas"
G379,"Enfermedad desmielinizante del sistema nervioso central, no especificada"
M896,Osteopatía a consecuencia de poliomielitis
M898,Otros trastornos especificados del hueso
M899,"Trastorno del hueso, no especificado"
M879,"Osteonecrosis, no especificada"
G360,Neuromielitis óptica [Devic]
G361,Leucoencefalitis hemorrágica aguda y subaguda [Hurst]
G368,Otras desmielinizaciones agudas diseminadas especificadas
G369,"Desmielinización diseminada aguda, sin otra especificación"
M864,Osteomielitis crónica con drenaje del seno
M865,Otras osteomielitis hematógenas crónicas
M866,Otras osteomielitis crónicas
M868,Otras osteomielitis
M869,"Osteomielitis, no especificada"
M626,Distensión muscular
M628,Otros trastornos especificados de los músculos
M629,"Trastorno muscular, no especificado"
M609,"Miositis, no especificada"
H220,Iridociclitis en enfermedades infecciosas y parasitarias clasificadas en otra parte
H221,Iridociclitis en otras enfermedades clasificadas en otra parte
H228,Otros trastornos del iris y del cuerpo ciliar en enfermedades clasificadas en otra parte
H750,Mastoiditis en enfermedades infecciosas y parasitarias clasificadas en otra parte
H758,Otros trastornos especificados del oído medio y de la apófisis mastoides en enfermedades clasificadas en otra parte
H740,Timpanosclerosis
H741,Enfermedad adhesiva del oído medio
H742,Discontinuidad y dislocación de los huesecillos del oído
H743,Otras anormalidades adquiridas de los huesecillos del oído
H744,Pólipo del oído medio
H748,Otros trastornos especificados del oído medio y de la apófisis mastoides
H749,"Trastorno del oído medio y de la apófisis mastoides, no especificado"
H730,Miringitis aguda
H731,Miringitis crónica
H738,Otros trastornos especificados de la membrana timpánica
H739,"Trastorno de la membrana timpánica, no especificado"
M489,"Espondilopatía, no especificada"
H720,Perforación central de la membrana timpánica
H721,Perforación ática de la membrana timpánica
H722,Otras perforaciones marginales de la membrana timpánica
H728,Otras perforaciones de la membrana timpánica
H729,"Perforación de la membrana timpánica, sin otra especificación"
M518,Otros trastornos especificados de los discos intervertebrales
M519,"Trastorno de los discos intervertebrales, no especificado"
H700,Mastoiditis aguda
H701,Mastoiditis crónica
H702,Petrositis
H708,Otras mastoiditis y afecciones relacionadas
H709,"Mastoiditis, no especificada"
H690,Distensión de la trompa de Eustaquio
H698,Otros trastornos especificados de la trompa de Eustaquio
H699,"Trastorno de la trompa de Eustaquio, no especificado"
H680,Salpingitis eustaquiana
H681,Obstrucción de la trompa de Eustaquio
H670,Otitis media en enfermedades bacterianas clasificadas en otra parte
H671,Otitis media en enfermedades virales clasificadas en otra parte
H678,Otitis media en otras enfermedades clasificadas en otra parte
G410,Estado de gran mal epiléptico
G411,Estado de pequeño mal epiléptico
G412,Estado de mal epiléptico parcial complejo
G418,Otros estados epilépticos
G419,Estado de mal epiléptico de tipo no especificado
G400,Epilepsia y síndromes epilépticos idiopáticos relacionados con localizaciones (focales) (parciales) y con ataques de inicio localizado
G401,Epilepsia y síndromes epilépticos sintomáticos relacionados con localizaciones (focales) (parciales) y con ataques parciales simples
G402,Epilepsia y síndromes epilépticos sintomáticos relacionados con localizaciones (focales) (parciales) y con ataques parciales complejos
G403,Epilepsia y síndromes epilépticos idiopáticos generalizados
G404,Otras epilepsias y síndromes epilépticos generalizados
G405,Síndromes epilépticos especiales
G406,"Ataques de gran mal, no especificados (con o sin pequeño mal)"
G407,"Pequeño mal, no especificado (sin ataque de gran mal)"
G408,Otras epilepsias
G409,"Epilepsia, tipo no especificado"
G520,Trastornos del nervio olfatorio
G521,Trastornos del nervio glosofaríngeo
G522,Trastornos del nervio vago
G523,Trastornos del nervio hipogloso
G527,Trastornos de múltiples nervios craneales
G528,Trastornos de otros nervios craneales especificados
G529,"Trastorno de nervio craneal, no especificado"
G510,Parálisis de Bell
G511,Ganglionitis geniculada
G512,Síndrome de Melkersson
G513,Espasmo hemifacial clónico
G514,Mioquimia facial
G518,Otros trastornos del nervio facial
G500,Neuralgia del trigémino
G501,Dolor facial atípico
G508,Otros trastornos del trigémino
G509,"Trastorno del trigémino, no especificado"
G630,Polineuropatía en enfermedades infecciosas y parasitarias clasificadas en otra parte
G631,Polineuropatía en enfermedad neoplásica (C00–D48)
G632,Polineuropatía diabética (E10–E14 con cuarto carácter común .4)
G633,"Polineuropatía en otras enfermedades endocrinas y metabólicas (E00–E07, E15–E16, E20–E34, E70–E89)"
G634,Polineuropatía en deficiencia nutricional (E40–E64)
G635,Polineuropatía en trastornos del tejido conectivo sistémico (M30–M35)
G636,"Polineuropatía en otros trastornos osteomusculares (M00–M25, M40–M96)"
G638,Polineuropatía en otras enfermedades clasificadas en otra parte
G620,Polineuropatía inducida por drogas
G621,Polineuropatía alcohólica
G622,Polineuropatía debida a otro agente tóxico
G628,Otras polineuropatías especificadas
G629,"Polineuropatía, no especificada"
G610,Síndrome de Guillain–Barré
G611,Neuropatía al suero
G618,Otras polineuropatías inflamatorias
G619,"Polineuropatía inflamatoria, no especificada"
G600,Neuropatía hereditaria motora y sensorial
G601,Enfermedad de Refsum
G602,Neuropatía asociada con ataxia hereditaria
G603,Neuropatía progresiva idiopática
G608,Otras neuropatías hereditarias e idiopáticas
G609,"Neuropatía hereditaria e idiopática, sin otra especificación"
G720,Miopatía inducida por drogas
G721,Miopatía alcohólica
G722,Miopatía debida a otros agentes tóxicos
G723,Parálisis periódica
G724,"Miopatía inflamatoria, no clasificada en otra parte"
G728,Otras miopatías especificadas
G729,"Miopatía, no especificada"
M256,"Rigidez articular, no clasificada en otra parte"
M257,Osteofito
M258,Otros trastornos articulares especificados
M259,"Trastorno articular, no especificado"
M248,"Otras lesiones articulares específicas, no clasificadas en otra parte"
M249,"Desarreglo articular, no especificado"
M239,"Trastorno interno de la rodilla, no especificado"
M204,Otro(s) dedo(s) del pie en martillo (adquiridos)
M205,Otras deformidades (adquiridas) del (de los) dedo(s) del pie
M206,"Deformidades adquiridas de los dedos del pie, no especificadas"
E212,Otros tipos de hiperparatiroidismo
E213,"Hiperparatiroidismo, sin otra especificación"
E214,Otros trastornos especificados de la glándula paratiroides
E215,"Trastorno de la glándula paratiroides, no especificado"
D539,"Anemia nutricional, no especificada"
D519,"Anemia por deficiencia de vitamina B12, sin otra especificación"
D509,Anemia por deficiencia de hierro sin otra especificación
D594,Otras anemias hemolíticas no autoinmunes
D595,Hemoglobinuria paroxística nocturna [Marchiafava–Micheli]
D596,Hemoglobinuria debida a hemólisis por otras causas externas
D598,Otras anemias hemolíticas adquiridas
D599,"Anemia hemolítica adquirida, sin otra especificación"
D569,"Talasemia, no especificada"
G710,Distrofia muscular
G711,Trastornos miotónicos
G712,Miopatías congénitas
G713,"Miopatía mitocóndrica, no clasificada en otra parte"
G718,Otros trastornos primarios de los músculos
G700,Miastenia gravis
G701,Trastornos tóxicos neuromusculares
G702,Miastenia congénita o del desarrollo
G708,Otros trastornos neuromusculares especificados
G709,"Trastorno neuromuscular, no especificado"
G830,Diplejía de los miembros superiores
G831,Monoplejía de miembro inferior
G832,Monoplejía de miembro superior
G833,"Monoplejía, no especificada"
G834,Síndrome de la cola de caballo
G838,Otros síndromes paralíticos especificados
G839,"Síndrome paralítico, no especificado"
G820,Paraplejía flácida
G821,Paraplejía espástica
G822,"Paraplejía, no especificada"
G823,Cuadriplejía flácida
G824,Cuadriplejía espástica
G825,"Cuadriplejía, no especificada"
G810,Hemiplejía flácida
G811,Hemiplejía espástica
G819,"Hemiplejía, no especificada"
G800,Parálisis cerebral espástica cuadripléjica
G801,Parálisis cerebral espástica dipléjica
G802,Parálisis cerebral espástica hemipléjica
G803,Parálisis cerebral discinética
G804,Parálisis cerebral atáxica
G808,Otros tipos de parálisis cerebral
G809,"Parálisis cerebral, sin otra especificación"
G960,Pérdida de líquido cefalorraquídeo
G961,"Trastornos de las meninges, no clasificados en otra parte"
G968,Otros trastornos especificados del sistema nervioso central
G969,"Trastorno del sistema nervioso central, no especificado"
G950,Siringomielia y siringobulbia
G951,Mielopatías vasculares
G952,"Compresión medular, no especificada"
G958,Otras enfermedades especificadas de la médula espinal
G959,"Enfermedad de la médula espinal, no especificada"
G940,Hidrocéfalo en enfermedades infecciosas y parasitarias clasificadas en otra parte (A00–B99)
G930,Quiste cerebral
G910,Hidrocéfalo comunicante
G911,Hidrocéfalo obstructivo
G912,Hidrocéfalo de presión normal
G913,"Hidrocéfalo postraumático, sin otra especificación"
G900,Neuropatía autónoma periférica idiopática
G901,Disautonomía familiar [Síndrome de Riley–Day]
G902,Síndrome de Horner
G903,Degeneración de sistemas múltiples
G904,Disreflexia autonómica
A060,Disentería amebiana aguda
A061,Amebiasis intestinal crónica
A062,Colitis amebiana no disentérica
A063,Ameboma intestinal
A064,Absceso amebiano del hígado
A065,Absceso amebiano del pulmón (J99.8)
A050,Intoxicación alimentaria estafilocócica
A051,Botulismo
A052,Intoxicación alimentaria debida a Clostridium perfringens [Clostridium welchii]
A053,Intoxicación alimentaria debida a Vibrio parahaemolyticus
A054,Intoxicación alimentaria debida a Bacillus cereus
A040,Infección debida a Escherichia coli enteropatógena
A041,Infección debida a Escherichia coli enterotoxígena
A042,Infección debida a Escherichia coli enteroinvasiva
A043,Infección debida a Escherichia coli enterohemorrágica
A044,Otras infecciones intestinales debidas a Escherichia coli
A030,Shigelosis debida a Shigella dysenteriae
A031,Shigelosis debida a Shigella flexneri
A032,Shigelosis debida a Shigella boydii
A033,Shigelosis debida a Shigella sonnei
A038,Otras shigelosis
A020,Enteritis debida a Salmonella
A021,Septicemia debida a Salmonella
A022,Infecciones localizadas debidas a Salmonella
A028,Otras infecciones especificadas como debidas a Salmonella
A029,"Infección debida a Salmonella, no especificada"
A010,Fiebre tifoidea
A011,Fiebre paratifoidea A
A012,Fiebre paratifoidea B
A013,Fiebre paratifoidea C
A014,"Fiebre paratifoidea, no especificada"
A000,"Cólera debido a Vibrio cholerae O1, biotipo cholerae"
A001,"Cólera debido a Vibrio cholerae O1, biotipo El Tor"
A009,"Cólera, no especificado"
H590,Queratopatía (bullosa afáquica) consecutiva a cirugía de catarata
H598,"Otros trastornos del ojo y sus anexos, consecutivos a procedimientos"
H599,"Trastorno no especificado del ojo y sus anexos, consecutivo a procedimientos"
H580,Anomalías de la función pupilar en enfermedades clasificadas en otra parte
H581,Alteraciones de la visión en enfermedades clasificadas en otra parte
H588,Otros trastornos especificados del ojo en enfermedades clasificadas en otra parte
H570,Anomalías de la función pupilar
H571,Dolor ocular
H578,Otros trastornos especificados del ojo y sus anexos
H579,"Trastorno del ojo y sus anexos, no especificado"
F530,"Trastornos mentales y del comportamiento leves, asociados con el puerperio, no clasificados en otra parte"
F531,"Trastornos mentales y del comportamiento graves, asociados con el puerperio, no clasificados en otra parte"
F538,"Otros trastornos mentales y del comportamiento asociados con el puerperio, no clasificados en otra parte"
F539,"Trastorno mental puerperal, no especificado"
F520,Falta o pérdida del deseo sexual
F521,Aversión al sexo y falta de goce sexual
F522,Falla de la respuesta genital
F523,Disfunción orgásmica
F524,Eyaculación precoz
F525,Vaginismo no orgánico
F526,Dispareunia no orgánica
F527,Impulso sexual excesivo
F528,"Otras disfunciones sexuales, no ocasionadas por trastorno ni por enfermedad orgánicos"
F529,"Disfunción sexual no ocasionada por trastorno ni por enfermedad orgánicos, no especificada"
F510,Insomnio no orgánico
F511,Hipersomnio no orgánico
F512,Trastorno no orgánico del ciclo sueño-vigilia
F513,Sonambulismo
F514,Terrores del sueño [terrores nocturnos]
F500,Anorexia nerviosa
F501,Anorexia nerviosa atípica
F502,Bulimia nerviosa
F503,Bulimia nerviosa atípica
F504,Hiperfagia asociada con otras alteraciones psicológicas
F505,Vómitos asociados con otras alteraciones psicológicas
F508,Otros trastornos de la ingestión de alimentos
F509,"Trastorno de la ingestión de alimentos, no especificado"
F600,Trastorno paranoide de la personalidad
F601,Trastorno esquizoide de la personalidad
F602,Trastorno asocial de la personalidad
F603,Trastorno de la personalidad emocionalmente inestable
F604,Trastorno histriónico de la personalidad
F605,Trastorno anancástico de la personalidad
F606,"Trastorno de la personalidad ansiosa (evasiva, elusiva)"
F607,Trastorno de la personalidad dependiente
F608,Otros trastornos específicos de la personalidad
F609,"Trastorno de la personalidad, no especificado"
H950,Colesteatoma recurrente de la cavidad resultante de la mastoidectomía
H951,Otros trastornos posteriores a la mastoidectomía
H958,"Otros trastornos del oído y de la apófisis mastoides, consecutivos a procedimientos"
H959,"Trastornos no especificados del oído y de la apófisis mastoides, consecutivos a procedimientos"
M859,"Trastorno de la densidad y de la estructura óseas, no especificado"
H940,Neuritis del nervio auditivo en enfermedades infecciosas y parasitarias clasificadas en otra parte
H948,Otros trastornos especificados del oído en enfermedades clasificadas en otra parte
H930,Trastornos degenerativos y vasculares del oído
H931,Tinnitus
H932,Otras percepciones auditivas anormales
H933,Trastornos del nervio auditivo
H938,Otros trastornos especificados del oído
H939,"Trastorno del oído, no especificado"
M638,Otros trastornos de los músculos en enfermedades clasificadas en otra parte
M791,Mialgia
M792,"Neuralgia y neuritis, no especificadas"
M793,"Paniculitis, no especificada"
M794,Hipertrofia de paquete adiposo (infrarrotuliano)
M795,Cuerpo extraño residual en tejido blando
M796,Dolor en miembro
M797,Fibromialgia
M798,Otros trastornos especificados de los tejidos blandos
M799,"Trastorno de los tejidos blandos, no especificado"
M771,Epicondilitis lateral
M772,Periartritis de la muñeca
M773,Espolón calcáneo
M774,Metatarsalgia
M775,Otras entesopatías del pie
M778,"Otras entesopatías, no clasificadas en otra parte"
M779,"Entesopatía, no especificada"
M761,Tendinitis del psoas
M762,Espolón de la cresta iliaca
M763,Síndrome del tendón del tensor de la fascia lata
M764,Bursitis tibial colateral [Pellegrini-Stieda]
M765,Tendinitis rotuliana
M766,Tendinitis aquiliana
M767,Tendinitis peroneal
M768,"Otras entesopatías del miembro inferior, excluido el pie"
M769,"Entesopatía del miembro inferior, no especificada"
H920,Otalgia
H921,Otorrea
H922,Otorragia
M752,Tendinitis del bíceps
M753,Tendinitis calcificante del hombro
M754,Síndrome de abducción dolorosa del hombro
M755,Bursitis del hombro
M758,Otras lesiones del hombro
M759,"Lesión del hombro, no especificada"
Y90,Evidencia de alcoholismo determinada por el nivel de alcohol en la sangre
Y91,Evidencia de alcoholismo determinada por el nivel de intoxicación
Y95,Afección nosocomial
Y96,Afección relacionada con el trabajo
Y97,Afección relacionada con la contaminación ambiental
M738,Otros trastornos de los tejidos blandos en enfermedades clasificadas en otra parte
M143,Dermatoartritis lipoide (E78.8)
M144,Artropatía en la amiloidosis (E85.–)
M145,"Artropatía en otros trastornos endocrinos, metabólicos y nutricionales"
M146,Artropatía neuropática
M148,"Artropatía en otras enfermedades especificadas, clasificadas en otra parte"
Y85,Secuelas de accidentes de transporte
Y86,Secuelas de otros accidentes
Y87,"Secuelas de lesiones autoinfligidas intencionalmente, agresiones y eventos de intención no determinada"
Y88,Secuelas con atención médica y quirúrgica como causa externa
Y89,Secuelas de otras causas externas
F810,Trastorno específico de la lectura
F811,Trastorno específico del deletreo [ortografía]
F812,Trastorno específico de las habilidades aritméticas
F813,Trastorno mixto de las habilidades escolares
F818,Otros trastornos del desarrollo de las habilidades escolares
F819,"Trastorno del desarrollo de las habilidades escolares, no especificado"
F800,Trastorno específico de la pronunciación
F801,Trastorno del lenguaje expresivo
F802,Trastorno de la recepción del lenguaje
F803,Afasia adquirida con epilepsia [Landau-Kleffner]
F808,Otros trastornos del desarrollo del habla y del lenguaje
F809,Trastorno del desarrollo del habla y del lenguaje no especificado
F980,Enuresis no orgánica
F981,Encopresis no orgánica
F982,Trastorno de la ingestión alimentaria en la infancia y la niñez
F983,Pica en la infancia y la niñez
F984,Trastornos de los movimientos estereotipados
F985,Tartamudez [espasmofemia]
F986,Farfulleo
F988,Otros trastornos emocionales y del comportamiento que aparecen habitualmente en la niñez y en la adolescencia
F989,"Trastornos no especificados, emocionales y del comportamiento, que aparecen habitualmente en la niñez y en la adolescencia"
F950,Trastorno por tic transitorio
F951,Trastorno por tic motor o vocal crónico
F952,Trastorno por tics motores y vocales múltiples combinados [de la Tourette]
F958,Otros trastornos por tics
F959,"Trastorno por tic, no especificado"
F940,Mutismo electivo
F941,Trastorno de vinculación reactiva en la niñez
F942,Trastorno de vinculación desinhibida en la niñez
F948,Otros trastornos del comportamiento social en la niñez
F949,"Trastorno del comportamiento social en la niñez, no especificado"
F930,Trastorno de ansiedad de separación en la niñez
F931,Trastorno de ansiedad fóbica en la niñez
F932,Trastorno de ansiedad social en la niñez
F933,Trastorno de rivalidad entre hermanos
F938,Otros trastornos emocionales en la niñez
F939,"Trastorno emocional en la niñez, no especificado"
F920,Trastorno depresivo de la conducta
F928,Otros trastornos mixtos de la conducta y de las emociones
F929,"Trastorno mixto de la conducta y de las emociones, no especificado"
F910,Trastorno de la conducta limitado al contexto familiar
F911,Trastorno de la conducta insociable
F912,Trastorno de la conducta sociable
F913,Trastorno opositor desafiante
F918,Otros trastornos de la conducta
F919,"Trastorno de la conducta, no especificado"
F900,Perturbación de la actividad y de la atención
F901,Trastorno hipercinético de la conducta
F908,Otros trastornos hipercinéticos
F909,"Trastorno hipercinético, no especificado"
S030,Luxación del maxilar
S031,Luxación del cartílago septal de la nariz
S032,Luxación de diente
S033,Luxación de otras partes y de las no especificadas de la cabeza
S034,Esguinces y torceduras del maxilar
S035,Esguinces y torceduras de articulaciones y ligamentos de otras partes y las no especificadas de la cabeza
S020,Fractura de la bóveda del cráneo
S021,Fractura de la base del cráneo
S022,Fractura de los huesos de la nariz
S023,Fractura del suelo de la órbita
S024,Fractura del malar y del hueso maxilar superior
S025,Fractura de los dientes
S026,Fractura del maxilar inferior
S010,Herida del cuero cabelludo
S011,Herida del párpado y de la región periocular
S012,Herida de la nariz
S013,Herida del oído
S014,Herida de la mejilla y de la región temporomandibular
S015,Herida del labio y de la cavidad bucal
S017,Heridas múltiples de la cabeza
S018,Herida de otras partes de la cabeza
S019,"Herida de la cabeza, parte no especificada"
S000,Traumatismo superficial del cuero cabelludo
S001,Contusión de los párpados y de la región periocular
S002,Otros traumatismos superficiales del párpado y de la región periocular
S003,Traumatismo superficial de la nariz
S004,Traumatismo superficial del oído
S005,Traumatismo superficial del labio y de la cavidad bucal
S007,Traumatismos superficiales múltiples de la cabeza
S008,Traumatismo superficial de otras partes de la cabeza
S009,"Traumatismo superficial de la cabeza, parte no especificada"
S110,Herida que compromete la laringe y la tráquea
S111,Herida que compromete la glándula tiroides
S112,Herida que compromete la faringe y el esófago cervical
S117,Heridas múltiples del cuello
S118,Heridas de otras partes del cuello
S119,"Herida de cuello, parte no especificada"
S100,Contusión de la garganta
S101,Otros traumatismos superficiales y los no especificados de la garganta
S107,Traumatismo superficial múltiple del cuello
S108,Traumatismo superficial de otras partes del cuello
S109,"Traumatismo superficial del cuello, parte no especificada"
S230,Ruptura traumática de disco intervertebral torácico
S231,Luxación de vértebra torácica
S232,Luxación de otras partes y de las no especificadas del tórax
S233,Esguinces y torceduras de columna torácica
S234,Esguinces y torceduras de costillas y esternón
S235,Esguinces y torceduras de otras partes y de las no especificadas del tórax
S220,Fractura de vértebra torácica
S221,Fracturas múltiples de columna torácica
S222,Fractura del esternón
S223,Fractura de costilla
S224,Fracturas múltiples de costillas
S225,Tórax azotado
S228,Fractura de otras partes del tórax óseo
S229,"Fractura del tórax óseo, parte no especificada"
S210,Herida de la mama
S211,Herida de la pared anterior del tórax
S212,Herida de la pared posterior del tórax
S217,Herida múltiple de la pared torácica
S218,Herida de otras partes del tórax
S219,"Herida del tórax, parte no especificada"
S200,Contusión de la mama
S201,Otros traumatismos superficiales y los no especificados de la mama
S202,Contusión del tórax
S203,Otros traumatismos superficiales de la pared anterior del tórax
S204,Otros traumatismos superficiales de la pared posterior del tórax
S207,Traumatismos superficiales múltiples del tórax
S208,Traumatismo superficial de otras partes y de las no especificadas del tórax
D738,Otras enfermedades del bazo
D739,"Enfermedad del bazo, no especificada"
C84,"Linfoma de células T, periférico y cutáneo"
C85,Linfoma no Hodgkin de otro tipo y el no especificado
C88,Enfermedades inmunoproliferativas malignas
C90,Mieloma múltiple y tumores malignos de células plasmáticas
C91,Leucemia linfoide
C92,Leucemia mieloide
C93,Leucemia monocítica
C94,Otras leucemias de tipo celular especificado
C78,Tumor maligno secundario de los órganos respiratorios y digestivos
C79,Tumor maligno secundario de otros sitios
C80,Tumor maligno de sitios no especificados
C45-C49,Tumores malignos de los tejidos mesoteliales y de los tejidos blandos
C50,Tumor maligno de la mama
C51-C58,Tumores malignos de los órganos genitales femeninos
C60-C63,Tumores malignos de los órganos genitales masculinos
C64-C68,Tumores malignos de las vías urinarias
C69-C72,"Tumores malignos del ojo, del encéfalo y de otras partes del sistema nervioso central"
C73-C75,Tumores malignos de la glándula tiroides y de otras glándulas endocrinas
D046,"Carcinoma in situ de la piel del miembro superior, incluido el hombro"
D047,"Carcinoma in situ de la piel del miembro inferior, incluida la cadera"
D048,Carcinoma in situ de la piel de otros sitios especificados
D049,"Carcinoma in situ de la piel, sitio no especificado"
D039,"Melanoma in situ, sitio no especificado"
D015,"Carcinoma in situ del hígado, de la vesícula biliar y del conducto biliar"
D017,Carcinoma in situ de otras partes especificadas de órganos digestivos
D019,Carcinoma in situ de órganos digestivos no especificados
D128,Tumor benigno del recto
D129,Tumor benigno del conducto anal y del ano
D383,Tumor de comportamiento incierto o desconocido del mediastino
D384,Tumor de comportamiento incierto o desconocido del timo
D385,Tumor de comportamiento incierto o desconocido de otros órganos respiratorios y del oído medio
D386,"Tumor de comportamiento incierto o desconocido de órganos respiratorios, sitio no especificado"
D379,"Tumor de comportamiento incierto o desconocido de órganos digestivos, sitio no especificado"
G519,"Trastorno del nervio facial, no especificado"
S310,Herida de la región lumbosacra y de la pelvis
S311,Herida de la pared abdominal
S312,Herida del pene
S313,Herida del escroto y de los testículos
S314,Herida de la vagina y de la vulva
S315,Herida de otros órganos genitales externos y de los no especificados
S317,"Heridas múltiples del abdomen, de la región lumbosacra y de la pelvis"
S318,Heridas de otras partes y de las no especificadas del abdomen
S300,Contusión de la región lumbosacra y de la pelvis
S301,Contusión de la pared abdominal
S302,Contusión de órganos genitales externos
S307,"Traumatismos superficiales múltiples del abdomen, de la región lumbosacra y de la pelvis"
S308,"Otros traumatismos superficiales del abdomen, de la región lumbosacra y de la pelvis"
S309,"Traumatismo superficial del abdomen, de la región lumbosacra y de la pelvis, parte no especificada"
G040,Encefalitis aguda diseminada
G041,Paraplejía espástica tropical
G042,"Meningoencefalitis y meningomielitis bacterianas, no clasificadas en otra parte"
G048,"Otras encefalitis, mielitis y encefalomielitis"
G049,"Encefalitis, mielitis y encefalomielitis, no especificadas"
G030,Meningitis apiógena
G031,Meningitis crónica
G032,Meningitis recurrente benigna [Mollaret]
G038,Meningitis debidas a otras causas especificadas
G039,"Meningitis, no especificada"
G020,Meningitis en enfermedades virales clasificadas en otra parte
G021,Meningitis en micosis
G028,Meningitis en otras enfermedades infecciosas y parasitarias especificadas clasificadas en otra parte
G000,Meningitis por hemófilos
G001,Meningitis neumocócica
G002,Meningitis estreptocócica
G003,Meningitis estafilocócica
G008,Otras meningitis bacterianas
G009,"Meningitis bacteriana, no especificada"
F400,Agorafobia
F401,Fobias sociales
F402,Fobias específicas (aisladas)
F408,Otros trastornos fóbicos de ansiedad
F409,"Trastorno fóbico de ansiedad, no especificado"
O94,"Secuelas de complicaciones del embarazo, del parto y del puerperio"
O95,Muerte obstétrica de causa no especificada
O96,Muerte materna debida a cualquier causa obstétrica que ocurre después de 42 días pero antes de un año del parto
O97,Muerte por secuelas de causas obstétricas directas
O85,Sepsis puerperal
O86,Otras infecciones puerperales
O87,Complicaciones venosas en el puerperio
O88,Embolia obstétrica
O89,Complicaciones de la anestesia administrada durante el puerperio
O90,"Complicaciones del puerperio, no clasificadas en otra parte"
O80,Parto único espontáneo
O81,Parto único con fórceps y ventosa extractora
O82,Parto único por cesárea
O83,Otros partos únicos asistidos
O84,Parto múltiple
O60,Trabajo de parto prematuro
O61,Fracaso de la inducción del trabajo de parto
O62,Anormalidades de la dinámica del trabajo de parto
O63,Trabajo de parto prolongado
O64,Trabajo de parto obstruido debido a mala posición y presentación anormal del feto
O65,Trabajo de parto obstruido debido a anormalidad de la pelvis materna
P90,Convulsiones del recién nacido
P91,Otras alteraciones cerebrales del recién nacido
P92,Problemas de la ingestión de alimentos del recién nacido
P93,Reacciones e intoxicaciones debidas a drogas administradas al feto y al recién nacido
P94,Trastornos del tono muscular en el recién nacido
P95,Muerte fetal de causa no especificada
P80,Hipotermia del recién nacido
P81,Otras alteraciones de la regulación de la temperatura en el recién nacido
P83,Otras afecciones de la piel específicas del feto y del recién nacido
P75,Íleo meconial (E84.1)
P76,Otras obstrucciones intestinales del recién nacido
P77,Enterocolitis necrotizante del feto y del recién nacido
P78,Otros trastornos perinatales del sistema digestivo
H060,Trastornos del aparato lagrimal en enfermedades clasificadas en otra parte
H061,Infección e infestación parasitarias de la órbita en enfermedades clasificadas en otra parte
H062,Exoftalmia hipertiroidea (E05.–)
H063,Otros trastornos de la órbita en enfermedades clasificadas en otra parte
H050,Inflamación aguda de la órbita
H051,Trastornos inflamatorios crónicos de la órbita
H052,Afecciones exoftálmicas
H053,Deformidad de la órbita
H054,Enoftalmia
H055,"Retención de cuerpo extraño (antiguo), consecutiva a herida penetrante de la órbita"
H058,Otros trastornos de la órbita
H059,"Trastorno de la órbita, no especificado"
H040,Dacrioadenitis
H041,Otros trastornos de la glándula lagrimal
H042,Epífora
H043,Inflamación aguda y la no especificada de las vías lagrimales
H044,Inflamación crónica de las vías lagrimales
H030,Infección e infestación parasitarias del párpado en
H031,Compromiso del párpado en enfermedades infecciosas
H038,Compromiso del párpado en enfermedades clasificadas en otra parte
H020,Entropión y triquiasis palpebral
H021,Ectropión del párpado
H022,Lagoftalmos
H023,Blefarocalasia
H024,Blefaroptosis
H025,Otros trastornos funcionales del párpado
H026,Xantelasma del párpado
H027,Otros trastornos degenerativos del párpado y del área periocular
H028,Otros trastornos especificados del párpado
H029,"Trastorno del párpado, no especificado"
H010,Blefaritis
H011,Dermatosis no infecciosa del párpado
H018,Otras inflamaciones especificadas del párpado
H019,"Inflamación del párpado, no especificada"
H000,Orzuelo y otras inflamaciones profundas del párpado
H001,Calacio [chalazión]
Q90,Síndrome de Down
Q91,Síndrome de Edwards y síndrome de Patau
Q92,"Otras trisomías y trisomías parciales de los autosomas, no clasificadas en otra parte"
Q93,"Monosomías y supresiones de los autosomas, no clasificadas en otra parte"
Q95,"Reordenamientos equilibrados y marcadores estructurales, no clasificados en otra parte"
Q96,Síndrome de Turner
Q97,"Otras anomalías de los cromosomas sexuales, con fenotipo femenino, no clasificadas en otra parte"
Q80,Ictiosis congénita
Q81,Epidermólisis bullosa
Q82,Otras malformaciones congénitas de la piel
Q83,Malformaciones congénitas de la mama
Q65,Deformidades congénitas de la cadera
Q66,Deformidades congénitas de los pies
Q67,"Deformidades osteomusculares congénitas de la cabeza, de la cara, de la columna vertebral y del tórax"
Q68,Otras deformidades osteomusculares congénitas
Q69,Polidactilia
Q70,Sindactilia
G719,"Trastorno primario del músculo, tipo no especificado"
Q60,Agenesia renal y otras malformaciones hipoplásicas del riñón
Q61,Enfermedad quística del riñón
Q62,Defectos obstructivos congénitos de la pelvis renal y malformaciones congénitas del uréter
Q63,Otras malformaciones congénitas del riñón
Q64,Otras malformaciones congénitas del sistema urinario
Q50,"Malformaciones congénitas de los ovarios, de las trompas de Falopio y de los ligamentos anchos"
Q51,Malformaciones congénitas del útero y del cuello uterino
Q52,Otras malformaciones congénitas de los órganos genitales femeninos
Q53,Testículo no descendido
Q54,Hipospadias
Q55,Otras malformaciones congénitas de los órganos genitales masculinos
Q56,Sexo indeterminado y seudohermafroditismo
Q38,"Otras malformaciones congénitas de la lengua, de la boca y de la faringe"
Q39,Malformaciones congénitas del esófago
G941,Hidrocéfalo en enfermedad neoplásica (C00–D48)
G942,Hidrocéfalo en otras enfermedades clasificadas en otra parte
G948,Otros trastornos encefálicos especificados en enfermedades clasificadas en otra parte
G931,"Lesión cerebral anóxica, no clasificada en otra parte"
G932,Hipertensión intracraneal benigna
G933,Síndrome de fatiga postviral
G934,Encefalopatía no especificada
G935,Compresión del encéfalo
G936,Edema cerebral
G937,Síndrome de Reye
G938,Otros trastornos especificados del encéfalo
G939,"Trastorno del encéfalo, no especificado"
Q35,Fisura del paladar
Q36,Labio leporino
Q37,Fisura del paladar con labio leporino
G918,Otros tipos de hidrocéfalo
G919,"Hidrocéfalo, no especificado"
G908,Otros trastornos del sistema nervioso autónomo
G909,"Trastorno del sistema nervioso autónomo, no especificado"
A066,Absceso amebiano del cerebro (G07)
A067,Amebiasis cutánea
A068,Infección amebiana de otras localizaciones
A069,"Amebiasis, no especificada"
Q30,Malformaciones congénitas de la nariz
Q31,Malformaciones congénitas de la laringe
Q32,Malformaciones congénitas de la tráquea y de los bronquios
Q33,Malformaciones congénitas del pulmón
A058,Otras intoxicaciones alimentarias debidas a bacterias especificadas
A059,"Intoxicación alimentaria bacteriana, no especificada"
A045,Enteritis debida a Campylobacter
A046,Enteritis debida a Yersinia enterocolitica
A047,Enterocolitis debida a Clostridium difficile
A048,Otras infecciones intestinales bacterianas especificadas
A049,"Infección intestinal bacteriana, no especificada"
A039,Shigelosis de tipo no especificado
H130,Infección filárica de la conjuntiva (B74.–)
H131,Conjuntivitis en enfermedades infecciosas y parasitarias clasificadas en otra parte
H132,Conjuntivitis en otras enfermedades clasificadas en otra parte
H133,Penfigoide ocular (L12.–)
H138,Otros trastornos de la conjuntiva en enfermedades clasificadas en otra parte
H110,Pterigión
H111,Degeneraciones y depósitos conjuntivales
H112,Cicatrices conjuntivales
H113,Hemorragia conjuntival
H114,Otros trastornos vasculares y quistes conjuntivales
H118,Otros trastornos especificados de la conjuntiva
H119,"Trastorno de la conjuntiva, no especificado"
H100,Conjuntivitis mucopurulenta
H101,Conjuntivitis atópica aguda
H102,Otras conjuntivitis agudas
H103,"Conjuntivitis aguda, no especificada"
H104,Conjuntivitis crónica
H105,Blefaroconjuntivitis
H108,Otras conjuntivitis
R95,Síndrome de la muerte súbita infantil
R96,Otras muertes súbitas de causa desconocida
R90,Hallazgos anormales en diagnóstico por imagen del sistema nervioso central
R91,Hallazgos anormales en diagnóstico por imagen del pulmón
R92,Hallazgos anormales en diagnóstico por imagen de la mama
R93,Hallazgos anormales en diagnóstico por imagen de otras estructuras del cuerpo
R94,Resultados anormales de estudios funcionales
F515,Pesadillas
F518,Otros trastornos no orgánicos del sueño
F519,"Trastorno no orgánico del sueño, no especificado"
R83,Hallazgos anormales en el líquido cefalorraquídeo
R84,Hallazgos anormales en muestras tomadas de órganos respiratorios y torácicos
R85,Hallazgos anormales en muestras tomadas de órganos digestivos y de la cavidad abdominal
R86,Hallazgos anormales en muestras tomadas de órganos genitales masculinos
R80,Proteinuria aislada
R81,Glucosuria
R82,Otros hallazgos anormales en la orina
R70,Velocidad de eritrosedimentación elevada y otras anormalidades de la viscosidad del plasma
R71,Anormalidad de los eritrocitos
R72,"Anormalidades de los leucocitos, no clasificadas en otra parte"
R73,Nivel elevado de glucosa en sangre
R74,Nivel anormal de enzimas en suero
R50,Fiebre de otro origen y de origen desconocido
R51,Cefalea
R52,"Dolor, no clasificado en otra parte"
R53,Malestar y fatiga
R54,Senilidad
R55,Síncope y colapso
H210,Hifema
H211,Otros trastornos vasculares del iris y del cuerpo ciliar
H212,Degeneración del iris y del cuerpo ciliar
H213,"Quiste del iris, del cuerpo ciliar y de la cámara anterior"
H214,Membranas pupilares
H215,Otras adherencias y desgarros del iris y del cuerpo ciliar
H200,Iridociclitis aguda y subaguda
H201,Iridociclitis crónica
H202,Iridociclitis inducida por trastorno del cristalino
H208,Otras iridociclitis especificadas
H209,"Iridociclitis, no especificada"
H190,Escleritis y episcleritis en enfermedades clasificadas en otra parte
H191,Queratitis y queratoconjuntivitis por herpes simple (B00.5)
H192,"Queratitis y queratoconjuntivitis en enfermedades infecciosas y parasitarias, clasificadas en otra parte"
H193,Queratitis y queratoconjuntivitis en otras enfermedades clasificadas en otra parte
H198,Otros trastornos de la esclerótica y de la córnea en enfermedades clasificadas en otra parte
H180,Pigmentaciones y depósitos en la córnea
H181,Queratopatía vesicular
H182,Otros edemas de la córnea
H170,Leucoma adherente
H171,Otras opacidades centrales de la córnea
H178,Otras opacidades o cicatrices de la córnea
H179,"Cicatriz u opacidad de la córnea, no especificada"
H160,Úlcera de la córnea
H161,Otras queratitis superficiales sin conjuntivitis
H162,Queratoconjuntivitis
H163,Queratitis intersticial y profunda
H150,Escleritis
H151,Episcleritis
H158,Otros trastornos de la esclerótica
H159,"Trastorno de la esclerótica, no especificado"
H620,Otitis externa en enfermedades bacterianas clasificadas en otra parte
H621,Otitis externa en enfermedades virales clasificadas en otra parte
H622,Otitis externa en micosis
H623,Otitis externa en otras enfermedades infecciosas y parasitarias clasificadas en otra parte
H610,Pericondritis del oído externo
H611,Afecciones no infecciosas del pabellón auditivo
H612,Cerumen impactado
H613,Estenosis adquirida del conducto auditivo externo
H600,Absceso del oído externo
H601,Celulitis del oído externo
H602,Otitis externa maligna
H603,Otras otitis externas infecciosas
H604,Colesteatoma del oído externo
H605,"Otitis externa aguda, no infecciosa"
H608,Otras otitis externas
H660,Otitis media supurativa aguda
H661,Otitis media tubotimpánica supurativa crónica
H662,Otitis media supurativa crónica aticoantral
H663,Otras otitis medias crónicas supurativas
H664,"Otitis media supurativa, sin otra especificación"
Y98,Afección relacionada con el estilo de vida
S027,Fracturas múltiples que comprometen el cráneo y los huesos de la cara
S028,Fractura de otros huesos del cráneo y de la cara
S029,"Fractura del cráneo y de los huesos de la cara, parte no especificada"
C95,Leucemia de células de tipo no especificado
C96,"Otros tumores malignos y los no especificados del tejido linfático, de los órganos hematopoyéticos y de tejidos afines"
O98,"Enfermedades maternas infecciosas y parasitarias clasificables en otra parte, pero que complican el embarazo, el parto y el puerperio"
O99,"Otras enfermedades maternas clasificables en otra parte, pero que complican el embarazo, el parto y el puerperio"
O91,Infecciones de la mama asociadas con el parto
O92,Otros trastornos de la mama y de la lactancia asociados con el parto
O66,Otras obstrucciones del trabajo de parto
O67,"Trabajo de parto y parto complicados por hemorragia intraparto, no clasificados en otra parte"
O68,Trabajo de parto y parto complicados por sufrimiento fetal
O69,Trabajo de parto y parto complicados por problemas del cordón umbilical
O70,Desgarro perineal durante el parto
O71,Otro trauma obstétrico
P96,Otras afecciones originadas en el período perinatal
C40,Tumor maligno de los huesos y de los cartílagos articulares de los miembros
C41,"Tumor maligno de los huesos y de los cartílagos articulares, de otros sitios y de sitios no especificados"
C30,Tumor maligno de las fosas nasales y del oído medio
C31,Tumor maligno de los senos paranasales
C32,Tumor maligno de la laringe
C33,Tumor maligno de la tráquea
C34,Tumor maligno de los bronquios y del pulmón
C37,Tumor maligno del timo
C38,"Tumor maligno del corazón, del mediastino y de la pleura"
C15,Tumor maligno del esófago
C16,Tumor maligno del estómago
C17,Tumor maligno del intestino delgado
H045,Estenosis e insuficiencia de las vías lagrimales
H046,Otros cambios de las vías lagrimales
H048,Otros trastornos especificados del aparato lagrimal
H049,"Trastorno del aparato lagrimal, no especificado"
C00,Tumor maligno del labio
C01,Tumor maligno de la base de la lengua
C02,Tumor maligno de otras partes y de las no especificadas de la lengua
Q98,"Otras anomalías de los cromosomas sexuales, con fenotipo masculino, no clasificadas en otra parte"
Q99,"Otras anomalías cromosómicas, no clasificadas en otra parte"
C770,"Tumor maligno de los ganglios linfáticos de la cabeza, cara y cuello"
C771,Tumor maligno de los ganglios linfáticos intratorácicos
C772,Tumor maligno de los ganglios linfáticos intraabdominales
C773,Tumor maligno de los ganglios linfáticos de la axila y del miembro superior
C774,Tumor maligno de los ganglios linfáticos de la región inguinal y del miembro inferior
C775,Tumor maligno de los ganglios linfáticos de la pelvis
C778,Tumor maligno de los ganglios linfáticos de regiones múltiples
C779,"Tumor maligno del ganglio linfático, sitio no especificado"
Q84,Otras malformaciones congénitas de las faneras
Q85,"Facomatosis, no clasificada en otra parte"
Q86,"Síndromes de malformaciones congénitas debidos a causas exógenas conocidas, no clasificados en otra parte"
Q87,Otros síndromes de malformaciones congénitas especificados que afectan múltiples sistemas
Q89,"Otras malformaciones congénitas, no clasificadas en otra parte"
Q71,Defectos por reducción del miembro superior
Q72,Defectos por reducción del miembro inferior
Q73,Defectos por reducción de miembro no especificado
Q74,Otras anomalías congénitas del (de los) miembro(s)
Q75,Otras malformaciones congénitas de los huesos del cráneo y de la cara
Q76,Malformaciones congénitas de la columna vertebral y tórax óseo
Q77,Osteocondrodisplasia con defecto del crecimiento de los huesos largos y de la columna vertebral
Q78,Otras osteocondrodisplasias
Q79,"Malformaciones congénitas del sistema osteomuscular, no clasificadas en otra parte"
C760,"Tumor maligno de la cabeza, cara y cuello"
C761,Tumor maligno del tórax
C762,Tumor maligno del abdomen
C763,Tumor maligno de la pelvis
C764,Tumor maligno del miembro superior
C765,Tumor maligno del miembro inferior
C767,Tumor maligno de otros sitios mal definidos
C768,Lesión de sitios contiguos mal definidos
C830,Linfoma no Hodgkin de células pequeñas (difuso)
C831,Linfoma no Hodgkin de células pequeñas hendidas (difuso)
C832,"Linfoma no Hodgkin mixto, de células pequeñas y grandes (difuso)"
C833,Linfoma no Hodgkin de células grandes (difuso)
C834,Linfoma no Hodgkin inmunoblástico (difuso)
C835,Linfoma no Hodgkin linfoblástico (difuso)
C836,Linfoma no Hodgkin indiferenciado (difuso)
C837,Tumor de Burkitt
C838,Otros tipos especificados de linfoma no Hodgkin difuso
C839,"Linfoma no Hodgkin difuso, sin otra especificación"
C820,"Linfoma no Hodgkin de células pequeñas hendidas, folicular"
C821,"Linfoma no Hodkin mixto, de pequeñas células hendidas y de grandes células, folicular"
C822,"Linfoma no Hodgkin de células grandes, folicular"
C810,Enfermedad de Hodgkin con predominio linfocítico
C811,Enfermedad de Hodgkin con esclerosis nodular
C812,Enfermedad de Hodgkin con celularidad mixta
H650,Otitis media aguda serosa
H651,"Otra otitis media aguda, no supurativa"
H652,Otitis media crónica serosa
H653,Otitis media crónica mucoide
H830,Laberintitis
H831,Fístula del laberinto
H832,Disfunción del laberinto
H833,Efectos del ruido sobre el oído interno
H810,Enfermedad de Ménière
H811,Vértigo paroxístico benigno
H812,Neuronitis vestibular
H813,Otros vértigos periféricos
H800,"Otosclerosis que afecta la ventana oval, no obliterante"
H801,"Otosclerosis que afecta la ventana oval, obliterante"
H802,Otosclerosis coclear
H808,Otras otosclerosis
H809,"Otosclerosis, no especificada"
H910,Hipoacusia ototóxica
H911,Presbiacusia
H912,Hipoacusia súbita idiopática
H913,"Sordomudez, no clasificada en otra parte"
H918,Otras hipoacusias especificadas
H900,Hipoacusia conductiva bilateral
H901,"Hipoacusia conductiva, unilateral con audición irrestricta"
H902,"Hipoacusia conductiva, sin otra especificación"
H903,"Hipoacusia neurosensorial, bilateral"
H904,"Hipoacusia neurosensorial, unilateral con audición irrestricta contralateral"
H905,"Hipoacusia neurosensorial, sin otra especificación"
Y40-Y59,"Drogas, medicamentos y sustancias biológicas causantes de efectos adversos en su uso terapéutico"
Y60-Y69,Incidentes ocurridos al paciente durante la atención médica y quirúrgica
Y70-Y82,Dispositivos médicos de diagnóstico y de uso terapéutico asociados con incidentes adversos
Y35,Intervención legal
Y36,Operaciones de guerra
Y10,"Envenenamiento por, y exposición a analgésicos no narcóticos, antipiréticos y antirreumáticos, de intención no determinada"
Y11,"Envenenamiento por, y exposición a drogas antiepilépticas, sedantes, hipnóticas, antiparkinsonianas y psicotrópicas, no clasificadas en otra parte, de intención no determinada"
Y12,"Envenenamiento por, y exposición a narcóticos y psicodislépticos [alucinógenos], no clasificados en otra parte, de intención no determinada"
X85,"Agresión con drogas, medicamentos y sustancias biológicas"
X86,Agresión con sustancia corrosiva
X87,Agresión con plaguicidas
X60,"Envenenamiento autoinfligido intencionalmente por, y exposición a analgésicos no narcóticos, antipiréticos y antirreumáticos"
X61,"Envenenamiento autoinfligido intencionalmente por, y exposición a drogas antiepilépticas, sedantes, hipnóticas, antiparkinsonianas y psicotrópicas, no clasificadas en otra parte"
X62,"Envenenamiento autoinfligido intencionalmente por, y exposición a narcóticos y psicodislépticos [alucinógenos], no clasificados en otra parte"
V01-V09,Peatón lesionado en accidente de transporte
V10-V19,Ciclista lesionado en accidente de transporte
V20-V29,Motociclista lesionado en accidente de transporte
V30-V39,Ocupante de vehículo de motor de tres ruedas lesionado en accidente de transporte
Q40,Otras malformaciones congénitas de la parte superior del tubo digestivo
Q41,"Ausencia, atresia y estenosis congénita del intestino delgado"
Q42,"Ausencia, atresia y estenosis congénita del intestino grueso"
Q43,Otras malformaciones congénitas del intestino
Q44,"Malformaciones congénitas de la vesícula biliar, de los conductos biliares y del hígado"
Q45,Otras malformaciones congénitas del sistema digestivo
Q34,Otras malformaciones congénitas del sistema respiratorio
H109,"Conjuntivitis, no especificada"
R98,Muerte sin asistencia
R99,Otras causas mal definidas y las no especificadas de mortalidad
R87,Hallazgos anormales en muestras tomadas de órganos genitales femeninos
R89,"Hallazgos anormales en muestras tomadas de otros órganos, sistemas y tejidos"
R75,Evidencias de laboratorio del virus de la inmunodeficiencia humana [VIH]
R76,Otros hallazgos inmunológicos anormales en suero
R77,Otras anormalidades de las proteínas plasmáticas
R78,Hallazgo de drogas y otras sustancias que normalmente no se encuentran en la sangre
R79,Otros hallazgos anormales en la química sanguínea
R56,"Convulsiones, no clasificadas en otra parte"
R57,"Choque, no clasificado en otra parte"
R58,"Hemorragia, no clasificada en otra parte"
R59,Adenomegalia
R60,"Edema, no clasificado en otra parte"
R61,Hiperhidrosis
R62,Falta del desarrollo fisiológico normal esperado
R63,Síntomas y signos concernientes a la alimentación y a la ingestión de líquidos
H218,Otros trastornos especificados del iris y del cuerpo ciliar
H219,"Trastorno del iris y del cuerpo ciliar, no especificado"
H183,Cambios en las membranas de la córnea
H184,Degeneración de la córnea
H185,Distrofia hereditaria de la córnea
H186,Queratocono
H187,Otras deformidades de la córnea
H188,Otros trastornos especificados de la córnea
H189,"Trastorno de la córnea, no especificado"
H164,Neovascularización de la córnea
H168,Otras queratitis
H169,"Queratitis, no especificada"
H624,Otitis externa en otras enfermedades clasificadas en otra parte
H628,Otros trastornos del oído externo en enfermedades clasificadas en otra parte
H618,Otros trastornos especificados del oído externo
H619,"Trastorno del oído externo, no especificado"
H609,"Otitis externa, sin otra especificación"
H669,"Otitis media, no especificada"
C73,Tumor maligno de la glándula tiroides
C74,Tumor maligno de la glándula suprarrenal
C75,Tumor maligno de otras glándulas endocrinas y de estructuras afines
C69,Tumor maligno del ojo y sus anexos
C70,Tumor maligno de las meninges
C71,Tumor maligno del encéfalo
C72,"Tumor maligno de la médula espinal, de los nervios craneales y de otras partes del sistema nervioso central"
C64,"Tumor maligno del riñón, excepto de la pelvis renal"
C65,Tumor maligno de la pelvis renal
C66,Tumor maligno del uréter
C67,Tumor maligno de la vejiga urinaria
C60,Tumor maligno del pene
C61,Tumor maligno de la próstata
C62,Tumor maligno del testículo
C63,Tumor maligno de otros órganos genitales masculinos y de los no especificados
C51,Tumor maligno de la vulva
C52,Tumor maligno de la vagina
C53,Tumor maligno del cuello del útero
C54,Tumor maligno del cuerpo del útero
C55,"Tumor maligno del útero, parte no especificada"
C56,Tumor maligno del ovario
C57,Tumor maligno de otros órganos genitales femeninos y de los no especificados
C500,Tumor maligno del pezón y aréola mamaria
C501,Tumor maligno de la porción central de la mama
C502,Tumor maligno del cuadrante superior interno de la mama
C503,Tumor maligno del cuadrante inferior interno de la mama
C504,Tumor maligno del cuadrante superior externo de la mama
C505,Tumor maligno del cuadrante inferior externo de la mama
C506,Tumor maligno de la prolongación axilar de la mama
C508,Lesión de sitios contiguos de la mama
C509,"Tumor maligno de la mama, parte no especificada"
C45,Mesotelioma
C46,Sarcoma de Kaposi
C47,Tumor maligno de los nervios periféricos y del sistema
C43,Melanoma maligno de la piel
C44,Otros tumores malignos de la piel
C790,Tumor maligno secundario del riñón y de la pelvis renal
C791,"Tumor maligno secundario de la vejiga, y de otros órganos y los no especificados de las vías urinarias"
C792,Tumor maligno secundario de la piel
C793,Tumor maligno secundario del encéfalo y de las meninges cerebrales
C794,Tumor maligno secundario de otras partes del sistema nervioso y de las no especificadas
C795,Tumor maligno secundario de los huesos y de la médula ósea
C796,Tumor maligno secundario del ovario
C797,Tumor maligno secundario de la glándula suprarrenal
C798,Tumor maligno secundario de otros sitios especificados
C780,Tumor maligno secundario del pulmón
C781,Tumor maligno secundario del mediastino
C782,Tumor maligno secundario de la pleura
C783,Tumor maligno secundario de otros órganos respiratorios y de los no especificados
C930,Leucemia monocítica aguda
C931,Leucemia monocítica crónica
C932,Leucemia monocítica subaguda
C937,Otras leucemias monocíticas
C939,"Leucemia monocítica, sin otra especificación"
C920,Leucemia mieloide aguda
C921,Leucemia mieloide crónica
C922,Leucemia mieloide subaguda
C923,Sarcoma mieloide
C924,Leucemia promielocítica aguda
C925,Leucemia mielomonocítica aguda
C927,Otras leucemias mieloides
C929,"Leucemia mieloide, sin otra especificación"
C910,Leucemia linfoblástica aguda
C911,Leucemia linfocítica crónica
C912,Leucemia linfocítica subaguda
C913,Leucemia prolinfocítica
C914,Leucemia de células vellosas
C915,Leucemia de células T adultas
C917,Otras leucemias linfoides
C919,"Leucemia linfoide, sin otra especificación"
C900,Mieloma múltiple
C901,Leucemia de células plasmáticas
C902,"Plasmocitoma, extramedular"
C880,Macroglobulinemia de Waldenström
C881,Enfermedad de cadena pesada alfa
C882,Enfermedad de cadena pesada gamma
C883,Enfermedad inmunoproliferativa del intestino delgado
C887,Otras enfermedades inmunoproliferativas malignas
C889,"Enfermedad inmunoproliferativa maligna, sin otra especificación"
C850,Linfosarcoma
C851,"Linfoma de células B, sin otra especificación"
C857,Otros tipos especificados de linfoma no Hodgkin
C859,"Linfoma no Hodgkin, no especificado"
C840,Micosis fungoide
C841,Enfermedad de Sézary
C842,Linfoma de zona T
C843,Linfoma linfoepitelioide
C844,Linfoma de células T periférico
Y880,"Secuelas de efectos adversos causados por drogas, medicamentos y sustancias biológicas en su uso terapéutico"
Y881,Secuelas de incidentes ocurridos al paciente durante procedimientos médicos y quirúrgicos
Y882,Secuelas de incidentes adversos asociados con dispositivos médicos en uso diagnóstico y terapéutico
Y883,"Secuelas de procedimientos médicos y quirúrgicos como la causa de reacción anormal del paciente o de complicación posterior, sin mención de incidente en el momento de efectuar el procedimiento"
Y870,Secuelas de lesiones autoinfligidas
Y871,Secuelas de agresiones
Y872,Secuelas de eventos de intención no determinada
Y850,Secuelas de accidente de vehículo de motor
Y859,"Secuelas de otros accidentes de transporte, y los no especificados"
Y910,Intoxicación alcohólica leve
Y911,Intoxicación alcohólica moderada
Y912,Intoxicación alcohólica severa
Y913,Intoxicación alcohólica muy severa
Y919,"Alcoholismo, nivel de intoxicación no especificado"
Y900,Nivel de alcohol en la sangre menor de 20 mg/100 ml
Y901,Nivel de alcohol en la sangre de 20 a 39 mg/100 ml
Y902,Nivel de alcohol en la sangre de 40 a 59 mg/100 ml
Y903,Nivel de alcohol en la sangre de 60 a 79 mg/100 ml
Y904,Nivel de alcohol en la sangre de 80 a 99 mg/100 ml
Y905,Nivel de alcohol en la sangre de 100 a 119 mg/100 ml
Y906,Nivel de alcohol en la sangre de 120 a 199 mg/100 ml
Y907,Nivel de alcohol en la sangre de 200 a 239 mg/100 ml
Y908,Nivel de alcohol en la sangre de 240 mg/100 ml o más
Y909,"Presencia de alcohol en la sangre, nivel no especificado"
O72,Hemorragia postparto
O73,"Retención de la placenta o de las membranas, sin hemorragia"
O74,Complicaciones de la anestesia administrada durante el trabajo de parto y el parto
O75,"Otras complicaciones del trabajo de parto y del parto, no clasificadas en otra parte"
C39,Tumor maligno de otros sitios y de los mal definidos del sistema respiratorio y de los órganos intratorácicos
C18,Tumor maligno del colon
C19,Tumor maligno de la unión rectosigmoidea
C20,Tumor maligno del recto
C21,Tumor maligno del ano y del conducto anal
C22,Tumor maligno del hígado y de las vías biliares intrahepáticas
C23,Tumor maligno de la vesícula biliar
C24,Tumor maligno de otras partes y de las no especificadas de las vías biliares
C25,Tumor maligno del páncreas
C26,Tumor maligno de otros sitios y de los mal definidos de los órganos digestivos
C03,Tumor maligno de la encía
C04,Tumor maligno del piso de la boca
C05,Tumor maligno del paladar
C06,Tumor maligno de otras partes y de las no especificadas de la boca
C07,Tumor maligno de la glándula parótida
C08,Tumor maligno de otras glándulas salivales mayores y de las no especificadas
C09,Tumor maligno de la amígdala
C10,Tumor maligno de la orofaringe
C11,Tumor maligno de la nasofaringe
C12,Tumor maligno del seno piriforme
C827,Otros tipos especificados de linfoma no Hodgkin folicular
C829,"Linfoma no Hodgkin folicular, sin otra especificación"
C813,Enfermedad de Hodgkin con depleción linfocítica
C817,Otros tipos de enfermedad de Hodgkin
C819,"Enfermedad de Hodgkin, no especificada"
H654,Otras otitis medias crónicas no supurativas
H659,"Otitis media no supurativa, sin otra especificación"
H838,Otros trastornos especificados del oído interno
H839,"Trastorno del oído interno, no especificado"
H814,Vértigo de origen central
H818,Otros trastornos de la función vestibular
H819,"Trastorno de la función vestibular, no especificado"
H919,"Hipoacusia, no especificada"
H906,"Hipoacusia mixta conductiva y neurosensorial, bilateral"
H907,"Hipoacusia mixta conductiva y neurosensorial, unilateral con audición irrestricta contralateral"
H908,"Hipoacusia mixta conductiva y neurosensorial, no especificada"
Y83-Y84,"Procedimientos quirúrgicos y otros procedimientos médicos como la causa de reacción anormal del paciente o de complicación posterior, sin mención de incidente en el momento de efectuar el procedimiento"
Y13,"Envenenamiento por, y exposición a otras drogas que actúan sobre el sistema nervioso autónomo, de intención no determinada"
Y14,"Envenenamiento por, y exposición a otras drogas, medicamentos y sustancias biológicas, y las no especificadas, de intención no determinada"
Y15,"Envenenamiento por, y exposición al alcohol, de intención no determinada"
Y16,"Envenenamiento por, y exposición a disolventes orgánicos e hidrocarburos halogenados y sus vapores, de intención no determinada"
Y17,"Envenenamiento por, y exposición a otros gases y vapores, de intención no determinada"
Y18,"Envenenamiento por, y exposición a plaguicidas, de intención no determinada"
Y19,"Envenenamiento por, y exposición a otros productos químicos y sustancias nocivas, y los no especificados, de intención no determinada"
Y20,"Ahorcamiento, estrangulamiento y sofocación, de intención no determinada"
Y21,"Ahogamiento y sumersión, de intención no determinada"
X88,Agresión con gases y vapores
X89,Agresión con otros productos químicos y sustancias nocivas especificadas
X90,Agresión con productos químicos y sustancias nocivas no especificadas
X91,"Agresión por ahorcamiento, estrangulamiento y sofocación"
X92,Agresión por ahogamiento y sumersión
X93,Agresión con disparo de arma corta
X94,"Agresión con disparo de rifle, escopeta y arma larga"
X95,"Agresión con disparo de otras armas de fuego, y las no especificadas"
X96,Agresión con material explosivo
X97,"Agresión con humo, fuego y llamas"
X63,"Envenenamiento autoinfligido intencionalmente por, y exposición a otras drogas que actúan sobre el sistema nervioso autónomo"
X64,"Envenenamiento autoinfligido intencionalmente por, y exposición a otras drogas, medicamentos y sustancias biológicas, y los no especificados"
X65,"Envenenamiento autoinfligido intencionalmente por, y exposición al alcohol"
X66,"Envenenamiento autoinfligido intencionalmente por, y exposición a disolventes orgánicos e hidrocarburos halogenados y sus vapores"
X67,"Envenenamiento autoinfligido intencionalmente por, y exposición a otros gases y vapores"
X68,"Envenenamiento autoinfligido intencionalmente por, y exposición a plaguicidas"
V40-V49,Ocupante de automóvil lesionado en accidente de transporte
V50-V59,Ocupante de camioneta o furgoneta lesionado en accidente de transporte
V60-V69,Ocupante de vehículo de transporte pesado lesionado en accidente de transporte
V70-V79,Ocupante de autobús lesionado en accidente de transporte
V80-V89,Otros accidentes de transporte terrestre
V90-V94,Accidentes de transporte por agua
V95-V97,Accidentes de transporte aéreo y espacial
R64,Caquexia
R68,Otros síntomas y signos generales
R69,Causas de morbilidad desconocidas y no especificadas
C960,Enfermedad de Letterer-Siwe
C961,Histiocitosis maligna
C962,Tumor maligno de mastocitos
C963,Linfoma histiocítico verdadero
C967,"Otros tumores malignos especificados del tejido linfático, hematopoyético y tejidos afines"
C969,"Tumor maligno del tejido linfático, hematopoyético y tejidos afines, sin otra especificación"
C950,"Leucemia aguda, células de tipo no especificado"
C951,"Leucemia crónica, células de tipo no especificado"
C952,"Leucemia subaguda, células de tipo no especificado"
C957,Otras leucemias de células de tipo no especificado
C959,"Leucemia, no especificada"
C940,Eritremia aguda y eritroleucemia
C941,Eritremia crónica
C942,Leucemia megacarioblástica aguda
C943,Leucemia de mastocitos
C944,Panmielosis aguda
C945,Mielofibrosis aguda
C947,Otras leucemias especificadas
Y890,Secuelas de intervención legal
Y891,Secuelas de operaciones de guerra
Y899,Secuelas de causa externa no especificada
R520,Dolor agudo
R521,Dolor crónico intratable
R522,Otro dolor crónico
R529,"Dolor, no especificado"
R502,Fiebre inducida por drogas
R508,Otras fiebres especificadas
R509,"Fiebre, no especificada"
R740,Elevación de los niveles de transaminasas o deshidrogenasa láctica [DHL]
R748,Niveles anormales de otras enzimas en suero
R749,"Nivel anormal de enzimas en suero, no especificado"
R730,Anormalidades en la prueba de tolerancia a la glucosa
R739,"Hiperglicemia, no especificada"
R700,Velocidad de eritrosedimentación elevada
R701,Viscosidad plasmática anormal
R820,Quiluria
R821,Mioglobinuria
R822,Biliuria
R823,Hemoglobinuria
R824,Acetonuria
R825,"Elevación de los niveles de drogas, medicamentos y sustancias biológicas en la orina"
R826,Niveles anormales en la orina de sustancias de origen principalmente no medicinal
R827,Hallazgos anormales en el examen microbiológico de la orina
R828,Hallazgos anormales en el examen citológico e histológico de la orina
R930,"Hallazgos anormales en diagnóstico por imagen del cráneo y de la cabeza, no clasificados en otra parte"
R931,Hallazgos anormales en diagnóstico por imagen del corazón y de la circulación coronaria
R932,Hallazgos anormales en diagnóstico por imagen del hígado y de las vías biliares
R933,Hallazgos anormales en diagnóstico por imagen de otras partes de las vías digestivas
R934,Hallazgos anormales en diagnóstico por imagen de los órganos urinarios
R935,"Hallazgos anormales en diagnóstico por imagen de otras regiones abdominales, incluido el retroperitoneo"
R936,Hallazgos anormales en diagnóstico por imagen de los miembros
R937,Hallazgos anormales en diagnóstico por imagen de otras partes del sistema osteomuscular
R938,Hallazgos anormales en diagnóstico por imagen de otras estructuras especificadas del cuerpo
R900,Lesión que ocupa el espacio intracraneal
R908,Otros hallazgos anormales en diagnóstico por imagen del sistema nervioso central
Q320,Traqueomalacia congénita
Q321,Otras malformaciones congénitas de la tráquea
Q322,Broncomalacia congénita
Q323,Estenosis congénita de los bronquios
Q324,Otras malformaciones congénitas de los bronquios
Q310,Pterigión de la laringe
Q311,Estenosis subglótica congénita
Q312,Hipoplasia laríngea
Q300,Atresia de las coanas
Q301,Agenesia o hipoplasia de la nariz
Q302,"Hendidura, fisura o muesca de la nariz"
Q303,Perforación congénita del tabique nasal
Q360,"Labio leporino, bilateral"
Q361,"Labio leporino, línea media"
Q369,"Labio leporino, unilateral"
Q351,Fisura del paladar duro
Q353,Fisura del paladar blando
Q355,Fisura del paladar duro y del paladar blando
Q357,Fisura de la úvula
Q359,"Fisura del paladar, sin otra especificación"
Q380,"Malformaciones congénitas de los labios, no clasificadas en otra parte"
Q381,Anquiloglosia
Q382,Macroglosia
Q383,Otras malformaciones congénitas de la lengua
Q384,Malformaciones congénitas de las glándulas y de los conductos salivales
Q385,"Malformaciones congénitas del paladar, no clasificadas en otra parte"
Q386,Otras malformaciones congénitas de la boca
Q550,Ausencia y aplasia del testículo
Q551,Hipoplasia del testículo y del escroto
Q552,Otras malformaciones congénitas de los testículos y del escroto
Q553,Atresia del conducto deferente
Q554,"Otras malformaciones congénitas de los conductos deferentes, del epidídimo, de las vesículas seminales y de la próstata"
Q555,Aplasia y ausencia congénita del pene
Q556,Otras malformaciones congénitas del pene
Q558,"Otras malformaciones congénitas de los órganos genitales masculinos, especificadas"
Q559,"Malformación congénita de los órganos genitales masculinos, no especificada"
Q540,Hipospadias del glande
Q541,Hipospadias peneana
Q542,Hipospadias penoscrotal
Q543,Hipospadias perineal
Q544,Encordamiento congénito del pene
Q548,Otras hipospadias
Q549,"Hipospadias, no especificada"
Q530,Ectopia testicular
Q531,"Testículo no descendido, unilateral"
Q532,"Testículo no descendido, bilateral"
Q539,"Testículo no descendido, sin otra especificación"
Q520,Ausencia congénita de la vagina
Q521,Duplicación de la vagina
Q522,Fístula rectovaginal congénita
Q523,Himen imperforado
Q524,Otras malformaciones congénitas de la vagina
Q525,Fusión de labios de la vulva
Q526,Malformación congénita del clítoris
Q527,Otras malformaciones congénitas de la vulva
Q510,Agenesia y aplasia del útero
Q511,Duplicación del útero con duplicación del cuello uterino y de la vagina
Q512,Otra duplicación del útero
Q513,Útero bicorne
Q514,Útero unicorne
Q515,Agenesia y aplasia del cuello uterino
Q516,Quiste embrionario del cuello uterino
Q517,Fístula congénita entre el útero y el tracto digestivo y urinario
Q500,Ausencia congénita de ovario
Q501,Quiste en desarrollo del ovario
Q502,Torsión congénita del ovario
Q503,Otras malformaciones congénitas de los ovarios
Q504,Quiste embrionario de la trompa de Falopio
Q505,Quiste embrionario del ligamento ancho
Q506,Otras malformaciones congénitas de la trompa de Falopio y del ligamento ancho
Q640,Epispadias
Q641,Extrofia de la vejiga urinaria
Q642,Válvulas uretrales posteriores congénitas
Q643,Otras atresias y estenosis de la uretra y del cuello de la vejiga
Q644,Malformación del uraco
Q645,Ausencia congénita de la vejiga y de la uretra
Q646,Divertículo congénito de la vejiga
Q647,Otras malformaciones congénitas de la vejiga y de la uretra
Q648,"Otras malformaciones congénitas del aparato urinario, especificadas"
Q649,"Malformación congénita del aparato urinario, no especificada"
Q630,Riñón supernumerario
Q631,"Riñón lobulado, fusionado y en herradura"
Q632,Riñón ectópico
Q633,Hiperplasia renal y riñón gigante
Q638,"Otras malformaciones congénitas del riñón, especificadas"
Q620,Hidronefrosis congénita
Q621,Atresia y estenosis del uréter
Q622,Megalouréter congénito
Q623,Otros defectos obstructivos de la pelvis renal y del uréter
Q624,Agenesia del uréter
Q625,Duplicación del uréter
Q626,Mala posición del uréter
Q627,Reflujo vésico–urétero–renal congénito
Q610,Quiste renal solitario congénito
Q611,"Riñón poliquístico, autosómico recesivo"
Q612,"Riñón poliquístico, autosómico dominante"
Q613,"Riñón poliquístico, tipo no especificado"
Q614,Displasia renal
Q615,Riñón quístico medular
Q618,Otras enfermedades renales quísticas
Q619,"Enfermedad quística del riñón, no especificada"
Q600,"Agenesia renal, unilateral"
Q601,"Agenesia renal, bilateral"
Q602,"Agenesia renal, sin otra especificación"
Q603,"Hipoplasia renal, unilateral"
Q604,"Hipoplasia renal, bilateral"
Q605,"Hipoplasia renal, no especificada"
Q606,Síndrome de Potter
Q690,Dedo(s) supernumerario(s) de la mano
Q691,Pulgar(es) supernumerario(s)
Q692,Dedo(s) supernumerario(s) del pie
Q699,"Polidactilia, no especificada"
Q680,Deformidad congénita del músculo esternocleidomastoideo
Q681,Deformidad congénita de la mano
Q682,Deformidad congénita de la rodilla
Q683,Curvatura congénita del fémur
Q684,Curvatura congénita de la tibia y del peroné
Q685,"Curvatura congénita de hueso(s) largo(s) del miembro inferior, sin otra especificación"
Q688,"Otras deformidades congénitas osteomusculares, especificadas"
Q670,Asimetría facial
Q671,Facies comprimida
Q672,Dolicocefalia
Q673,Plagiocefalia
Q674,"Otras deformidades congénitas del cráneo, de la cara y de la mandíbula"
Q675,Deformidad congénita de la columna vertebral
Q660,Talipes equinovarus
Q661,Talipes calcaneovarus
Q662,Metatarsus varus
Q650,"Luxación congénita de la cadera, unilateral"
Q651,"Luxación congénita de la cadera, bilateral"
Q652,"Luxación congénita de la cadera, no especificada"
Q653,"Subluxación congénita de la cadera, unilateral"
Q820,Linfedema hereditario
Q821,Xeroderma pigmentoso
Q822,Mastocitosis
Q823,Incontinencia pigmentaria
Q810,Epidermólisis bullosa simple
Q811,Epidermólisis bullosa letal
Q812,Epidermólisis bullosa distrófica
Q818,Otras epidermólisis bullosas
Q800,Ictiosis vulgar
Q801,Ictiosis ligada al cromosoma X
Q802,Ictiosis lamelar
Q803,Eritrodermia ictiosiforme vesicular congénita
Q960,"Cariotipo 45,X"
Q961,"Cariotipo 46,X iso (Xq)"
Q962,"Cariotipo 46,X con cromosoma sexual anormal excepto iso (Xq)"
Q963,"Mosaico 45,X/46,XX o XY"
Q964,"Mosaico 45,X/otra(s) línea(s) celular(es) con cromosoma sexual anormal"
Q968,Otras variantes del síndrome de Turner
Q950,Translocación equilibrada e inserción en individuo normal
Q951,Inversión cromosómica en individuo normal
Q952,Reordenamiento autosómico equilibrado en individuo anormal
Q953,Reordenamiento autosómico/sexual equilibrado en individuo anormal
Q954,Individuos con heterocromatina marcadora
Q955,Individuos con sitio frágil autosómico
Q958,Otros reordenamientos equilibrados y marcadores estructurales
Q930,"Monosomía completa de un cromosoma, por falta de disyunción meiótica"
Q931,"Monosomía completa de un cromosoma, mosaico (por falta de disyunción mitótica)"
Q932,Cromosoma reemplazado por anillo o dicéntrico
Q933,Supresión del brazo corto del cromosoma 4
Q920,"Trisomía de un cromosoma completo, por falta de disyunción meiótica"
Q921,"Trisomía de un cromosoma completo, mosaico (por falta de disyunción mitótica)"
Q922,Trisomía parcial mayor
Q923,Trisomía parcial menor
Q924,Duplicaciones visibles sólo en la prometafase
Q925,Duplicaciones con otros reordenamientos complejos
Q910,"Trisomía 18, por falta de disyunción meiótica"
Q911,"Trisomía 18, mosaico (por falta de disyunción mitótica)"
Q912,"Trisomía 18, por translocación"
Q913,"Síndrome de Edwards, no especificado"
Q914,"Trisomía 13, por falta de disyunción meiótica"
Q915,"Trisomía 13, mosaico (por falta de disyunción mitótica)"
Q916,"Trisomía 13, por translocación"
Q900,"Trisomía 21, por falta de disyunción meiótica"
Q901,"Trisomía 21, mosaico (por falta de disyunción mitótica)"
Q902,"Trisomía 21, por translocación"
Q909,"Síndrome de Down, no especificado"
P780,Perforación intestinal perinatal
P781,Otras peritonitis neonatales
P782,Hematemesis y melena neonatales debidas a la deglución de sangre materna
P783,Diarrea neonatal no infecciosa
P788,Otros trastornos perinatales específicos del sistema digestivo
P760,Síndrome del tapón de meconio
P761,Íleo transitorio del recién nacido
P762,Obstrucción intestinal debida a la leche espesa
P768,Otras obstrucciones intestinales especificadas del recién nacido
P769,"Obstrucción intestinal del recién nacido, no especificada"
P830,Esclerema neonatal
P831,Eritema tóxico neonatal
P832,Hidropesía fetal no debida a enfermedad hemolítica
P833,"Otros edemas y los no especificados, propios del feto y del recién nacido"
P834,Ingurgitación mamaria del recién nacido
P835,Hidrocele congénito
P836,Pólipo umbilical del recién nacido
P838,"Otras afecciones especificadas de la piel, propias del feto y del recién nacido"
P839,"Afección no especificada de la piel, propia del feto y del recién nacido"
P810,Hipertermia del recién nacido inducida por las condiciones ambientales
P818,Otras alteraciones especificadas de la regulación de la temperatura del recién nacido
P819,Alteración no especificada de la regulación de la temperatura en el recién nacido
P800,Síndrome del enfriamiento
P808,Otras hipotermias del recién nacido
P809,"Hipotermia del recién nacido, no especificada"
C68,Tumor maligno de otros órganos urinarios y de los no especificados
P940,Miastenia grave neonatal transitoria
P941,Hipertonía congénita
P942,Hipotonía congénita
P948,Otros trastornos del tono muscular en el recién nacido
P949,Trastorno no especificado del tono muscular en el recién nacido
C58,Tumor maligno de la placenta
C48,Tumor maligno del peritoneo y del retroperitoneo
C49,Tumor maligno de otros tejidos conjuntivos y de tejidos blandos
P920,Vómitos del recién nacido
P921,Regurgitación y rumiación del recién nacido
P922,Lentitud en la ingestión de alimentos del recién nacido
P923,Hipoalimentación del recién nacido
P924,Hiperalimentación del recién nacido
P925,Dificultad neonatal en la lactancia materna
C784,Tumor maligno secundario del intestino delgado
C785,Tumor maligno secundario del intestino grueso y del recto
C786,Tumor maligno secundario del peritoneo y del retroperitoneo
C787,Tumor maligno secundario del hígado
C788,Tumor maligno secundario de otros órganos digestivos y de los no especificados
P910,Isquemia cerebral neonatal
P911,Quistes periventriculares adquiridos del recién nacido
P912,Leucomalacia cerebral neonatal
P913,Irritabilidad cerebral neonatal
P914,Depresión cerebral neonatal
P915,Coma neonatal
P916,Encefalopatía hipóxico-isquémica del recién nacido
P918,Otras alteraciones cerebrales especificadas del recién nacido
O640,Trabajo de parto obstruido debido a rotación incompleta de la cabeza fetal
O641,Trabajo de parto obstruido debido a presentación de nalgas
O642,Trabajo de parto obstruido debido a presentación de cara
O643,Trabajo de parto obstruido debido a presentación de frente
O644,Trabajo de parto obstruido debido a presentación de hombro
O645,Trabajo de parto obstruido debido a presentación compuesta
O648,Trabajo de parto obstruido debido a otras presentaciones anormales del feto
O649,Trabajo de parto obstruido debido a presentación anormal del feto no especificada
O630,Prolongación del primer período (del trabajo de parto)
O631,Prolongación del segundo período (del trabajo de parto)
O632,"Retraso de la expulsión del segundo gemelo, del tercero, etc."
O639,"Trabajo de parto prolongado, no especificado"
O620,Contracciones primarias inadecuadas
O621,Inercia uterina secundaria
O622,Otras inercias uterinas
O623,Trabajo de parto precipitado
O624,"Contracciones uterinas hipertónicas, incoordinadas y prolongadas"
O628,Otras anomalías dinámicas del trabajo de parto
O629,"Anomalía dinámica del trabajo de parto, no especificada"
O610,Fracaso de la inducción médica del trabajo de parto
O611,Fracaso de la inducción instrumental del trabajo de parto
O618,Otros fracasos de la inducción del trabajo de parto
O619,Fracaso no especificado de la inducción del trabajo de parto
O600,Trabajo de parto prematuro sin parto
O601,Trabajo de parto prematuro con parto prematuro
O602,Trabajo de parto prematuro con parto a término
O840,"Parto múltiple, todos espontáneos"
O841,"Parto múltiple, todos por fórceps y ventosa extractora"
O842,"Parto múltiple, todos por cesárea"
O848,Otros partos múltiples
O849,"Parto múltiple, no especificado"
O830,Extracción de nalgas
O831,"Otros partos únicos asistidos, de nalgas"
O832,Otros partos únicos con ayuda de manipulación obstétrica
O833,Parto de feto viable en embarazo abdominal
O834,Operación destructiva para facilitar el parto
O838,Otros partos únicos asistidos especificados
O839,"Parto único asistido, sin otra especificación"
O820,Parto por cesárea electiva
O821,Parto por cesárea de emergencia
O822,Parto por cesárea con histerectomía
O828,Otros partos únicos por cesárea
O829,"Parto por cesárea, sin otra especificación"
O810,Parto con fórceps bajo
O811,Parto con fórceps medio
O812,Parto con fórceps medio con rotación
O813,Parto con fórceps de otros tipos y los no especificados
O814,Parto con ventosa extractora
O815,Parto con combinación de fórceps y ventosa extractora
O800,"Parto único espontáneo, presentación cefálica de vértice"
O801,"Parto único espontáneo, presentación de nalgas o podálica"
O808,"Parto único espontáneo, otras presentaciones"
O809,"Parto único espontáneo, sin otra especificación"
O890,Complicaciones pulmonares de la anestesia administrada durante el puerperio
O891,Complicaciones cardíacas de la anestesia administrada durante el puerperio
O892,Complicaciones del sistema nervioso central debidas a la anestesia administrada durante el puerperio
O893,Reacción tóxica a la anestesia local administrada durante el puerperio
O880,"Embolia gaseosa, obstétrica"
O870,Tromboflebitis superficial en el puerperio
O860,nfección de herida quirúrgica obstétrica
C845,Otros linfomas de células T y los no especificados
C13,Tumor maligno de la hipofaringe
C14,"Tumor maligno de otros sitios y de los mal definidos del labio, de la cavidad bucal y de la faringe"
Y22,"Disparo de arma corta, de intención no determinada"
Y23,"Disparo de rifle, escopeta y arma larga, de intención no determinada"
Y24,"Disparo de otras armas de fuego, y las no especificadas, de intención no determinada"
Y25,"Contacto traumático con material explosivo, de intención no determinada"
Y26,"Exposición al humo, fuego y llamas, de intención no determinada"
Y27,"Contacto con vapor de agua, vapores y objetos calientes, de intención no determinada"
X98,"Agresión con vapor de agua, vapores y objetos calientes"
X99,Agresión con objeto cortante
Y00,Agresión con objeto romo o sin filo
Y01,Agresión por empujón desde un lugar elevado
Y02,Agresión por empujar o colocar a la víctima delante de objeto en movimiento
Y03,Agresión por colisión de vehículo de motor
X69,"Envenenamiento autoinfligido intencionalmente por, y exposición a otros productos químicos y sustancias nocivas, y los no especificados"
X70,"Lesión autoinfligida intencionalmente por ahorcamiento, estrangulamiento o sofocación"
X71,Lesión autoinfligida intencionalmente por ahogamiento y sumersión
X72,Lesión autoinfligida intencionalmente por disparo de arma corta
X73,"Lesión autoinfligida intencionalmente por disparo de rifle, escopeta y arma larga"
X74,"Lesión autoinfligida intencionalmente por disparo de otras armas de fuego, y las no especificadas"
X75,Lesión autoinfligida intencionalmente por material explosivo
V98-V99,"Otros accidentes de transporte, y los no especificados"
W00-X59,Otras causas externas de traumatismos accidentales
R620,Retardo del desarrollo
R628,Otras faltas del desarrollo fisiológico normal esperado
R629,"Falta del desarrollo fisiológico normal esperado, sin otra especificación"
R610,Hiperhidrosis localizada
R611,Hiperhidrosis generalizada
R619,"Hiperhidrosis, no especificada"
R600,Edema localizado
R601,Edema generalizado
R609,"Edema, no especificado"
R590,Adenomegalia localizada
R591,Adenomegalia generalizada
R599,"Adenomegalia, no especificada"
R570,Choque cardiogénico
R571,Choque hipovolémico
R578,Otras formas de choque
R579,"Choque, no especificado"
R560,Convulsiones febriles
R568,Otras convulsiones y las no especificadas
R790,Nivel anoral de mineral en la sangre
R798,Otros hallazgos anormales especificados en la química sanguínea
R799,"Hallazgo anormal en la química sanguínea, sin otra especificación"
R780,Hallazgo de alcohol en la sangre
R781,Hallazgo de drogas opiáceas en la sangre
R782,Hallazgo de cocaína en la sangre
R783,Hallazgo de alucinógenos en la sangre
R784,Hallazgo de otras drogas potencialmente adictivas en la sangre
R785,Hallazgo de drogas psicotrópicas en la sangre
R786,Hallazgo de agentes esteroides en la sangre
R787,Hallazgo de niveles anormales de metales pesados en la sangre
R770,Anormalidad de la albúmina
R771,Anormalidad de la globulina
R772,Anormalidad de la alfafetoproteína
R778,Otras anormalidades especificadas de las proteínas plasmáticas
R779,Anormalidades no especificadas de las proteínas plasmáticas
R760,Titulación elevada de anticuerpos
R761,Reacción anormal a la prueba con tuberculina
R762,Falso positivo en la prueba serológica para sífilis
R768,Otros hallazgos inmunológicos anormales especificados en suero
R769,Hallazgos inmunológicos anormales no especificados en suero
R940,Resultados anormales en estudios funcionales del sistema nervioso central
R941,Resultados anormales en estudios funcionales del sistema nervioso periférico y sentidos especiales
R942,Resultados anormales en estudios funcionales del pulmón
R943,Resultados anormales en estudios funcionales cardiovasculares
R944,Resultados anormales en estudios funcionales del riñón
R945,Resultados anormales en estudios funcionales del hígado
R946,Resultados anormales en estudios funcionales de la tiroides
R960,Muerte instantánea
R961,"Muerte que ocurre en menos de 24 horas del inicio de los síntomas, no explicada de otra forma"
Q340,Anomalía de la pleura
Q341,Quiste congénito del mediastino
Q348,Otras malformaciones congénitas especificadas del sistema respiratorio
Q349,"Malformación congénita del sistema respiratorio, no especificada"
Q330,Quiste pulmonar congénito
Q331,Lóbulo pulmonar supernumerario
Q332,Secuestro del pulmón
Q333,Agenesia del pulmón
Q334,Bronquiectasia congénita
Q335,Tejido ectópico en el pulmón
Q336,Hipoplasia y displasia pulmonar
Q338,Otras malformaciones congénitas del pulmón
Q339,"Malformación congénita del pulmón, no especificada"
Q370,Fisura del paladar duro con labio leporino bilateral
Q371,Fisura del paladar duro con labio leporino unilateral
Q372,Fisura del paladar blando con labio leporino bilateral
Q373,Fisura del paladar blando con labio leporino unilateral
Q374,Fisura del paladar duro y del paladar blando con labio leporino bilateral
Q375,Fisura del paladar duro y del paladar blando con labio leporino unilateral
Q378,"Fisura del paladar con labio leporino bilateral, sin otra especificación"
Q379,"Fisura del paladar con labio leporino unilateral, sin otra especificación"
Q450,"Agenesia, aplasia e hipoplasia del páncreas"
Q451,Páncreas anular
Q452,Quiste congénito del páncreas
Q453,Otras malformaciones congénitas del páncreas y del conducto pancreático
Q458,"Otras malformaciones congénitas del sistema digestivo, especificadas"
Q459,"Malformación congénita del sistema digestivo, no especificada"
Q440,"Agenesia, aplasia e hipoplasia de la vesícula biliar"
Q441,Otras malformaciones congénitas de la vesícula biliar
Q442,Atresia de los conductos biliares
Q443,Estrechez y estenosis congénita de los conductos biliares
Q444,Quiste del colédoco
Q445,Otras malformaciones congénitas de los conductos biliares
Q446,Enfermedad quística del hígado
Q447,Otras malformaciones congénitas del hígado
Q430,Divertículo de Meckel
Q431,Enfermedad de Hirschsprung
Q432,Otros trastornos funcionales congénitos del colon
Q433,Malformaciones congénitas de la fijación del intestino
Q434,Duplicación del intestino
Q435,Ano ectópico
Q436,Fístula congénita del recto y del ano
Q437,Persistencia de la cloaca
Q438,"Otras malformaciones congénitas del intestino, especificadas"
Q439,"Malformación congénita del intestino, no especificada"
Q420,"Ausencia, atresia y estenosis congénita del recto, con fístula"
Q421,"Ausencia, atresia y estenosis congénita del recto, sin fístula"
Q422,"Ausencia, atresia y estenosis congénita del ano, con fístula"
Q423,"Ausencia, atresia y estenosis congénita del ano, sin fístula"
Q428,"Ausencia, atresia y estenosis congénita de otras partes del intestino grueso"
Q429,"Ausencia, atresia y estenosis congénita del intestino grueso, parte no especificada"
Q410,"Ausencia, atresia y estenosis congénita del duodeno"
Q411,"Ausencia, atresia y estenosis congénita del yeyuno"
Q412,"Ausencia, atresia y estenosis congénita del íleon"
Q418,"Ausencia, atresia y estenosis congénita de otras partes especificadas del intestino delgado"
Q419,"Ausencia, atresia y estenosis congénita del intestino delgado, parte no especificada"
Q400,Estenosis hipertrófica congénita del píloro
Q401,Hernia hiatal congénita
Q402,"Otras malformaciones congénitas del estómago, especificadas"
Q403,"Malformación congénita del estómago, no especificada"
Q408,Otras malformaciones congénitas de la parte superior del tubo digestivo
Q409,"Malformación congénita de la parte superior del tubo digestivo, no especificada"
Q390,Atresia del esófago sin mención de fístula
Q391,Atresia del esófago con fístula traqueoesofágica
Q392,Fístula traqueoesofágica congénita sin mención de atresia
Q393,Estrechez o estenosis congénita del esófago
Q394,Pterigión del esófago
Q395,Dilatación congénita del esófago
Q396,Divertículo del esófago
Q398,Otras malformaciones congénitas del esófago
Q399,"Malformación congénita del esófago, no especificada"
V20,Motociclista lesionado por colisión con peatón o animal
V21,Motociclista lesionado por colisión con vehículo de pedal
V22,Motociclista lesionado por colisión con vehículo de motor de dos o tres ruedas
V23,"Motociclista lesionado por colisión con automóvil, camioneta o furgoneta"
V10,Ciclista lesionado por colisión con peatón o animal
V11,Ciclista lesionado por colisión con otro ciclista
V12,Ciclista lesionado por colisión con vehículo de motor de dos o tres ruedas
V13,"Ciclista lesionado por colisión con automóvil, camioneta o furgoneta"
V14,Ciclista lesionado por colisión con vehículo de transporte pesado o autobús
V15,Ciclista lesionado por colisión con tren o vehículo de rieles
V16,Ciclista lesionado por colisión con otros vehículos sin motor
V01,Peatón lesionado por colisión con vehículo de pedal
V02,Peatón lesionado por colisión con vehículo de motor de dos o tres ruedas
V03,"Peatón lesionado por colisión con automóvil, camioneta o furgoneta"
V04,Peatón lesionado por colisión con vehículo de transporte pesado o autobús
V05,Peatón lesionado por colisión con tren o vehículo de rieles
V06,Peatón lesionado por colisión con otros vehículos sin motor
V09,"Peatón lesionado en otros accidentes de transporte, y en los no especificados"
Q560,"Hermafroditismo, no clasificado en otra parte"
Q561,"Seudohermafroditismo masculino, no clasificado en otra parte"
Q562,"Seudohermafroditismo femenino, no clasificado en otra parte"
Q563,"Seudohermafroditismo, no especificado"
Q564,"Sexo indeterminado, sin otra especificación"
Y360,Operaciones de guerra con explosión de armamento naval
Y361,Operaciones de guerra con destrucción de aeronave
Y362,Operaciones de guerra con otras explosiones y esquirlas
Y363,Operaciones de guerra con fuego y sustancias incendiarias y calientes
Y364,Operaciones de guerra con disparo de arma de fuego y otras formas de guerra convencional
Y350,Intervención legal con disparo de arma de fuego
Y351,Intervención legal con explosivos
Y352,Intervención legal con gas
Y60,"Corte, punción, perforación o hemorragia no intencional durante la atención médica y quirúrgica"
Y61,Objeto extraño dejado accidentalmente en el cuerpo durante la atención médica y quirúrgica
Y40,Efectos adversos de antibióticos sistémicos
Y41,Efectos adversos de otros antiinfecciosos y antiparasitarios sistémicos
Q780,Osteogénesis imperfecta
Q781,Displasia poliostótica fibrosa
Q782,Osteopetrosis
Q783,Displasia diafisaria progresiva
Q784,Encondromatosis
Q770,Acondrogénesis
Q771,Enanismo tanatofórico
Q772,Síndrome de costilla corta
Q773,Condrodisplasia punctata
Q760,Espina bífida oculta
Q761,Síndrome de Klippel–Feil
Q762,Espondilolistesis congénita
Q763,Escoliosis congénita debida a malformación congénita ósea
Q764,"Otra malformacion congenita de la columna vertebral, no asociada con escoliosis"
Q765,Costilla cervical
Q750,Craneosinostosis
Q751,Disostosis craneofacial
Q752,Hipertelorismo
Q753,Macrocefalia
Q754,Disostosis maxilofacial
Q740,"Otras malformaciones congénitas del (de los) miembro(s) superior(es), incluida la cintura escapular"
Q741,Malformación congénita de la rodilla
Q742,"Otras malformaciones congénitas del (de los) miembro(s) inferior(es), incluida la cintura pelviana"
Q743,Artrogriposis múltiple congénita
Q748,Otras malformaciones congénitas especificadas del (de los) miembro(s)
Q749,"Malformación congénita de miembro(s), no especificada"
Q730,Ausencia completa de miembro(s) no especificado(s)
Q731,"Focomelia, miembro(s) no especificado(s)"
Q738,Otros defectos por reducción de miembro(s) no especificado(s)
Q720,Ausencia congénita completa del (de los) miembro(s) inferior(es)
Q721,Ausencia congénita del muslo y de la pierna con presencia del pie
Q722,Ausencia congénita de la pierna y del pie
Q723,Ausencia congénita del pie y dedo(s) del pie
Q710,Ausencia congénita completa del (de los) miembro(s) superior(es)
Q711,Ausencia congénita del brazo y del antebrazo con presencia de la mano
Q712,Ausencia congénita del antebrazo y de la mano
Q713,Ausencia congénita de la mano y el (los) dedo(s)
Q714,Defecto por reducción longitudinal del radio
Q715,Defecto por reducción longitudinal del cúbito
Q716,Mano en pinza de langosta
Q718,Otros defectos por reducción del (de los) miembro(s) superior(es)
Q700,Fusión de los dedos de la mano
Q701,Membrana interdigital de la mano
Q702,Fusión de los dedos del pie
Q703,Membrana interdigital del pie
Q704,Polisindactilia
Q709,"Sindactilia, no especificada"
Q890,Malformaciones congénitas del bazo
Q891,Malformaciones congénitas de la glándula suprarrenal
Q892,Malformaciones congénitas de otras glándulas endocrinas
Q893,Situs inversus
Q894,Gemelos siameses
Q897,"Malformaciones congénitas múltiples, no clasificadas en otra parte"
Q898,"Otras malformaciones congénitas, especificadas"
Q899,"Malformación congénita, no especificada"
Q870,Síndromes de malformaciones congénitas que afectan principalmente la apariencia facial
Q871,Síndromes de malformaciones congénitas asociadas principalmente con estatura baja:
Q872,Síndromes de malformaciones congénitas que afectan principalmente los miembros
Q873,Síndromes de malformaciones congénitas con exceso de crecimiento precoz
Q874,Síndrome de Marfan
Q875,Otros síndromes de malformaciones congénitas con otros cambios esqueléticos
Q878,"Otros síndromes de malformaciones congénitas especificados, no clasificados en otra parte"
Q860,Síndrome fetal (dismórfico) debido al alcohol
Q861,Síndrome de hidantoína fetal
Q862,Dismorfismo debido a warfarina
Q868,Otros síndromes de malformaciones congénitas debidos a causas exógenas conocidas
Q850,Neurofibromatosis (no maligna)
Q851,Esclerosis tuberosa
Q858,"Otras facomatosis, no clasificadas en otra parte"
Q859,"Facomatosis, no especificada"
Q840,Alopecia congénita
Q841,"Alteraciones morfológicas congénitas del pelo, no clasificadas en otra parte"
Q842,Otras malformaciones congénitas del pelo
Q843,Anoniquia
Q844,Leuconiquia congénita
Q845,Agrandamiento e hipertrofia de las uñas
Q846,Otras malformaciones congénitas de las uñas
Q848,"Otras malformaciones congénitas de las faneras, especificadas"
Q849,"Malformación congénita de las faneras, no especificada"
Q830,Ausencia congénita de la mama con ausencia del pezón
Q831,Mama supernumeraria
Q832,Ausencia de pezón
Q833,Pezón supernumerario
Q838,Otras malformaciones congénitas de la mama
Q839,"Malformación congénita de la mama, no especificad"
Q990,"Quimera 46,XX/46,XY"
Q991,"Hermafrodita verdadero 46,XX"
Q992,Cromosoma X frágil
Q998,"Otras anomalías de los cromosomas, especificadas"
Q999,"Anomalía cromosómica, no especificada"
Q980,"Síndrome de Klinefelter, cariotipo 47,XXY"
Q981,"Síndrome de Klinefelter, hombre con más de dos cromosomas X"
Q982,"Síndrome de Klinefelter, hombre con cariotipo 46,XX"
Q983,"Otro hombre con cariotipo 46,XX"
Q984,"Síndrome de Klinefelter, no especificado"
Q985,"Cariotipo 47,XYY"
Q986,Hombre con cromosoma sexual estructuralmente anormal
Q987,Hombre con mosaico de cromosomas sexuales
Q988,"Otras anomalías de los cromosomas sexuales, con fenotipo masculino, especificadas"
Q970,"Cariotipo 47,XXX"
Q971,Mujer con más de tres cromosomas X
Q972,"Mosaico, líneas con número variable de cromosomas X"
Q973,"Mujer con cariotipo 46,XY"
Q978,"Otras anomalías de los cromosomas sexuales, con fenotipo femenino, especificadas"
Q979,"Anomalía de los cromosomas sexuales, con fenotipo femenino, sin otra especificación"
C020,Tumor maligno de la cara dorsal de la lengua
C021,Tumor maligno del borde de la lengua
C022,Tumor maligno de la cara ventral de la lengua
C023,"Tumor maligno de los dos tercios anteriores de la lengua, parte no especificada"
C024,Tumor maligno de la amígdala lingual
C028,Lesión de sitios contiguos de la lengua
C029,"Tumor maligno de la lengua, parte no especificada"
C000,"Tumor maligno del labio superior, cara externa"
C001,"Tumor maligno del labio inferior, cara externa"
C002,"Tumor maligno del labio, cara externa, sin otra especificación"
C003,"Tumor maligno del labio superior, cara interna"
C004,"Tumor maligno del labio inferior, cara interna"
C005,"Tumor maligno del labio, cara interna, sin otra especificación"
C006,Tumor maligno de la comisura labial
C008,Lesión de sitios contiguos del labio
C009,"Tumor maligno del labio, parte no especificada"
C170,Tumor maligno del duodeno
C171,Tumor maligno del yeyuno
C172,Tumor maligno del íleon
C173,Tumor maligno del divertículo de Meckel
C178,Lesión de sitios contiguos del intestino delgado
C179,"Tumor maligno del intestino delgado, parte no especificada"
C160,Tumor maligno del cardias
C161,Tumor maligno del fundus gástrico
C162,Tumor maligno del cuerpo del estómago
C163,Tumor maligno del antro pilórico
C150,"Tumor maligno del esófago, porción cervical"
C151,"Tumor maligno del esófago, porción torácica"
C152,"Tumor maligno del esófago, porción abdominal"
C153,Tumor maligno del tercio superior del esófago
C154,Tumor maligno del tercio medio del esófago
C155,Tumor maligno del tercio inferior del esófago
C158,Lesión de sitios contiguos del esófago
C159,"Tumor maligno del esófago, parte no especificada"
C380,Tumor maligno del corazón
C381,Tumor maligno del mediastino anterior
C382,Tumor maligno del mediastino posterior
C383,"Tumor maligno del mediastino, parte no especificada"
C384,Tumor maligno de la pleura
C340,Tumor maligno del bronquio principal
C341,"Tumor maligno del lóbulo superior, bronquio o pulmón"
C342,"Tumor maligno del lóbulo medio, bronquio o pulmón"
C343,"Tumor maligno del lóbulo inferior, bronquio o pulmón"
C348,Lesión de sitios contiguos de los bronquios y del pulmón
C349,"Tumor maligno de los bronquios o del pulmón, parte no especificada"
R829,Otros hallazgos anormales en la orina y los no especificados
C320,Tumor maligno de la glotis
C321,Tumor maligno de la región supraglótica
C322,Tumor maligno de la región subglótica
C323,Tumor maligno del cartílago laríngeo
C328,Lesión de sitios contiguos de la laringe
C329,"Tumor maligno de la laringe, parte no especificada"
C310,Tumor maligno del seno maxilar
C311,Tumor maligno del seno etmoidal
C312,Tumor maligno del seno frontal
C313,Tumor maligno del seno esfenoidal
C318,Lesión de sitios contiguos de los senos paranasales
C319,Tumor maligno de seno paranasal no especificado
C300,Tumor maligno de la fosa nasal
C301,Tumor maligno del oído medio
C410,Tumor maligno de los huesos del cráneo y de la cara
C411,Tumor maligno del hueso del maxilar inferior
C412,Tumor maligno de la columna vertebral
C413,"Tumor maligno de la costilla, esternón y clavícula"
C414,"Tumor maligno de los huesos de la pelvis, sacro y cóccix"
C418,Lesión de sitios contiguos del hueso y del cartílago articular
C419,"Tumor maligno del hueso y del cartílago articular, no especificado"
C400,Tumor maligno del omóplato y de los huesos largos del miembro superior
C401,Tumor maligno de los huesos cortos del miembro superior
C402,Tumor maligno de los huesos largos del miembro inferior
C403,Tumor maligno de los huesos cortos del miembro inferior
C408,Lesión de sitios contiguos de los huesos y de los cartílagos articulares de los miembros
C409,"Tumor maligno de los huesos y de los cartílagos articulares de los miembros, sin otra especificación"
Q313,Laringocele
Q315,Laringomalacia congénita
Q318,Otras malformaciones congénitas de la laringe
Q319,"Malformación congénita de la laringe, no especificada"
P960,Insuficiencia renal congénita
P961,Síntomas neonatales de abstinencia por drogadicción materna
P962,Síntomas de abstinencia por el uso terapéutico de drogas en el recién nacido
P963,Amplitud de las suturas craneales del recién nacido
P964,"Terminación del embarazo, afectando al feto y recién nacido"
P965,"Complicaciones de procedimientos intrauterinos, no clasificados en otra parte"
P968,Otras afecciones especificadas originadas en el período perinatal
P969,Afección no especificada originada en el período perinatal
Q308,Otras malformaciones congénitas de la nariz
Q309,"Malformación congénita de la nariz, no especificada"
O700,Desgarro perineal de primer grado durante el parto
O701,Desgarro perineal de segundo grado durante el parto
O702,Desgarro perineal de tercer grado durante el parto
O703,Desgarro perineal de cuarto grado durante el parto
O709,"Desgarro perineal durante el parto, de grado no especificado"
O690,Trabajo de parto y parto complicados por prolapso del cordón umbilical
O691,"Trabajo de parto y parto complicados por circular pericervical del cordón, con compresión"
O692,Trabajo de parto y parto complicados por otros enredos del cordón
O693,Trabajo de parto y parto complicados por cordón umbilical corto
O694,Trabajo de parto y parto complicados por vasa previa
O695,Trabajo de parto y parto complicados por lesion vascular del cordon
O698,Trabajo de parto y parto complicados por otros problemas del cordón umbilical
O699,Trabajo de parto y parto complicados por problemas no especificados del cordón umbilical
O680,Trabajo de parto y parto complicados por anomalía de la
O681,Trabajo de parto y parto complicados por la presencia de meconio en el líquido amniótico
O682,Trabajo de parto y parto complicados por anomalía de la frecuencia cardíaca fetal asociada con presencia de meconio en el líquido amniótico
O683,Trabajo de parto y parto complicados por evidencia bioquímica de sufrimiento fetal
O688,Trabajo de parto y parto complicados por otras evidencias de sufrimiento fetal
O670,Hemorragia intraparto con defectos de la coagulación
O678,Otras hemorragias intraparto
O679,"Hemorragia intraparto, no especificada"
O660,Trabajo de parto obstruido debido a distocia de hombros
O661,Trabajo de parto obstruido debido a distocia gemelar
O662,Trabajo de parto obstruido debido a distocia por feto inusualmente grande
O663,Trabajo de parto obstruido debido a otras anormalidades del feto
O664,"Fracaso de la prueba del trabajo de parto, no especificada"
O665,Fracaso no especificado de la aplicación de fórceps o de ventosa extractora
O668,Otras obstrucciones especificadas del trabajo de parto
O669,"Trabajo de parto obstruido, sin otra especificación"
O650,Trabajo de parto obstruido debido a deformidad de la pelvis
O651,Trabajo de parto obstruido debido a estrechez general de la pelvis
O652,Trabajo de parto obstruido debido a disminución del estrecho superior de la pelvis
O653,Trabajo de parto obstruido debido a disminución del estrecho inferior de la pelvis
O654,"Trabajo de parto obstruido debido a desproporción fetopelviana, sin otra especificación"
O920,Retracción del pezón asociada con el parto
O921,Fisuras del pezón asociadas con el parto
O922,Otros trastornos de la mama y los no especificados asociados con el parto
O923,Agalactia
O924,Hipogalactia
O925,Supresión de la lactancia
O926,Galactorrea
O927,Otros trastornos y los no especificados de la lactancia
O910,Infecciones del pezón asociadas con el parto
O911,Absceso de la mama asociado con el parto
O912,Mastitis no purulenta asociada con el parto
O900,Dehiscencia de sutura de cesárea
O901,Dehiscencia de sutura obstétrica perineal
O902,Hematoma de herida quirúrgica obstétrica
O903,Cardiomiopatía en el puerperio
O904,Insuficiencia renal aguda postparto
O905,Tiroiditis postparto
O908,"Otras complicaciones puerperales, no clasificadas en otra parte"
O909,"Complicación puerperal, no especificada"
O990,"Anemia que complica el embarazo, el parto y el puerperio"
O991,"Otras enfermedades de la sangre y de los órganos hematopoyéticos y ciertos trastornos que afectan el sistema inmunitario cuando complican el embarazo, el parto y el puerperio"
O992,"Enfermedades endocrinas, de la nutrición y del metabolismo que complican el embarazo, el parto y el puerperio"
O993,"Trastornos mentales y enfermedades del sistema nervioso que complican el embarazo, el parto y el puerperio"
O994,"Enfermedades del sistema circulatorio que complican el embarazo, el parto y el puerperio"
O995,"Enfermedades del sistema respiratorio que complican el embarazo, el parto y el puerperio"
O996,"Enfermedades del sistema digestivo que complican el embarazo, el parto y el puerperio"
O997,"Enfermedades de la piel y del tejido subcutáneo que complican el embarazo, el parto y el puerperio"
O998,"Otras enfermedades especificadas y afecciones que complican el embarazo, el parto y el puerperio"
O980,"Tuberculosis que complica el embarazo, el parto y el puerperio"
O981,"Sífilis que complica el embarazo, el parto y el puerperio"
O982,"Gonorrea que complica el embarazo, el parto y el puerperio"
O983,"Otras infecciones con un modo de transmisión predominantemente sexual que complican el embarazo, el parto y el puerperio"
O984,"Hepatitis viral que complica el embarazo, el parto y el puerperio"
O985,"Otras enfermedades virales que complican el embarazo, el parto y el puerperio"
O986,"Enfermedades causadas por protozoarios que complican el embarazo, el parto y el puerperio"
O988,"Otras enfermedades infecciosas y parasitarias maternas que complican el embarazo, el parto y el puerperio"
Q387,Divertículo faríngeo
Q388,Otras malformaciones congénitas de la faringe
Q528,"Otras malformaciones congénitas de los órganos genitales femeninos, especificadas"
Q529,"Malformación congénita de los genitales femeninos, no especificada"
Q518,Otras malformaciones congénitas del útero y del cuello uterino
Q519,"Malformación congénita del útero y del cuello uterino, no especificada"
Q639,"Malformación congénita del riñón, no especificada"
Q628,Otras malformaciones congénitas del uréter
Q676,Tórax excavado
Q677,Tórax en quilla
Q678,Otras deformidades congénitas del tórax
Q663,Otras deformidades varus congénitas de los pies
Q664,Talipes calcaneovalgus
Q665,Pie plano congénito
Q666,Otras deformidades valgus congénitas de los pies
Q667,Pie cavus
Q668,Otras deformidades congénitas de los pies
Q669,"Deformidad congénita de los pies, no especificada"
Q654,"Subluxación congénita de la cadera, bilateral"
Q655,"Subluxación congénita de la cadera, no especificada"
Q656,Cadera inestable
Q658,Otras deformidades congénitas de la cadera
Q659,"Deformidad congénita de la cadera, no especificada"
Q824,Displasia ectodérmica (anhidrótica)
Q825,"Nevo no neoplásico, congénito"
Q828,"Otras malformaciones congénitas de la piel, especificadas"
Q829,"Malformación congénita de la piel, no especificada"
Q819,"Epidermólisis bullosa, no especificada"
Q804,Feto arlequín
Q808,Otras ictiosis congénitas
Q809,"Ictiosis congénita, no especificada"
Q969,"Síndrome de Turner, no especificado"
Q959,"Reordenamiento equilibrado y marcador estructural, sin otra especificación"
Q934,Supresión del brazo corto del cromosoma 5
Q935,Otras supresiones de parte de un cromosoma
Q936,Supresiones visibles sólo en la prometafase
Q937,Supresiones con otros reordenamientos complejos
Q938,Otras supresiones de los autosomas
Q939,"Supresión de los autosomas, no especificada"
Q926,Cromosomas marcadores suplementarios
Q927,Triploidía y poliploidía
Q928,"Otras trisomías y trisomías parciales de los autosomas, especificadas"
Q929,"Trisomía y trisomía parcial de los autosomas, sin otra especificación"
Q917,"Síndrome de Patau, no especificado"
P789,"Trastorno perinatal del sistema digestivo, no especificado"
P928,Otros problemas de alimentación del recién nacido
P929,Problema no especificado de la alimentación del recién nacido
P919,Alteración cerebral no especificada del recién nacido
O894,Cefalalgia inducida por la anestesia espinal o epidural administradas durante el puerperio
O895,Otras complicaciones de la anestesia espinal o epidural administradas durante el puerperio
O896,Falla o dificultad de intubación durante el puerperio
O898,Otras complicaciones de la anestesia administrada durante el puerperio
O899,Complicación no especificada de la anestesia administrada durante el puerperio
O881,Embolia de líquido amniótico
O882,"Embolia de coágulo sanguíneo, obstétrica"
O883,"Embolia séptica y piémica, obstétrica"
O888,Otras embolias obstétricas
O871,Flebotrombosis profunda en el puerperio
O872,Hemorroides en el puerperio
O873,Trombosis venosa cerebral en el puerperio
O878,Otras complicaciones venosas en el puerperio
O879,"Complicación venosa en el puerperio, no especificada"
O861,Otras infecciones genitales consecutivas al parto
O862,Infección de las vías urinarias consecutiva al parto
O863,Otras infecciones de las vías genitourinarias consecutivas al parto
O864,Pirexia de origen desconocido consecutiva al parto
O868,Otras infecciones puerperales especificadas
Y28,"Contacto traumático con objeto cortante, de intención no determinada"
Y29,"Contacto traumático con objeto romo o sin filo, de intención no determinada"
Y30,"Caída, salto o empujón desde lugar elevado, de intención no determinada"
Y31,"Caída, permanencia o carrera delante o hacia objeto en movimiento, de intención no determinada"
Y32,"Colisión de vehículo de motor, de intención no determinada"
Y04,Agresión con fuerza corporal
Y05,Agresión sexual con fuerza corporal
Y06,Negligencia y abandono
Y07,Otros síndromes de maltrato
Y08,Agresión por otros medios especificados
Y09,Agresión por medios no especificados
X76,"Lesión autoinfligida intencionalmente por humo, fuego y llamas"
X77,"Lesión autoinfligida intencionalmente por vapor de agua, vapores y objetos calientes"
X78,Lesión autoinfligida intencionalmente por objeto cortante
X79,Lesión autoinfligida intencionalmente por objeto romo o sin filo
X80,Lesión autoinfligida intencionalmente al saltar desde un lugar elevado
X81,Lesión autoinfligida intencionalmente por arrojarse o colocarse delante de objeto en movimiento
R680,Hipotermia no asociada con baja temperatura del ambiente
R681,Síntomas no específicos propios de la infancia
R682,"Boca seca, no especificada"
R683,Dedos de la mano deformes
R688,Otros síntomas y signos generales especificados
R630,Anorexia
R631,Polidipsia
R632,Polifagia
R633,Dificultades y mala administración de la alimentación
R634,Pérdida anormal de peso
R635,Aumento anormal de peso
R638,Otros síntomas y signos concernientes a la alimentación y a la ingestión de líquidos
V95,"Accidente de aeronave de motor, con ocupante lesionado"
V96,"Accidente de aeronave sin motor, con ocupante lesionado"
V97,Otros accidentes de transporte aéreo especificados
V90,Accidente de embarcación que causa ahogamiento y sumersión
V91,Accidente de embarcación que causa otros tipos de traumatismo
V92,"Ahogamiento y sumersión relacionados con transporte por agua, sin accidente a la embarcación"
V93,"Accidente en una embarcación, sin accidente a la embarcación, que no causa ahogamiento o sumersión"
V80,Jinete u ocupante de vehículo de tracción animal lesionado en accidente de transporte
V81,Ocupante de tren o vehículo de rieles lesionado en accidente de transporte
V82,Ocupante de tranvía lesionado en accidente de transporte
V83,Ocupante de vehículo especial (de motor) para uso principalmente en plantas industriales lesionado en accidente de transporte
V84,Ocupante de vehículo especial (de motor) para uso principalmente en agricultura lesionado en accidente de transporte
V85,Ocupante de vehículo especial (de motor) para construcción lesionado en accidente de transporte
V70,Ocupante de autobús lesionado por colisión con peatón o animal
V71,Ocupante de autobús lesionado por colisión con vehículo de pedal
V72,Ocupante de autobús lesionado por colisión con vehículo de motor de dos o tres ruedas
V73,"Ocupante de autobús lesionado por colisión con automóvil, camioneta o furgoneta"
V60,Ocupante de vehículo de transporte pesado lesionado por colisión con peatón o animal
V61,Ocupante de vehículo de transporte pesado lesionado por colisión con vehículo de pedal
V62,Ocupante de vehículo de transporte pesado lesionado por colisión con vehículo de motor de dos o tres ruedas
V63,"Ocupante de vehículo de transporte pesado lesionado por colisión con automóvil, camioneta o furgoneta"
V64,Ocupante de vehículo de transporte pesado lesionado por colisión con otro vehículo de transporte pesado o autobús
V65,Ocupante de vehículo de transporte pesado lesionado por colisión con tren o vehículo de rieles
V50,Ocupante de camioneta o furgoneta lesionado por colisión con peatón o animal
V51,Ocupante de camioneta o furgoneta lesionado por colisión con vehículo de pedal
V52,Ocupante de camioneta o furgoneta lesionado por colisión con vehículo de motor de dos o tres ruedas
V53,"Ocupante de camioneta o furgoneta lesionado por colisión con automóvil, camioneta o furgoneta"
V54,Ocupante de camioneta o furgoneta lesionado por colisión con vehículo de transporte pesado o autobús
V55,Ocupante de camioneta o furgoneta lesionado por colisión con tren o vehículo de rieles
V56,Ocupante de camioneta o furgoneta lesionado por colisión con otros vehículos sin motor
R788,Hallazgo de otras sustancias especificadas que normalmente no se encuentran en la sangre
R789,Hallazgo de sustancia no especificada que normalmente no se encuentra en la sangre
V40,Ocupante de automóvil lesionado por colisión con peatón o animal
V41,Ocupante de automóvil lesionado por colisión con vehículo de pedal
V42,Ocupante de automóvil lesionado por colisión con vehículo de motor de dos o tres ruedas
V43,"Ocupante de automóvil lesionado por colisión con otro automóvil, camioneta o furgoneta"
V44,Ocupante de automóvil lesionado por colisión con vehículo de transporte pesado o autobús
V30,Ocupante de vehículo de motor de tres ruedas lesionado por colisión con peatón o animal
V31,Ocupante de vehículo de motor de tres ruedas lesionado por colisión con vehículo de pedal
V32,Ocupante de vehículo de motor de tres ruedas lesionado por colisión con otro vehículo de motor de dos o tres ruedas
V33,"Ocupante de vehículo de motor de tres ruedas lesionado por colisión con automóvil, camioneta o furgoneta"
V34,Ocupante de vehículo de motor de tres ruedas lesionado por colisión con vehículo de transporte pesado o autobús
V35,Ocupante de vehículo de motor de tres ruedas lesionado por colisión con tren o vehículo de rieles
R947,Resultados anormales en otros estudios funcionales endocrinos
R948,Resultados anormales en los estudios funcionales de otros órganos y sistemas
V24,Motociclista lesionado por colisión con vehículo de transporte pesado o autobús
V25,Motociclista lesionado por colisión con tren o vehículo de rieles
V26,Motociclista lesionado por colisión con otros vehículos sin motor
V27,Motociclista lesionado por colisión con objeto fijo o estacionado
V28,Motociclista lesionado en accidente de transporte sin colisión
V29,"Motociclista lesionado en otros accidentes de transporte, y en los no especificados"
V17,Ciclista lesionado por colisión con objeto estacionado o fijo
V18,Ciclista lesionado en accidente de transporte sin colisión
V19,"Ciclista lesionado en otros accidentes de transporte, y en los no especificados"
Y365,Operaciones de guerra con armas nucleares
Y366,Operaciones de guerra con armas biológicas
Y367,Operaciones de guerra con armas químicas y otras formas de guerra no convencional
Y368,Operaciones de guerra que ocurren después del cese de hostilidades
Y369,Operación de guerra no especificada
Y353,Intervención legal con objetos romos o sin filo
Y354,Intervención legal con objetos cortantes
Y355,Ejecución legal
Y356,Intervención legal con otros medios especificados
Y357,"Intervención legal, medios no especificados"
Y62,Fallas en la esterilización durante la atención médica y quirúrgica
Y63,Falla en la dosificación durante la atención médica y quirúrgica
Y64,Medicamentos o sustancias biológicas contaminados
Y65,Otros incidentes durante la atención médica y quirúrgica
Y66,No administración de la atención médica y quirúrgica
Y69,Incidentes no especificados durante la atención médica y quirúrgica
Y42,"Efectos adversos de hormonas y sus sustitutos sintéticos y antagonistas, no clasificados en otra parte"
Y43,Efectos adversos de agentes sistémicos primarios
Y44,Efectos adversos de agentes que afectan primariamente los constituyentes de la sangre
Y45,"Efectos adversos de drogas analgésicas, antipiréticas y antiinflamatorias"
Y46,Efectos adversos de drogas antiepilépticas y antiparkinsonianas
Y47,"Efectos adversos de drogas sedantes, hipnóticas y ansiolíticas"
Y48,Efectos adversos de gases anestésicos y terapéuticos
Y49,"Efectos adversos de drogas psicotrópicas, no clasificadas en otra parte"
Y50,"Efectos adversos de estimulantes del sistema nervioso central, no clasificados en otra parte"
Y51,Efectos adversos de drogas que afectan primariamente el sistema nervioso autónomo
Q785,Displasia metafisaria
Q786,Exostosis congénita múltiple
Q788,Otras osteocondrodisplasias especificadas
Q789,"Osteocondrodisplasia, no especificada"
Q774,Acondroplasia
Q775,Displasia distrófica
Q776,Displasia condroectodérmica
Q777,Displasia espondiloepifisaria
Q778,Otras osteocondrodisplasias con defectos del crecimiento de los huesos largos y de la columna vertebral
Q779,"Osteocondrodisplasia con defectos del crecimiento de los huesos largos y de la columna vertebral, sin otra especificación"
Q766,Otras malformaciones congenitas de las costillas
Q767,Malformación congénita del esternón
Q768,Otras malformaciones congénitas del tórax óseo
Q769,"Malformación congénita del tórax óseo, no especificada"
Q755,Disostosis oculomaxilar
Q758,Otras malformaciones congénitas especificadas de los huesos del cráneo y de la cara
Q759,Malformación congénita no especificada de los huesos del cráneo y de la cara
Q724,Defecto por reducción longitudinal del fémur
Q725,Defecto por reducción longitudinal de la tibia
Q726,Defecto por reducción longitudinal del peroné
Q727,Pie hendido
Q728,Otros defectos por reducción del (de los) miembro(s) inferior(es)
Q729,"Defecto por reducción del miembro inferior, no especificado"
Q719,"Defecto por reducción del miembro superior, no especificado"
Q989,"Anomalía de los cromosomas sexuales, fenotipo masculino, sin otra especificación"
C164,Tumor maligno del píloro
C165,"Tumor maligno de la curvatura menor del estómago, sin otra especificación"
C166,"Tumor maligno de la curvatura mayor del estómago, sin otra especificación"
C168,Lesión de sitios contiguos del estómago
C169,"Tumor maligno del estómago, parte no especificada"
C388,"Lesión de sitios contiguos del corazón, del mediastino y de la pleura"
O689,"Trabajo de parto y parto complicados por sufrimiento fetal, sin otra especificación"
O655,Trabajo de parto obstruido debido a anomalías de los órganos pelvianos maternos
O658,Trabajo de parto obstruido debido a otras anomalías pelvianas maternas
O659,Trabajo de parto obstruido debido a anomalía pelviana no especificada
O989,"Enfermedad infecciosa y parasitaria materna no especificada que complica el embarazo, el parto y el puerperio"
Y33,"Otros eventos especificados, de intención no determinada"
Y34,"Evento no especificado, de intención no determinada"
X82,Lesión autoinfligida intencionalmente por colisión de vehículo de motor
X83,Lesión autoinfligida intencionalmente por otros medios especificados
X84,Lesión autoinfligida intencionalmente por medios no especificados
W00-W19,Caídas
W00,Caída en el mismo nivel por hielo o nieve
W01,"Caída en el mismo nivel por deslizamiento, tropezón y traspié"
W02,"Caída por patines para hielo, esquís, patines de ruedas o patineta"
W03,Otras caídas en el mismo nivel por colisión con o por empujón de otra persona
V98,Otros accidentes de transporte especificados
V99,Accidente de transporte no especificado
C140,"Tumor maligno de la faringe, parte no especificada"
C142,Tumor maligno del anillo de Waldeyer
C148,"Lesión de sitios contiguos del labio, de la cavidad bucal y de la faringe"
C130,Tumor maligno de la región postcricoidea
C131,"Tumor maligno del pliegue aritenoepiglótico, cara hipofaríngea"
C132,Tumor maligno de la pared posterior de la hipofaringe
C138,Lesión de sitios contiguos de la hipofaringe
C139,"Tumor maligno de la hipofaringe, parte no especificada"
C490,"Tumor maligno del tejido conjuntivo y tejido blando de la cabeza, cara y cuello"
C491,"Tumor maligno del tejido conjuntivo y tejido blando del miembro superior, incluido el hombro"
C492,"Tumor maligno del tejido conjuntivo y tejido blando del miembro inferior, incluida la cadera"
C493,Tumor maligno del tejido conjuntivo y tejido blando del tórax
C494,Tumor maligno del tejido conjuntivo y tejido blando del abdomen
C495,Tumor maligno del tejido conjuntivo y tejido blando de la pelvis
C496,"Tumor maligno del tejido conjuntivo y tejido blando del tronco, sin otra especificación"
C498,Lesión de sitios contiguos del tejido conjuntivo y del tejido blando
C499,"Tumor maligno del tejido conjuntivo y tejido blando, de sitio no especificado"
C480,Tumor maligno del retroperitoneo
C481,Tumor maligno de parte especificada del peritoneo
C482,"Tumor maligno del peritoneo, sin otra especificación"
C488,Lesión de sitios contiguos del peritoneo y del retroperitoneo
C470,"Tumor maligno de los nervios periféricos de la cabeza, cara y cuello"
C471,"Tumor maligno de los nervios periféricos del miembro superior, incluido el hombro"
C472,"Tumor maligno de los nervios periféricos del miembro inferior, incluida la cadera"
C473,Tumor maligno de los nervios periféricos del tórax
C474,Tumor maligno de los nervios periféricos del abdomen
C475,Tumor maligno de los nervios periféricos de la pelvis
C570,Tumor maligno de la trompa de Falopio
C571,Tumor maligno del ligamento ancho
C572,Tumor maligno del ligamento redondo
C573,Tumor maligno del parametrio
C574,"Tumor maligno de los anexos uterinos, sin otra especificación"
C577,Tumor maligno de otras partes especificadas de los órganos genitales femeninos
C578,Lesión de sitios contiguos de los órganos genitales femeninos
C579,"Tumor maligno de órgano genital femenino, parte no especificada"
C680,Tumor maligno de la uretra
C681,Tumor maligno de las glándulas parauretrales
C688,Lesión de sitios contiguos de los órganos urinarios
C689,Tumor maligno de órgano urinario no especificado
C720,Tumor maligno de la médula espinal
C721,Tumor maligno de la cola de caballo
C722,Tumor maligno del nervio olfatorio
C723,Tumor maligno del nervio óptico
C724,Tumor maligno del nervio acústico
C725,Tumor maligno de otros nervios craneales y los no especificados
C728,Lesión de sitios contiguos del encéfalo y otras partes del sistema nervioso central
C729,"Tumor maligno del sistema nervioso central, sin otra especificación"
Y83,"Cirugía y otros procedimientos quirúrgicos como la causa de reacción anormal del paciente o de complicación posterior, sin mención de incidente en el momento de efectuar el procedimiento"
Y84,"Otros procedimientos médicos como la causa de reacción anormal del paciente o de complicación posterior, sin mención de incidente en el momento de efectuar el procedimiento"
Y70,Dispositivos de anestesiología asociados con incidentes adversos
Y71,Dispositivos cardiovasculares asociados con incidentes adversos
Y72,Dispositivos otorrinolaringológicos asociados con incidentes adversos
Y73,Dispositivos de gastroenterología y urología asociados con incidentes adversos
Y74,Dispositivos para uso hospitalario general y personal asociados con incidentes adversos
Y75,Dispositivos neurológicos asociados con incidentes adversos
Q790,Hernia diafragmática congénita
Q791,Otras malformaciones congénitas del diafragma
Q792,Exónfalos
Q793,Gastrosquisis
Q794,Síndrome del abdomen en ciruela pasa
C110,Tumor maligno de la pared superior de la nasofaringe
C111,Tumor maligno de la pared posterior de la nasofaringe
C112,Tumor maligno de la pared lateral de la nasofaringe
C113,Tumor maligno de la pared anterior de la nasofaringe
C118,Lesión de sitios contiguos de la nasofaringe
C119,"Tumor maligno de la nasofaringe, parte no especificada"
C100,Tumor maligno de la valécula
C101,Tumor maligno de la cara anterior de la epiglotis
C102,Tumor maligno de la pared lateral de la orofaringe
C103,Tumor maligno de la pared posterior de la orofaringe
C104,Tumor maligno de la hendidura branquial
C108,Lesión de sitios contiguos de la orofaringe
C109,"Tumor maligno de la orofaringe, parte no especificada"
C090,Tumor maligno de la fosa amigdalina
C091,Tumor maligno del pilar amigdalino (anterior) (posterior)
C098,Lesión de sitios contiguos de la amígdala
C099,"Tumor maligno de la amígdala, parte no especificada"
C080,Tumor maligno de la glándula submaxilar
C081,Tumor maligno de la glándula sublingual
C088,Lesión de sitios contiguos de las glándulas salivales mayores
C089,"Tumor maligno de glándula salival mayor, no especificada"
V94,"Otros accidentes de transporte por agua, y los no especificados"
V86,Ocupante de vehículo especial para todo terreno o de otro vehículo de motor para uso fuera de la carretera lesionado en accidente de transporte
V87,"Accidente de tránsito de tipo especificado, pero donde se desconoce el modo de transporte de la víctima"
V88,"Accidente no de tránsito de tipo especificado, pero donde se desconoce el modo de transporte de la víctima"
V89,"Accidente de vehículo de motor o sin motor, tipo de vehículo no especificado"
C060,Tumor maligno de la mucosa de la mejilla
C061,Tumor maligno del vestíbulo de la boca
C062,Tumor maligno del área retromolar
C068,Lesión de sitios contiguos de otras partes y de las no especificadas de la boca
C069,"Tumor maligno de la boca, parte no especificada"
C050,Tumor maligno del paladar duro
C051,Tumor maligno del paladar blando
C052,Tumor maligno de la úvula
C058,Lesión de sitios contiguos del paladar
C059,"Tumor maligno del paladar, parte no especificada"
C040,Tumor maligno de la parte anterior del piso de la boca
C041,Tumor maligno de la parte lateral del piso de la boca
C048,Lesión de sitios contiguos del piso de la boca
C049,"Tumor maligno del piso de la boca, parte no especificada"
C030,Tumor maligno de la encía superior
C031,Tumor maligno de la encía inferior
C039,"Tumor maligno de la encía, parte no especificada"
V74,Ocupante de autobús lesionado por colisión con vehículo de transporte pesado o autobús
V75,Ocupante de autobús lesionado por colisión con tren o vehículo de rieles
V76,Ocupante de autobús lesionado por colisión con otros vehículos sin motor
V77,Ocupante de autobús lesionado por colisión con objeto fijo o estacionado
V78,Ocupante de autobús lesionado en accidente de transporte sin colisión
V79,"Ocupante de autobús lesionado en otros accidentes de transporte, y en los no especificados"
C260,"Tumor maligno del intestino, parte no especificada"
C261,Tumor maligno del bazo
C268,Lesión de sitios contiguos de los órganos digestivos
C269,Tumor maligno de sitios mal definidos de los órganos digestivos
C250,Tumor maligno de la cabeza del páncreas
C251,Tumor maligno del cuerpo del páncreas
C252,Tumor maligno de la cola del páncreas
C253,Tumor maligno del conducto pancreático
C254,Tumor maligno del páncreas endocrino
C257,Tumor maligno de otras partes especificadas del páncreas
C258,Lesión de sitios contiguos del páncreas
C259,"Tumor maligno del páncreas, parte no especificada"
C240,Tumor maligno de las vías biliares extrahepáticas
C241,Tumor maligno de la ampolla de Vater
C248,Lesión de sitios contiguos de las vías biliares
C249,"Tumor maligno de las vías biliares, parte no especificada"
C220,Carcinoma de células hepáticas
C221,Carcinoma de vías biliares intrahepáticas
C222,Hepatoblastoma
C223,Angiosarcoma del hígado
C224,Otros sarcomas del hígado
C227,Otros carcinomas especificados del hígado
C229,"Tumor maligno del hígado, no especificado"
C210,"Tumor maligno del ano, parte no especificada"
V66,Ocupante de vehículo de transporte pesado lesionado por colisión con otros vehículos sin motor
V67,Ocupante de vehículo de transporte pesado lesionado por colisión con objeto fijo o estacionado
V68,Ocupante de vehículo de transporte pesado lesionado en accidente de transporte sin colisión
C180,Tumor maligno del ciego
C390,"Tumor maligno de las vías respiratorias superiores, parte no especificada"
C398,Lesión de sitios contiguos de los órganos respiratorios e intratorácicos
O750,Sufrimiento materno durante el trabajo de parto y el parto
O751,Choque durante o después del trabajo de parto y el parto
O752,"Pirexia durante el trabajo de parto, no clasificada en otra parte"
V57,Ocupante de camioneta o furgoneta lesionado por colisión con objeto fijo o estacionado
V58,Ocupante de camioneta o furgoneta lesionado en accidente de transporte sin colisión
V59,"Ocupante de camioneta o furgoneta lesionado en otros accidentes de transporte, y en los no especificados"
O740,Neumonitis por aspiración debida a la anestesia adminis­trada durante el trabajo de parto y el parto
O741,Otras complicaciones pulmonares debidas a la anestesia administrada durante el trabajo de parto y el parto
O742,Complicaciones cardíacas de la anestesia administrada durante el trabajo de parto y el parto
O730,Retención de la placenta sin hemorragia
O731,"Retención de fragmentos de la placenta o de las membranas, sin hemorragia"
O720,Hemorragia del tercer período del parto
O721,Otras hemorragias postparto inmediatas
O722,Hemorragia postparto secundaria o tardía
O723,Defecto de la coagulación postparto
O710,Ruptura del útero antes del inicio del trabajo de parto
O711,Ruptura del útero durante el trabajo de parto
O712,"Inversión del útero, postparto"
O713,Desgarro obstétrico del cuello uterino
O714,"Desgarro vaginal obstétrico alto, sólo"
C440,Tumor maligno de la piel del labio
C441,"Tumor maligno de la piel del párpado, incluida la comisura palpebral"
C442,Tumor maligno de la piel de la oreja y del conducto auditivo externo
C443,Tumor maligno de la piel de otras partes y de las no especificadas de la cara
C444,Tumor maligno de la piel del cuero cabelludo y del cuello
C445,Tumor maligno de la piel del tronco
C430,Melanoma maligno del labio
C431,"Melanoma maligno del párpado, incluida la comisura palpebral"
C432,Melanoma maligno de la oreja y del conducto auditivo externo
C433,Melanoma maligno de las otras partes y las no especificadas de la cara
C460,Sarcoma de Kaposi de la piel
C461,Sarcoma de Kaposi del tejido blando
C462,Sarcoma de Kaposi del paladar
C463,Sarcoma de Kaposi de los ganglios linfáticos
V45,Ocupante de automóvil lesionado por colisión con tren o vehículo de rieles
V46,Ocupante de automóvil lesionado por colisión con otros vehículos sin motor
V47,Ocupante de automóvil lesionado por colisión con objeto fijo o estacionado
V48,Ocupante de automóvil lesionado en accidente de transporte sin colisión
V49,"Ocupante de automóvil lesionado en otros accidentes de transporte, y en los no especificados"
C450,Mesotelioma de la pleura
C451,Mesotelioma del peritoneo
C452,Mesotelioma del pericardio
C457,Mesotelioma de otros sitios especificados
C459,"Mesotelioma, de sitio no especificado"
V36,Ocupante de vehículo de motor de tres ruedas lesionado por colisión con otros vehículos sin motor
V37,Ocupante de vehículo de motor de tres ruedas lesionado por colisión con objeto fijo o estacionado
V38,Ocupante de vehículo de motor de tres ruedas lesionado en accidente de transporte sin colisión
V39,"Ocupante de vehículo de motor de tres ruedas lesionado en otros accidentes de transporte, y en los no especificados"
Y52,Efectos adversos de agentes que afectan primariamente el sistema cardiovascular
Y53,Efectos adversos de agentes que afectan primariamente el sistema gastrointestinal
Y54,Efectos adversos de agentes que afectan primariamente el equilibrio hídrico y el metabolismo mineral y del ácido úrico
Y55,Efectos adversos de agentes que actúan primariamente sobre los músculos lisos y estriados y sobre el sistema respiratorio
Y56,"Efectos adversos de agentes tópicos que afectan primariamente la piel y las membranas mucosas, y drogas oftalmológicas, otorrinolaringológicas y dentales"
Y57,"Efectos adversos de otras drogas y medicamentos, y los no especificados"
Y58,Efectos adversos de vacunas bacterianas
Y59,"Efectos adversos de otras vacunas y sustancias biológicas, y las no especificadas"
Y070,Por esposo o pareja
Y071,Por padre o madre
Y072,Por conocido o amigo
Y073,Por autoridades oficiales
Y078,Por otra persona especificada
Y079,Por persona no especificada
Y060,Por esposo o pareja
Y061,Por padre o madre
Y062,Por conocido o amigo
Y068,Por otra persona especificada
Y069,Por persona no especificada
Y400,Efectos adversos de penicilinas
Y401,Efectos adversos de cefalosporinas y otros antibióticos beta-lactámicos
Y402,Efectos adversos del grupo de cloramfenicol
Y403,Efectos adversos de los macrólidos
Y404,Efectos adversos de tetraciclinas
Y610,Objeto extraño dejado accidentalmente en el cuerpo durante operación quirúrgica
Y611,Objeto extraño dejado accidentalmente en el cuerpo durante infusión o transfusión
Y612,Objeto extraño dejado accidentalmente en el cuerpo durante diálisis renal u otra perfusión
Y613,Objeto extraño dejado accidentalmente en el cuerpo durante inyección o inmunización
Y614,Objeto extraño dejado accidentalmente en el cuerpo durante examen endoscópico
Y615,Objeto extraño dejado accidentalmente en el cuerpo durante cateterización cardíaca
Y600,Incidente durante operación quirúrgica
Y601,Incidente durante infusión o transfusión
Y602,Incidente durante diálisis renal u otra perfusión
Y603,Incidente durante inyección o inmunización
Y604,Incidente durante examen endoscópico
Y605,Incidente durante cateterización cardíaca
Y606,"Incidente durante aspiración, punción y otra cateterización"
W04,Caída al ser trasladado o sostenido por otras personas
W05,Caída que implica silla de ruedas
W06,Caída que implica cama
W07,Caída que implica silla
W08,Caída que implica otro mueble
W09,Caída que implica equipos para juegos infantiles
C540,Tumor maligno del istmo uterino
C541,Tumor maligno del endometrio
C530,Tumor maligno del endocérvix
C531,Tumor maligno del exocérvix
C538,Lesión de sitios contiguos del cuello del útero
C510,Tumor maligno del labio mayor
C511,Tumor maligno del labio menor
C512,Tumor maligno del clítoris
C518,Lesión de sitios contiguos de la vulva
C630,Tumor maligno del epidídimo
C631,Tumor maligno del cordón espermático
C632,Tumor maligno del escroto
C637,Tumor maligno de otras partes especificadas de los órganos genitales masculinos
C620,Tumor maligno del testículo no descendido
C621,Tumor maligno del testículo descendido
C629,"Tumor maligno del testículo, no especificado"
C600,Tumor maligno del prepucio
C601,Tumor maligno del glande
C602,Tumor maligno del cuerpo del pene
C608,Lesión de sitios contiguos del pene
C609,"Tumor maligno del pene, parte no especificada"
C670,Tumor maligno del trígono vesical
C671,Tumor maligno de la cúpula vesical
C672,Tumor maligno de la pared lateral de la vejiga
C673,Tumor maligno de la pared anterior de la vejiga
C674,Tumor maligno de la pared posterior de la vejiga
C675,Tumor maligno del cuello de la vejiga
C710,"Tumor maligno del cerebro, excepto lóbulos y ventrículos"
C711,Tumor maligno del lóbulo frontal
C712,Tumor maligno del lóbulo temporal
C713,Tumor maligno del lóbulo parietal
C714,Tumor maligno del lóbulo occipital
C715,Tumor maligno del ventrículo cerebral
C700,Tumor maligno de las meninges cerebrales
C701,Tumor maligno de las meninges raquídeas
C709,"Tumor maligno de las meninges, parte no especificada"
C690,Tumor maligno de la conjuntiva
C691,Tumor maligno de la córnea
C692,Tumor maligno de la retina
C693,Tumor maligno de la coroides
C694,Tumor maligno del cuerpo ciliar
C695,Tumor maligno de la glándula y conducto lagrimales
C696,Tumor maligno de la órbita
C750,Tumor maligno de la glándula paratiroides
C751,Tumor maligno de la hipófisis
C752,Tumor maligno del conducto craneofaríngeo
C753,Tumor maligno de la glándula pineal
C754,Tumor maligno del cuerpo carotídeo
C755,Tumor maligno del cuerpo aórtico y otros cuerpos cromafines
C758,"Tumor maligno pluriglandular, no especificado"
C759,Tumor maligno de glándula endocrina no especificada
C740,Tumor maligno de la corteza de la glándula suprarrenal
C741,Tumor maligno de la médula de la glándula suprarrenal
C749,"Tumor maligno de la glándula suprarrenal, parte no especificada"
C476,"Tumor maligno de los nervios periféricos del tronco, sin otra especificación"
C478,Lesión de sitios contiguos de los nervios periféricos y del sistema nervioso autónomo
C479,"Tumor maligno de los nervios periféricos y del sistema nervioso autónomo, parte no especificada"
Y76,Dispositivos ginecológicos y obstétricos asociados con incidentes adversos
Y77,Dispositivos oftálmicos asociados con incidentes adversos
Y78,Aparatos radiológicos asociados con incidentes adversos
Y79,Dispositivos ortopédicos asociados con incidentes adversos
Y80,Aparatos de medicina física asociados con incidentes adversos
Y81,Dispositivos de cirugía general y plástica asociados con incidentes adversos
Y82,"Otros dispositivos médicos, y los no especificados, asociados con incidentes adversos"
Q795,Otras malformaciones congénitas de la pared abdominal
Q796,Síndrome de Ehlers–Danlos
Q798,Otras malformaciones congénitas del sistema osteomuscular
Q799,"Malformación congénita del sistema osteomuscular, no especificada"
C211,Tumor maligno del conducto anal
C212,Tumor maligno de la zona cloacogénica
C218,"Lesión de sitios contiguos del ano, del conducto anal y del recto"
V69,"Ocupante de vehículo de transporte pesado lesionado en otros accidentes de transporte, y en los no especificados"
C181,Tumor maligno del apéndice
C182,Tumor maligno del colon ascendente
C183,Tumor maligno del ángulo hepático
C184,Tumor maligno del colon transverso
C185,Tumor maligno del ángulo esplénico
C186,Tumor maligno del colon descendente
C187,Tumor maligno del colon sigmoide
C188,Lesión de sitios contiguos del colon
C189,"Tumor maligno del colon, parte no especificada"
C399,Tumor maligno de sitios mal definidos del sistema respiratorio
O753,Otras infecciones durante el trabajo de parto
O754,Otras complicaciones de la cirugía y de otros procedimientos obstétricos
O755,Retraso del parto después de la ruptura artificial de las membranas
O756,Retraso del parto después de la ruptura espontánea o no especificada de las membranas
O757,Parto vaginal posterior a una cesárea previa
O758,Otras complicaciones especificadas del trabajo de parto y del parto
O759,Complicación no especificada del trabajo de parto y del parto
O743,Complicaciones del sistema nervioso central por la anestesia administrada durante el trabajo de parto y el parto
O744,Reacción tóxica a la anestesia local administrada durante el trabajo de parto y el parto
O745,Cefalalgia inducida por la anestesia espinal o epidural administradas durante el trabajo de parto y el parto
O746,Otras complicaciones de la anestesia espinal o epidural administradas durante el trabajo de parto y el parto
O747,Falla o dificultad en la intubación durante el trabajo de parto y el parto
O748,Otras complicaciones de la anestesia administrada durante el trabajo de parto y el parto
O749,Complicación no especificada de la anestesia administrada durante el trabajo de parto y el parto
O715,Otros traumatismos obstétricos de los órganos pelvianos
O716,Traumatismo obstétrico de los ligamentos y articulaciones de la pelvis
O717,Hematoma obstétrico de la pelvis
O718,Otros traumas obstétricos especificados
O719,"Trauma obstétrico, no especificado"
C446,"Tumor maligno de la piel del miembro superior, incluido el hombro"
C447,"Tumor maligno de la piel del miembro inferior, incluida la cadera"
C448,Lesión de sitios contiguos de la piel
C449,"Tumor maligno de la piel, sitio no especificado"
C434,Melanoma maligno del cuero cabelludo y del cuello
C435,Melanoma maligno del tronco
C436,"Melanoma maligno del miembro superior, incluido el hombro"
C437,"Melanoma maligno del miembro inferior, incluida la cadera"
C438,Melanoma maligno de sitios contiguos de la piel
C439,"Melanoma maligno de piel, sitio no especificado"
C467,Sarcoma de Kaposi de otros sitios especificados
C468,Sarcoma de Kaposi de múltiples órganos
C469,"Sarcoma de Kaposi, de sitio no especificado"
Y510,Efectos adversos de agentes anticolinesterasa
Y511,Efectos adversos de otros parasimpaticomiméticos [colinérgicos]
Y512,"Efectos adversos de drogas bloqueadoras ganglionares, no clasificadas en otra parte"
Y513,"Efectos adversos de otros parasimpaticolíticos [anticolinérgicos y antimuscarínicos] y espasmolíticos, no clasificados en otra parte"
Y514,"Efectos adversos de agonistas [estimulantes] predominantemente alfa-adrenérgicos, no clasificados en otra parte"
Y515,"Efectos adversos de agonistas [estimulantes] predominantemente beta-adrenérgicos, no clasificados en otra parte"
Y516,"Efectos adversos de antagonistas [bloqueadores] alfa-adrenérgicos, no clasificados en otra parte"
Y517,"Efectos adversos de antagonistas [bloqueadores] beta-adrenérgicos, no clasificados en otra parte"
Y500,Efectos adversos de analépticos
Y501,Efectos adversos de antagonistas de opiáceos
Y502,"Efectos adversos de metilxantinas, no clasificadas en otra parte"
Y508,Efectos adversos de otros estimulantes del sistema nervioso central
Y509,Efectos adversos de estimulante no especificado del sistema nervioso central
Y490,Efectos adversos de antidepresivos tricíclicos y tetracíclicos
Y491,Efectos adversos de antidepresivos inhibidores de la monoaminooxidasa
Y492,"Efectos adversos de otros antidepresivos, y los no especificados"
Y493,Efectos adversos de antipsicóticos y neurolépticos fenotiazínicos
Y494,Efectos adversos de neurolépticos de la butirofenona y tioxantina
Y495,Efectos adversos de otros antipsicóticos y neurolépticos
Y496,Efectos adversos de psicodislépticos [alucinógenos]
Y497,Efectos adversos de psicoestimulantes con abuso potencial
Y498,"Efectos adversos de otras drogas psicotrópicas, no clasificadas en otra parte"
Y499,Efectos adversos de drogas psicotrópicas no especificadas
Y480,Efectos adversos de gases anestésicos por inhalación
Y481,Efectos adversos de gases anestésicos parenterales
Y482,"Efectos adversos de otros gases anestésicos generales, y los no especificados"
Y483,Efectos adversos de gases anestésicos locales
Y484,Efectos adversos de anestésicos no especificados
Y485,Efectos adversos de gases terapéuticos
Y470,"Efectos adversos de barbitúricos, no clasificados en otra parte"
Y471,Efectos adversos de benzodiazepinas
Y472,Efectos adversos de derivados clorales
Y473,Efectos adversos de paraldehído
Y474,Efectos adversos de compuestos del bromo
Y460,Efectos adversos de succinamidas
Y461,Efectos adversos de oxazolidinadionas
Y462,Efectos adversos de derivados de la hidantoína
Y463,Efectos adversos de desoxibarbitúricos
Y464,Efectos adversos de iminoestilbenos
Y465,Efectos adversos del ácido valproico
Y466,"Efectos adversos de otros antiepilépticos, y los no especificados"
Y467,Efectos adversos de drogas antiparkinsonianas
Y468,Efectos adversos de drogas antiespásticas
Y450,Efectos adversos de opiáceos y analgésicos relacionados
Y451,Efectos adversos de salicilatos
Y452,Efectos adversos de derivados del ácido propiónico
Y453,Efectos adversos de otras drogas antiinflamatorias no esteroides [DAINE]
Y454,Efectos adversos de los antirreumáticos
Y455,Efectos adversos de los derivados del 4–aminofenol
Y458,Efectos adversos de otros analgésicos y antipiréticos
Y459,"Efectos adversos de drogas analgésicas, antipiréticas y antiinflamatorias no especificadas"
Y440,Efectos adversos de preparaciones con hierro y otros preparados contra la anemia hipocrómica
Y441,"Efectos adversos de vitamina B12, ácido fólico y otros preparados contra la anemia megaloblástica"
Y442,Efectos adversos de anticoagulantes
Y443,"Efectos adversos de antagonistas de anticoagulantes, vitamina K y otros coagulantes"
Y444,Efectos adversos de drogas antitrombóticas [inhibidoras de la agregación plaquetaria]
Y445,Efectos adversos de drogas trombolíticas
Y446,Efectos adversos de sangre natural y productos sanguíneos
Y447,Efectos adversos de los sustitutos del plasma
Y449,"Efectos adversos de otros agentes que afectan los constituyentes de la sangre, y los no especificados"
Y430,Efectos adversos de antialérgicos y antieméticos
Y431,Efectos adversos de antimetabolitos antineoplásicos
Y432,Efectos adversos de productos naturales antineoplásicos
Y433,Efectos adversos de otras drogas antineoplásicas
Y434,Efectos adversos de agentes inmunosupresores
Y420,Efectos adversos de glucocorticoides y análogos sintéticos
Y421,Efectos adversos de hormonas tiroideas y sustitutos
Y422,Efectos adversos de drogas antitiroideas
Y423,Efectos adversos de drogas hipoglucemiantes orales e insulina [antidiabéticas]
Y424,Efectos adversos de anticonceptivos orales
Y425,Efectos adversos de otros estrógenos y progestágenos
Y410,Efectos adversos de sulfonamidas
Y411,Efectos adversos de drogas antimicobacterianas
Y412,Efectos adversos de drogas antipalúdicas y agentes que actúan sobre otros protozoarios de la sangre
Y413,Efectos adversos de otras drogas antiprotozoarias
Y414,Efectos adversos de antihelmínticos
Y415,Efectos adversos de drogas antivirales
Y418,Efectos adversos de otros antiinfecciosos y antiparasitarios sistémicos especificados
Y419,Efectos adversos de antiinfecciosos y antiparasitarios sistémicos no especificados
Y650,Sangre incompatible usada en transfusión
Y651,Líquido erróneo usado en infusión
Y652,Falla en la sutura o ligadura durante operación quirúrgica
Y653,Tubo endotraqueal colocado erróneamente durante procedimiento anestésico
Y654,Falla en la introducción o remoción de otro tubo o instrumento
Y655,Realización de una operación inadecuada
Y658,Otros incidentes especificados durante la atención médica y quirúrgica
Y640,Medicamento o sustancia biológica contaminado en infusión o transfusión
Y641,"Medicamento o sustancia biológica contaminado, inyectado o usado para inmunización"
Y648,"Medicamento o sustancia biológica contaminado, administrado por otros medios"
Y649,"Medicamento o sustancia biológica contaminado, administrado por medios no especificados"
Y630,Excesiva cantidad de sangre u otro líquido administrado durante una infusión o transfusión
Y631,Dilución incorrecta de líquido durante una infusión
Y632,Sobredosis de radiación administrada durante terapia
Y633,Exposición inadvertida del paciente a radiación durante la atención médica
Y634,Falla en la dosificación en electrochoque o en choque insulínico
Y635,"Falla en el control de la temperatura, en taponamientos y aplicaciones locales"
Y636,"No administración de drogas, medicamentos o sustancias biológicas necesarias"
Y638,Falla en la dosificación durante otras atenciones médicas y quirúrgicas
Y639,Falla en la dosificación durante atención médica y quirúrgica no especificada
Y620,Fallas en la esterilización durante operación quirúrgica
Y621,Fallas en la esterilización durante infusión o transfusión
Y622,Fallas en la esterilización durante diálisis renal u otra perfusión
Y623,Fallas en la esterilización durante inyección o inmunización
Y624,Fallas en la esterilización durante examen endoscópico
Y625,Fallas en la esterilización durante cateterización cardíaca
Y626,"Fallas en la esterilización durante aspiración, punción y otra cateterización"
Y628,Fallas en la esterilización durante otras atenciones médicas y quirúrgicas
Y629,Fallas en la esterilización durante atención médica y quirúrgica no especificada
V090,"Peatón lesionado en accidente no de tránsito que involucra otros vehículos de motor, y los no especificados"
V091,Peatón lesionado en accidente no de tránsito no especificado
V092,"Peatón lesionado en accidente de tránsito que involucra otros vehículos de motor, y los no especificados"
V093,Peatón lesionado en accidente de tránsito no especificado
V099,Peatón lesionado en accidente de transporte no especificado
V190,"Conductor de vehículo de pedal lesionado por colisión con otros vehículos de motor, y con los no especificados, en accidente no de tránsito"
V191,"Pasajero de vehículo de pedal lesionado por colisión con otros vehículos de motor, y con los no especificados, en accidente no de tránsito"
V192,"Ciclista no especificado lesionado por colisión con otros vehículos de motor, y con los no especificados, en accidente no de tránsito"
V193,"Ciclista [cualquiera] lesionado en accidente no de tránsito, no especificado"
V194,"Conductor de vehículo de pedal lesionado por colisión con otros vehículos de motor, y con los no especificados, en accidente de tránsito"
V195,"Pasajero de vehículo de pedal lesionado por colisión con otros vehículos de motor, y con los no especificados, en accidente de tránsito"
V196,"Ciclista no especificado lesionado por colisión con otros vehículos de motor, y con los no especificados, en accidente de tránsito"
V290,"Conductor de motocicleta lesionado por colisión con otros vehículos de motor, y con los no especificados, en accidente no de tránsito"
V291,"Pasajero de motocicleta lesionado por colisión con otros vehículos de motor, y con los no especificados, en accidente no de tránsito"
V292,"Motociclista no especificado lesionado por colisión con otros vehículos de motor, y con los no especificados, en accidente no de tránsito"
Y405,Efectos adversos de aminoglucósidos
Y406,Efectos adversos de rifamicinas
Y407,Efectos adversos de antibióticos antimicóticos usados sistémicamente
Y408,Efectos adversos de otros antibióticos sistémicos
Y409,Efectos adversos de antibiótico sistémico no especificado
Y616,"Objeto extraño dejado accidentalmente en el cuerpo durante aspiración, punción y otra cateterización"
Y617,Objeto extraño dejado accidentalmente en el cuerpo durante remoción de catéter o taponamiento
Y618,Objeto extraño dejado accidentalmente en el cuerpo durante otras atenciones médicas y quirúrgicas
Y619,Objeto extraño dejado accidentalmente en el cuerpo durante atención médica y quirúrgica no especificada
Y607,Incidente durante administración de enema
Y608,Incidente durante otras atenciones médicas y quirúrgicas
Y609,Incidente durante atención médica y quirúrgica no especificada
W10,Caída en o desde escalera y escalones
W11,Caída en o desde escaleras manuales
W12,Caída en o desde andamio
W13,"Caída desde, fuera o a través de un edificio u otra construcción"
W14,Caída desde un árbol
V840,Conductor de vehículo agrícola especial lesionado en accidente de tránsito
V841,Pasajero de vehículo agrícola especial lesionado en accidente de tránsito
V842,Persona que viaja fuera del vehículo agrícola especial lesionada en accidente de tránsito
V843,Ocupante no especificado de vehículo agrícola especial lesionado en accidente de tránsito
V844,Persona lesionada al subir o bajar del vehículo agrícola especial
V845,Conductor de vehículo agrícola especial lesionado en accidente no de tránsito
V846,Pasajero de vehículo agrícola especial lesionado en accidente no de tránsito
V847,Persona que viaja fuera del vehículo agrícola especial lesionada en accidente no de tránsito
V830,Conductor de vehículo industrial especial lesionado en accidente de tránsito
V831,Pasajero de vehículo industrial especial lesionado en accidente de tránsito
V832,Persona que viaja fuera de vehículo industrial especial lesionada en accidente de tránsito
V833,Ocupante no especificado de vehículo industrial especial lesionado en accidente de tránsito
V834,Persona lesionada al subir o bajar del vehículo industrial especial
V835,Conductor de vehículo industrial especial lesionado en accidente no de tránsito
V836,Pasajero de vehículo industrial especial lesionado en accidente no de tránsito
V837,Persona que viaja fuera del vehículo industrial especial lesionada en accidente no de tránsito
V839,Ocupante no especificado del vehículo industrial especial lesionado en accidente no de tránsito
V820,"Ocupante de tranvía lesionado por colisión con vehículo de motor, en accidente no de tránsito"
V821,"Ocupante de tranvía lesionado por colisión con vehículo de motor, en accidente de tránsito"
V822,"Ocupante de tranvía lesionado por colisión con, o golpeado por vagón"
V823,Ocupante de tranvía lesionado por colisión con otros objetos
V824,Persona lesionada al subir o bajar del tranvía
V825,Ocupante de tranvía lesionado por caída dentro del tranvía
V826,Ocupante de tranvía lesionado por caída desde el tranvía
V827,"Ocupante de tranvía lesionado por descarrilamiento, sin colisión anterior"
V828,"Ocupante de tranvía lesionado en otros accidentes de transporte, especificados"
V829,Ocupante de tranvía lesionado en accidente de tránsito no especificado
V810,"Ocupante de tren o vehículo de rieles lesionado por colisión con vehículo de motor, en accidente no de tránsito"
V811,"Ocupante de tren o vehículo de rieles lesionado por colisión con vehículo de motor, en accidente de tránsito"
V812,"Ocupante de tren o vehículo de rieles lesionado por colisión con, o golpeado por vagón"
V813,Ocupante de tren o vehículo de rieles lesionado por colisión con otros objetos
V814,Persona lesionada al subir o bajar del tren o vehículo de rieles
V815,Ocupante de tren o vehículo de rieles lesionado por caída dentro del tren o vehículo de rieles
V816,Ocupante de tren o vehículo de rieles lesionado por caída desde el tren o vehículo de rieles
V817,Ocupante de tren o vehículo de rieles lesionado en descarrilamiento sin colisión anterior
V818,Ocupante de tren o vehículo de rieles lesionado en otros accidentes ferroviarios especificados
V819,Ocupante de tren o vehículo de rieles lesionado en accidente ferroviario no especificado
V800,"Jinete u ocupante de vehículo de tracción animal lesionado por caída (o por ser despedido) del animal o del vehículo de tracción animal, en accidente sin colisión"
V801,Jinete u ocupante de vehículo de tracción animal lesionado por colisión con peatón o animal
V802,Jinete u ocupante de vehículo de tracción animal lesionado por colisión con vehículo de pedal
V803,Jinete u ocupante de vehículo de tracción animal lesionado por colisión con vehículo de motor de dos o tres ruedas
V804,"Jinete u ocupante de vehículo de tracción animal lesionado por colisión con automóvil, camioneta o furgoneta, vehículo de transporte pesado, o autobús"
V805,Jinete u ocupante de vehículo de tracción animal lesionado por colisión con otros vehículos de motor especificados
V806,Jinete u ocupante de vehículo de tracción animal lesionado por colisión con tren o vehículo de rieles
V807,Jinete u ocupante de vehículo de tracción animal lesionado por colisión con otros vehículos sin motor
V808,Jinete u ocupante de vehículo de tracción animal lesionado por colisión con objeto fijo o estacionado
V809,"Jinete u ocupante de vehículo de tracción animal lesionado en otros accidentes de transporte, y en los no especificados"
V970,Ocupante de aeronave lesionado en otros accidentes especificados de transporte aéreo
V971,Persona lesionada al subir o bajar de una aeronave
V972,Paracaidista lesionado en accidente de transporte aéreo
V973,Persona en tierra lesionada por accidente de transporte aéreo
V978,"Otros accidentes de transporte aéreo, no clasificados en otra parte"
V960,"Accidente de globo aerostático, con ocupante lesionado"
V961,"Accidente de ala delta, con ocupante lesionado"
V962,"Accidente de planeador (sin motor), con ocupante lesionado"
V968,"Accidente de otras aeronaves sin motor, con ocupante lesionado"
V969,"Accidente de aeronave sin motor no especificada, con ocupante lesionado"
V950,Accidente de helicóptero con ocupante lesionado
V951,"Accidente de planeador ultra liviano, micro liviano o motorizado, con ocupante lesionado"
V952,"Accidente de otros vehículos aéreos de alas fijas, privados, con ocupante lesionado"
V953,"Accidente de vehículo aéreo de alas fijas, comercial, con ocupante lesionado"
V954,"Accidente de nave espacial, con ocupante lesionado"
V958,"Accidente de otras aeronaves, con ocupante lesionado"
V959,"Accidente de aeronave no especificada, con ocupante lesionado"
C542,Tumor maligno del miometrio
C543,Tumor maligno del fondo del útero
C548,Lesión de sitios contiguos del cuerpo del útero
C549,"Tumor maligno del cuerpo del útero, parte no especificada"
C539,"Tumor maligno del cuello del útero, sin otra especificación"
C519,"Tumor maligno de la vulva, parte no especificada"
C638,Lesión de sitios contiguos de los órganos genitales masculinos
C639,"Tumor maligno de órgano genital masculino, parte no especificada"
C676,Tumor maligno del orificio ureteral
C677,Tumor maligno del uraco
C678,Lesión de sitios contiguos de la vejiga
C679,"Tumor maligno de la vejiga urinaria, parte no especificada"
C716,Tumor maligno del cerebelo
C717,Tumor maligno del pedúnculo cerebral
C718,Lesión de sitios contiguos del encéfalo
C719,"Tumor maligno del encéfalo, parte no especificada"
C698,Lesión de sitios contiguos del ojo y sus anexos
C699,"Tumor maligno del ojo, parte no especificada"
Y590,Efectos adversos de vacunas virales
Y591,Efectos adversos de vacunas contra rickettsias
Y592,Efectos adversos de vacunas antiprotozoarias
Y593,Efectos adversos de la inmunoglobulina
Y598,Efectos adversos de otras vacunas y sustancias biológicas especificadas
Y599,Efectos adversos de vacunas o sustancias biológicas no especificadas
Y580,Efectos adversos de la vacuna BCG
Y581,Efectos adversos de la vacuna tifoidea y paratifoidea
Y582,Efectos adversos de la vacuna contra el cólera
Y583,Efectos adversos de la vacuna contra la peste
Y584,Efectos adversos de la vacuna contra el tétanos
Y585,Efectos adversos de la vacuna contra la difteria
Y586,"Efectos adversos de la vacuna contra la tos ferina, inclusive combinaciones con un componente pertusis"
Y588,"Efectos adversos de vacunas bacterianas mixtas, excepto combinaciones con un componente pertusis"
Y589,"Efectos adversos de otras vacunas bacterianas, y las no especificadas"
Y570,Efectos adversos de depresores del apetito [anoréxicos]
Y571,Efectos adversos de drogas lipotrópicas
Y572,"Efectos adversos de antídotos y agentes quelantes, no clasificados en otra parte"
Y573,Efectos adversos de disuasivos del alcohol
Y574,Efectos adversos de excipientes farmacéuticos
Y575,Efectos adversos de medios de contraste para rayos X
Y576,Efectos adversos de otros agentes diagnósticos
Y577,"Efectos adversos de vitaminas, no clasificadas en otra parte"
Y560,"Efectos adversos de drogas antimicóticas, antiinfecciosas y antiinflamatorias de uso local, no clasificadas en otra parte"
Y561,Efectos adversos de antipruriginosos
Y562,Efectos adversos de astringentes y detergentes locales
Y563,"Efectos adversos de emolientes, demulcentes y protectores"
Y564,"Efectos adversos de drogas y preparados queratolíticos, queratoplásticos y otros para el tratamiento del cabello"
Y565,Efectos adversos de drogas y preparados oftalmológicos
Y566,Efectos adversos de drogas y preparados otorrinolaringológicos
Y567,"Efectos adversos de drogas dentales, de aplicación tópica"
Y550,Efectos adversos de drogas oxitócicas
Y551,Efectos adversos de relajantes de los músculos estriados [agentes bloqueadores neuromusculares]
Y552,"Efectos adversos de otros agentes que actúan primariamente sobre los músculos, y los no especificados"
Y553,Efectos adversos de antitusígenos
Y554,Efectos adversos de expectorantes
Y555,Efectos adversos de drogas contra el resfriado común
Y556,"Efectos adversos de antiasmáticos, no clasificados en otra parte"
Y557,"Efectos adversos de otros agentes que actúan primariamente sobre el sistema respiratorio, y los no especificados"
Y540,Efectos adversos de mineralocorticoides
Y541,Efectos adversos de los bloqueadores de mineralocorticoides [antagonistas de la aldosterona]
Y542,Efectos adversos de los inhibidores de la anhidrasa carbónica
Y543,Efectos adversos de los derivados de la benzotiadiazina
Y544,Efectos adversos de diuréticos de asa [“high-ceiling”]
Y545,Efectos adversos de otros diuréticos
Y546,"Efectos adversos de agentes electrolíticos, calóricos y del equilibrio hídrico"
Y547,Efectos adversos de agentes que afectan la calcificación
Y548,Efectos adversos de agentes que afectan el metabolismo del ácido úrico
Y549,"Efectos adversos de sales minerales, no clasificadas en otra parte"
Y530,Efectos adversos de bloqueadores de los receptores H2 de histamina
Y531,Efectos adversos de otras drogas antiácidas e inhibidoras de la secreción gástrica
Y532,Efectos adversos de laxantes estimulantes
Y533,Efectos adversos de laxantes salinos y osmóticos
Y534,Efectos adversos de otros laxantes
Y520,Efectos adversos de glucósidos cardiotónicos y drogas de acción similar
Y521,Efectos adversos de bloqueadores del canal del calcio
Y522,"Efectos adversos de otras drogas antiarrítmicas, no clasificadas en otra parte"
Y523,"Efectos adversos de vasodilatadores coronarios, no clasificados en otra parte"
Y524,Efectos adversos de inhibidores de la enzima convertidora de angiotensina
Y525,"Efectos adversos de otras drogas antihipertensivas, no clasificadas en otra parte"
Y526,Efectos adversos de drogas antihiperlipidémicas y antiarterioscleróticas
Y527,Efectos adversos de vasodilatadores periféricos
V390,"Conductor de vehículo de motor de tres ruedas lesionado por colisión con otros vehículos de motor, y con los no especificados, en accidente no de tránsito"
V391,"Pasajero de vehículo de motor de tres ruedas lesionado por colisión con otros vehículos de motor, y con los no especificados, en accidente no de tránsito"
V392,"Ocupante no especificado de vehículo de motor de tres ruedas lesionado por colisión con otros vehículos de motor, y con los no especificados, en"
V393,"Ocupante [cualquiera] de vehículo de motor de tres ruedas lesionado en accidente no de tránsito, no especificado"
V394,"Conductor de vehículo de motor de tres ruedas lesionado por colisión con otros vehículos de motor, y con los no especificados, en accidente de tránsito"
V395,"Pasajero de vehículo de motor de tres ruedas lesionado por colisión con otros vehículos de motor, y con los no especificados, en accidente de tránsito"
V396,"Ocupante no especificado de vehículo de motor de tres ruedas lesionado por colisión con otros vehículos de motor, y con los no especificados, en"
V398,Ocupante [cualquiera] de vehículo de motor de tres ruedas lesionado en otros accidentes de transporte especificados
V399,Ocupante [cualquiera] de vehículo de motor de tres ruedas lesionado en accidente de tránsito no especificado
V490,"Conductor de automóvil lesionado por colisión con otros vehículos de motor, y con los no especificados, en accidente no de tránsito"
V491,"Pasajero de automóvil lesionado por colisión con otros vehículos de motor, y con los no especificados, en accidente no de tránsito"
V492,"Ocupante no especificado de automóvil lesionado por colisión con otros vehículos de motor, y con los no especificados, en accidente no de tránsito"
V493,"Ocupante [cualquiera] de automóvil lesionado en accidente no de tránsito, no especificado"
V494,"Conductor de automóvil lesionado por colisión con otros vehículos de motor, y con los no especificados, en accidente de tránsito"
V495,"Pasajero de automóvil lesionado por colisión con otros vehículos de motor, y con los no especificados, en accidente de tránsito"
V496,"Ocupante no especificado de automóvil lesionado por colisión con otros vehículos de motor, y con los no especificados, en accidente de tránsito"
V590,"Conductor de camioneta o furgoneta lesionado por colisión con otros vehículos de motor, y con los no especificados, en accidente no de tránsito"
V591,"Pasajero de camioneta o furgoneta lesionado por colisión con otros vehículos de motor, y con los no especificados, en accidente no de tránsito"
V592,"Ocupante no especificado de camioneta o furgoneta lesionado por colisión con otros vehículos de motor, y con los no especificados, en accidente no de tránsito"
V593,"Ocupante [cualquiera] de camioneta o furgoneta lesionado en accidente no de tránsito, no especificado"
V594,"Conductor de camioneta o furgoneta lesionado por colisión con otros vehículos de motor, y con los no especificados, en accidente de tránsito"
V595,"Pasajero de camioneta o furgoneta lesionado por colisión con otros vehículos de motor, y con los no especificados, en accidente de tránsito"
V596,"Ocupante no especificado de camioneta o furgoneta lesionado por colisión con otros vehículos de motor, y con los no especificados, en accidente de tránsito"
V598,Ocupante [cualquiera] de camioneta o furgoneta lesionado en otros accidentes de transporte especificados
V599,Ocupante [cualquiera] de camioneta o furgoneta lesionado en accidente de tránsito no especificado
V790,"Conductor de autobús lesionado por colisión con otros vehículos de motor, y con los no especificados, en accidente no de tránsito"
V791,"Pasajero de autobús lesionado por colisión con otros vehículos de motor, y con los no especificados, en accidente no de tránsito"
V792,"Ocupante no especificado de autobús lesionado por colisión con otros vehículos de motor, y con los no especificados, en accidente no de tránsito"
V793,"Ocupante [cualquiera] de autobús lesionado en accidente no de tránsito, no especificado"
V794,"Conductor de autobús lesionado por colisión con otros vehículos de motor, y con los no especificados, en accidente de tránsito"
V795,"Pasajero de autobús lesionado por colisión con otros vehículos de motor, y con los no especificados, en accidente de tránsito"
V796,"Ocupante no especificado de autobús lesionado por colisión con otros vehículos de motor, y con los no especificados, en accidente de tránsito"
V798,Ocupante [cualquiera] de autobús lesionado en otros accidentes de transporte especificados
V799,Ocupante [cualquiera] de autobús lesionado en accidente de tránsito no especificado
Y518,"Efectos adversos de agentes bloqueadores neuro-adrenérgicos que actúan centralmente, no clasificados en otra parte"
Y519,"Efectos adversos de otras drogas que afectan primariamente el sistema nervioso autónomo, y las no especificadas"
Y475,"Efectos adversos de mezclas sedantes e hipnóticas, no clasificadas en otra parte"
Y478,"Efectos adversos de otras drogas sedantes, hipnóticas y ansiolíticas"
Y479,"Efectos adversos de drogas sedantes, hipnóticas y ansiolíticas no especificadas"
Y435,Efectos adversos de agentes acidificantes y alcalinizantes
Y436,Efectos adversos de enzimas no clasificadas en otra parte
Y438,Efectos adversos de otros agentes sistémicos primarios no clasificados en otra parte
Y439,Efectos adversos de agente sistémico primario no especificado
Y426,"Efectos adversos de antigonadotropinas, antiestrógenos y antiandrógenos, no clasificados en otra parte"
Y427,Efectos adversos de andrógenos y congéneres anabólicos
Y428,"Efectos adversos de otras hormonas y sus sustitutos sintéticos, y las no especificadas"
Y429,"Efectos adversos de otras hormonas antagonistas, y las no especificadas"
V890,"Persona lesionada en accidente no de tránsito, de vehículo de motor no especificado"
V891,"Persona lesionada en accidente no de tránsito, de vehículo sin motor no especificado"
V892,"Persona lesionada en accidente de tránsito, de vehículo de motor no especificado"
V893,"Persona lesionada en accidente de tránsito, de vehículo sin motor no especificado"
V899,Persona lesionada en accidente de vehículo no especificado
V880,"Persona lesionada por colisión entre automóvil y vehículo de motor de dos o tres ruedas, no de tránsito"
V881,"Persona lesionada por colisión entre otros vehículos de motor y un vehículo de motor de dos o tres ruedas, no de tránsito"
V882,"Persona lesionada por colisión entre automóvil y camioneta o furgoneta, no de tránsito"
V883,"Persona lesionada por colisión entre automóvil y autobús, no de tránsito"
V884,"Persona lesionada por colisión entre automóvil y vehículo de transporte pesado, no de tránsito"
V885,"Persona lesionada por colisión entre vehículo de transporte pesado y autobús, no de tránsito"
V886,"Persona lesionada por colisión entre tren o vehículo de rieles y automóvil, no de tránsito"
V887,"Persona lesionada por colisión entre otros vehículos de motor especificados, no de tránsito"
V888,"Persona lesionada en otros accidentes especificados de transporte de vehículo de motor sin colisión, no de tránsito"
V889,"Persona lesionada en otros accidentes especificados de transporte de vehículo sin motor (con colisión) (sin colisión), no de tránsito"
V198,Ciclista [cualquiera] lesionado en otros accidentes de transporte especificados
V199,Ciclista [cualquiera] lesionado en accidente de tránsito no especificado
V870,Persona lesionada por colisión entre automóvil y vehículo de motor de dos o tres ruedas (tránsito)
V871,Persona lesionada por colisión entre otros vehículos de motor y un vehículo de motor de dos o tres ruedas (tránsito)
V872,Persona lesionada por colisión entre automóvil y camioneta o furgoneta (tránsito)
V873,Persona lesionada por colisión entre automóvil y autobús (tránsito)
V860,Conductor de vehículo para todo terreno o de otro vehículo de motor para uso fuera de la carretera lesionado en accidente de tránsito
V861,Pasajero de vehículo para todo terreno o de otro vehículo de motor para uso fuera de la carretera lesionado en accidente de tránsito
V862,Persona que viaja fuera del vehículo para todo terreno o de otro vehículo de motor para uso fuera de la carretera lesionada en accidente de tránsito
V863,Ocupante no especificado de vehículo para todo terreno o de otro vehículo de motor para uso fuera de la carretera lesionado en accidente de tránsito
V864,Persona lesionada al subir o bajar de vehículo para todo terreno o de otro vehículo de motor para uso fuera de la carretera
V865,Conductor de vehículo para todo terreno o de otro vehículo de motor para uso fuera de la carretera lesionado en accidente no de tránsito
V866,Pasajero de vehículo para todo terreno o de otro vehículo de motor para uso fuera de la carretera lesionado en accidente no de tránsito
V867,Persona que viaja fuera de vehículo para todo terreno o de otro vehículo de motor para uso fuera de la carretera lesionada en accidente no de tránsito
V869,Ocupante no especificado de vehículo para todo terreno o de otro vehículo de motor para uso fuera de la carretera lesionado en accidente no de tránsito
V850,Conductor de vehículo especial para construcción lesionado en accidente de tránsito
V851,Pasajero de vehículo especial para construcción lesionado en accidente de tránsito
V852,Persona que viaja fuera del vehículo especial para construcción lesionada en accidente de tránsito
V853,Ocupante no especificado de vehículo especial para construcción lesionado en accidente de tránsito
V854,Persona lesionada al subir o bajar del vehículo especial para construcción
V855,Conductor de vehículo especial para construcción lesionado en accidente no de tránsito
V856,Pasajero de vehículo especial para construcción lesionado en accidente no de tránsito
V857,Persona que viaja fuera del vehículo especial para construcción lesionada en accidente no de tránsito
V859,Ocupante no especificado de vehículo especial para construcción lesionado en accidente no de tránsito
Y840,Cateterización cardíaca
Y841,Diálisis renal
Y842,Procedimiento radiológico y radioterapia
Y843,Terapia por choque
Y844,Aspiración de líquidos
Y845,Inserción de sonda gástrica o duodenal
Y830,Operación quirúrgica con trasplante de un órgano completo
Y831,Operación quirúrgica con implante de un dispositivo artificial interno
Y832,"Operación quirúrgica con anastomosis, derivación o injerto"
Y833,Operación quirúrgica con formación de estoma externo
Y834,Otra cirugía reconstructiva
Y835,Amputación de miembro(s)
Y836,Remoción de otro órgano (parcial) (total)
Y838,Otros procedimientos quirúrgicos
Y839,Procedimiento quirúrgico no especificado
V293,"Motociclista [cualquiera] lesionado en accidente no de tránsito, no especificado"
V294,"Conductor de motocicleta lesionado por colisión con otros vehículos de motor, y con los no especificados, en accidente de tránsito"
V295,"Pasajero de motocicleta lesionado por colisión con otros vehículos de motor, y con los no especificados, en accidente de tránsito"
V296,"Motociclista no especificado lesionado por colisión con otros vehículos de motor, y con los no especificados, en accidente de tránsito"
V298,Motociclista [cualquiera] lesionado en otros accidentes de transporte especificados
V299,Motociclista [cualquiera] lesionado en accidente de tránsito no especificado
W15,Caída desde peñasco
W16,Salto o zambullida dentro del agua que causa otro traumatismo sin sumersión o ahogamiento
W17,Otras caídas de un nivel a otro
W18,Otras caídas en el mismo nivel
W19,Caída no especificada
W20-W49,Exposición a fuerzas mecánicas inanimadas
W50-W64,Exposición a fuerzas mecánicas animadas
W65-W74,Ahogamiento y sumersión accidentales
W75-W84,Otros accidentes que obstruyen la respiración
W85-W99,"Exposición a la corriente eléctrica, radiación y temperatura, y presión del aire ambientales extremas"
V849,Ocupante no especificado de vehículo agrícola especial lesionado en accidente no de tránsito
Y578,Efectos adversos de otras drogas y medicamentos
Y579,Efectos adversos de drogas o medicamentos no especificados
Y568,Efectos adversos de otros agentes tópicos
Y569,Efectos adversos de otros agentes tópicos no especificados
Y535,Efectos adversos de digestivos
Y536,Efectos adversos de drogas antidiarreicas
Y537,Efectos adversos de eméticos
Y538,Efectos adversos de otros agentes que afectan primariamente el sistema gastrointestinal
Y539,"Efectos adversos de agentes que afectan el sistema gastrointestinal, no especificados"
Y528,"Efectos adversos de drogas antivaricosas, inclusive agentes esclerosantes"
Y529,"Efectos adversos de otros agentes que afectan primariamente el sistema cardiovascular, y los no especificados"
V498,Ocupante [cualquiera] de automóvil lesionado en otros accidentes de transporte especificados
V499,Ocupante [cualquiera] de automóvil lesionado en accidente de tránsito no especificado
V690,"Conductor de vehículo de transporte pesado lesionado por colisión con otros vehículos de motor, y con los no especificados, en accidente no de tránsito"
V691,"Pasajero de vehículo de transporte pesado lesionado por colisión con otros vehículos de motor, y con los no especificados, en accidente no de tránsito"
V692,"Ocupante no especificado de vehículo de transporte pesado lesionado por colisión con otros vehículos de motor, y con los no especificados, en accidente no de tránsito"
V693,"Ocupante [cualquiera] de vehículo de transporte pesado lesionado en accidente no de tránsito, no especificado"
V874,Persona lesionada por colisión entre automóvil y vehículo de transporte pesado (tránsito)
V875,Persona lesionada por colisión entre vehículo de transporte pesado y autobús (tránsito)
V876,Persona lesionada por colisión entre tren o vehículo de rieles y automóvil (tránsito)
V877,Persona lesionada por colisión entre otros vehículos de motor especificados (tránsito)
V878,Persona lesionada en otros accidentes especificados de transporte de vehículo de motor sin colisión (tránsito)
V879,Persona lesionada en otros accidentes especificados de transporte de vehículo sin motor (con colisión) (sin colisión) (tránsito)
Y846,Cateterización urinaria
Y847,Muestra de sangre
Y848,Otros procedimientos médicos
Y849,Procedimiento médico no especificado
X00-X09,"Exposición al humo, fuego y llamas"
X10-X19,Contacto con calor y sustancias calientes
X20-X29,Contacto traumático con animales y plantas venenosos
X30-X39,Exposición a fuerzas de la naturaleza
X40-X49,"Envenenamiento accidental por, y exposición a sustancias nocivas"
X50-X57,"Exceso de esfuerzo, viajes y privación"
X58-X59,Exposición accidental a otros factores y a los no especificados
V694,"Conductor de vehículo de transporte pesado lesionado por colisión con otros vehículos de motor, y con los no especificados, en accidente de tránsito"
V695,"Pasajero de vehículo de transporte pesado lesionado por colisión con otros vehículos de motor, y con los no especificados, en accidente de tránsito"
V696,"Ocupante no especificado de vehículo de transporte pesado lesionado por colisión con otros vehículos de motor, y con los no especificados, en accidente de tránsito"
V698,Ocupante [cualquiera] de vehículo de transporte pesado lesionado en otros accidentes de transporte especificados
V699,Ocupante [cualquiera] de vehículo de transporte pesado lesionado en accidente de tránsito no especificado
W75,Sofocación y estrangulamiento accidental en la cama
W76,Otros estrangulamientos y ahorcamientos accidentales
W77,"Obstrucción de la respiración debida a hundimiento, caída de tierra u otras sustancias"
W78,Inhalación de contenidos gástricos
W79,Inhalación e ingestión de alimento que causa obstrucción de las vías respiratorias
W65,Ahogamiento y sumersión mientras se está en la bañera
W66,Ahogamiento y sumersión consecutivos a caída en la bañera
W67,Ahogamiento y sumersión mientras se está en una piscina
W68,Ahogamiento y sumersión consecutivos a caída en una piscina
W50,"Aporreo, golpe, mordedura, patada, rasguño o torcedura infligidos por otra persona"
W51,Choque o empellón contra otra persona
W52,"Persona aplastada, empujada o pisoteada por una multitud o estampida humana"
W53,Mordedura de rata
W54,Mordedura o ataque de perro
W55,Mordedura o ataque de otros mamíferos
W56,Contacto traumático con animales marinos
W20,"Golpe por objeto arrojado, proyectado o que cae"
W21,Golpe contra o golpeado por equipo para deportes
W22,Golpe contra o golpeado por otros objetos
W23,"Atrapado, aplastado, trabado o apretado en o entre objetos"
W24,"Contacto traumático con dispositivos de eleva­ción y transmisión, no clasificados en otra parte"
W25,Contacto traumático con vidrio cortante
W80,Inhalación e ingestión de otros objetos que causan obstrucción de las vías respiratorias
W81,Confinado o atrapado en un ambiente con bajo contenido de oxígeno
W83,Otras obstrucciones especificadas de la respiración
W84,Obstrucción no especificada de la respiración
W69,Ahogamiento y sumersión mientras se está en aguas naturales
W70,Ahogamiento y sumersión posterior a caída en aguas naturales
W73,Otros ahogamientos y sumersiones especificados
W74,Ahogamiento y sumersión no especificados
W57,Mordedura o picadura de insectos y otros artrópodos no venenosos
W58,Mordedura o ataque de cocodrilo o caimán
W59,Mordedura o aplastamiento por otros reptiles
W60,"Contacto traumático con aguijones, espinas u hojas cortantes de plantas"
W64,"Exposición a otras fuerzas mecánicas animadas, y las no especificadas"
W26,"Contacto traumático con cuchillo, espada, daga o puñal"
W27,Contacto traumático con herramientas manuales sin motor
W28,"Contacto traumático con cortadora de césped, con motor"
W29,"Contacto traumático con otras herramientas manuales y artefactos del hogar, con motor"
W30,Contacto traumático con maquinaria agrícola
W31,"Contacto traumático con otras maquinarias, y las no especificadas"
W32,Disparo de arma corta
W33,"Disparo de rifle, escopeta y arma larga"
W34,"Disparo de otras armas de fuego, y las no especificadas"
W35,Explosión y rotura de caldera
W36,Explosión y rotura de cilindro con gas
X58,Exposición a otros factores especificados
X59,Exposición a factores no especificados
X50,Exceso de esfuerzo y movimientos extenuantes y repetitivos
X51,Viajes y desplazamientos
X52,Permanencia prolongada en ambiente sin gravedad
X53,Privación de alimentos
X54,Privación de agua
X57,Privación no especificada
X40,"Envenenamiento accidental por, y exposición a analgésicos no narcóticos, antipiréticos y antirreumáticos"
X41,"Envenenamiento accidental por, y exposición a drogas antiepilépticas, sedantes, hipnóticas, antiparkinsonianas y psicotrópicas, no clasificadas en otra parte"
X42,"Envenenamiento accidental por, y exposición a narcóticos y psicodislépticos [alucinógenos], no clasificados en otra parte"
X43,"Envenenamiento accidental por, y exposición a otras drogas que actúan sobre el sistema nervioso autónomo"
X44,"Envenenamiento accidental por, y exposición a otras drogas, medicamentos y sustancias biológicas, y los no especificados"
X45,"Envenenamiento accidental por, y exposición al alcohol"
X30,Exposición al calor natural excesivo
X31,Exposición al frío natural excesivo
X32,Exposición a rayos solares
X33,Víctima de rayo
W37,"Explosión y rotura de neumático, tubo o manguera de goma presurizada"
W38,Explosión y rotura de otros dispositivos presurizados especificados
W39,Explosión de fuegos artificiales
W40,Explosión de otros materiales
W41,Exposición a chorro de alta presión
W42,Exposición al ruido
W43,Exposición a vibraciones
W44,Cuerpo extraño que penetra por el ojo u orificio natural
X20,Contacto traumático con serpientes y lagartos venenosos
X21,Contacto traumático con arañas venenosas
X22,Contacto traumático con escorpión
X23,"Contacto traumático con avispones, avispas y abejas"
X24,Contacto traumático con centípodos y miriápodos venenosos (tropicales)
X25,Contacto traumático con otros artrópodos venenosos
X10,"Contacto con bebidas, alimentos, grasas y aceites para cocinar, calientes"
X11,Contacto con agua caliente corriente
X12,Contacto con otros líquidos calientes
X13,Contacto con vapor de agua y otros vapores calientes
X14,Contacto con aire y gases calientes
X15,Contacto con utensilios domésticos calientes
X16,"Contacto con radiadores, cañerías y artefactos para calefacción, calientes"
X00,Exposición a fuego no controlado en edificio u otra construcción
X01,Exposición a fuego no controlado en lugar que no es edificio u otra construcción
X02,Exposición a fuego controlado en edificio u otra construcción
W85,Exposición a líneas de transmisión eléctrica
W86,Exposición a otras corrientes eléctricas especificadas
W87,Exposición a corriente eléctrica no especificada
W88,Exposición a radiación ionizante
X46,"Envenenamiento accidental por, y exposición a disolventes orgánicos e hidrocarburos halogenados y sus vapores"
X47,"Envenenamiento accidental por, y exposición a otros gases y vapores"
X48,"Envenenamiento accidental por, y exposición a plaguicidas"
X49,"Envenenamiento accidental por, y exposición a otros productos químicos y sustancias nocivas, y los no especificados"
X34,Víctima de terremoto
X35,Víctima de erupción volcánica
X36,"Víctima de avalancha, derrumbe y otros movimientos de tierra"
W45,Cuerpo extraño que penetra a través de la piel
W46,Contacto traumático con aguja hipodérmica
X26,Contacto traumático con animales y plantas marinas venenosos
X27,Contacto traumático con otros animales venenosos especificados
X28,Contacto traumático con otras plantas venenosas especificadas
X29,Contacto traumático con animales y plantas venenosos no especificados
X17,"Contacto con máquinas, motores y herramientas calientes"
X18,Contacto con otros metales calientes
X19,"Contacto con otras sustancias calientes, y las no especificadas"
X03,Exposición a fuego controlado en lugar que no es edificio u otra construcción
X04,Exposición a ignición de material altamente inflamable
X05,Exposición a ignición o fusión de ropas de dormir
X06,Exposición a ignición o fusión de otras ropas y accesorios
X08,"Exposición a otros humos, fuegos o llamas especificados"
X09,"Exposición a humos, fuegos o llamas no especificados"
W89,"Exposición a fuente de luz visible y ultravioleta, de origen artificial"
W90,Exposición a otros tipos de radiación no ionizante
W91,Exposición a radiación de tipo no especificado
W92,Exposición a calor excesivo de origen artificial
W93,Exposición a frío excesivo de origen artificial
W94,Exposición a presión de aire alta y baja y a cambios en la presión del aire
X37,Víctima de tormenta cataclísmica
X38,Víctima de inundación
X39,"Exposición a otras fuerzas de la naturaleza, y las no especificadas"
W49,"Exposición a otras fuerzas mecánicas inanimadas, y las no especificadas"
W99,"Exposición a otros factores ambientales y a los no especificados, de origen artificial"
X590,Exposición a factores no especificados que causan fractura
X599,Exposición a factores no especificados que causan otras lesiones y las no especificadas
E100,Diabetes mellitus insulinodependiente con coma
E101,Diabetes mellitus insulinodependiente con cetoacidosis
E102,Diabetes mellitus insulinodependiente con complicaciones renales
E103,Diabetes mellitus insulinodependiente con complicaciones oftalmicas
E104,Diabetes mellitus insulinodependiente con complicaciones neurologicas
E105,Diabetes mellitus insulinodependiente con complicaciones circulatorias perifericas
E106,Diabetes mellitus insulinodependiente con otras complicaciones especificadas
E107,Diabetes mellitus insulinodependiente con complicaciones multiples
E108,Diabetes mellitus insulinodependiente con complicaciones no especificadas
E109,Diabetes mellitus insulinodependiente sin mencion de complicacion
E110,Diabetes mellitus no insulinodependiente con coma
E111,Diabetes mellitus no insulinodependiente con cetoacidosis
E112,Diabetes mellitus no insulinodependiente con complicaciones renales
E113,Diabetes mellitus no insulinodependiente con complicaciones oftalmicas
E114,Diabetes mellitus no insulinodependiente con complicaciones neurologicas
E115,Diabetes mellitus no insulinodependiente con complicaciones circulatorias perifericas
E116,Diabetes mellitus no insulinodependiente con otras complicaciones especificadas
E117,Diabetes mellitus no insulinodependiente con complicaciones multiples
E118,Diabetes mellitus no insulinodependiente con complicaciones no especificadas
E119,Diabetes mellitus no insulinodependiente sin mencion de complicacion
E120,Diabetes mellitus asociada con desnutricion con coma
E121,Diabetes mellitus asociada con desnutricion con cetoacidosis
E122,Diabetes mellitus asociada con desnutricion con complicaciones renales
E123,Diabetes mellitus asociada con desnutricion con complicaciones oftalmicas
E124,Diabetes mellitus asociada con desnutricion con complicaciones neurologicas
E125,Diabetes mellitus asociada con desnutricion con complicaciones circulatorias perifericas
E126,Diabetes mellitus asociada con desnutricion con otras complicaciones especificadas
E127,Diabetes mellitus asociada con desnutricion con complicaciones multiples
E128,Diabetes mellitus asociada con desnutricion con complicaciones no especificadas
E129,Diabetes mellitus asociada con desnutricion sin mencion de complicacion
E130,Otras diabetes mellitus especificadas con coma
E131,Otras diabetes mellitus especificadas con cetoacidosis
E132,Otras diabetes mellitus especificadas con complicaciones renales
E133,Otras diabetes mellitus especificadas con complicaciones oftalmicas
E134,Otras diabetes mellitus especificadas con complicaciones neurologicas
E135,Otras diabetes mellitus especificadas con complicaciones circulatorias perifericas
E136,Otras diabetes mellitus especificadas con otras complicaciones especificadas
E137,Otras diabetes mellitus especificadas con complicaciones multiples
E138,Otras diabetes mellitus especificadas con complicaciones no especificadas
E139,Otras diabetes mellitus especificadas sin mencion de complicacion
E140,"Diabetes mellitus, no especificada con coma"
E141,"Diabetes mellitus, no especificada con cetoacidosis"
E142,"Diabetes mellitus, no especificada con complicaciones renales"
E143,"Diabetes mellitus, no especificada con complicaciones oftalmicas"
E144,"Diabetes mellitus, no especificada con complicaciones neurologicas"
E145,"Diabetes mellitus, no especificada con complicaciones circulatorias perifericas"
E146,"Diabetes mellitus, no especificada con otras complicaciones especificadas"
E147,"Diabetes mellitus, no especificada con complicaciones multiples"
E148,"Diabetes mellitus, no especificada con complicaciones no especificadas"
E149,"Diabetes mellitus, no especificada sin mencion de complicacion"
F050,"Delirio no superpuesto a un cuadro de demencia, asi descrito"
F051,Delirio superpuesto a un cuadro de demencia
F100,Trastornos mentales y del comportamiento debidos al uso del alcohol: intoxicacion aguda
F101,Trastornos mentales y del comportamiento debidos al uso del alcohol: uso nocivo
F102,Trastornos mentales y del comportamiento debidos al uso del alcohol: sindrome de dependencia
F103,Trastornos mentales y del comportamiento debidos al uso del alcohol: estado de abstinencia
F104,Trastornos mentales y del comportamiento debidos al uso del alcohol: estado de abstinencia con delirio
F105,Trastornos mentales y del comportamiento debidos al uso del alcohol: trastorno psicotico
F106,Trastornos mentales y del comportamiento debidos al uso del alcohol: sindrome amnesico
F107,Trastornos mentales y del comportamiento debidos al uso del alcohol: trastorno psicotico residual y de comienzo tardio
F108,Trastornos mentales y del comportamiento debidos al uso del alcohol: otros trastornos mentales y del comportamiento
F109,"Trastornos mentales y del comportamiento debidos al uso del alcohol: trastorno mental y del comportamiento, no especificado"
F110,Trastornos mentales y del comportamiento debidos al uso de opiaceos: intoxicacion aguda
F111,Trastornos mentales y del comportamiento debidos al uso de opiaceos: uso nocivo
F112,Trastornos mentales y del comportamiento debidos al uso de opiaceos: sindrome de dependencia
F113,Trastornos mentales y del comportamiento debidos al uso de opiaceos: estado de abstinencia
F114,Trastornos mentales y del comportamiento debidos al uso de opiaceos: estado de abstinencia con delirio
F115,Trastornos mentales y del comportamiento debidos al uso de opiaceos: trastorno psicotico
F116,Trastornos mentales y del comportamiento debidos al uso de opiaceos: sindrome amnesico
F117,Trastornos mentales y del comportamiento debidos al uso de opiaceos: trastorno psicotico residual y de comienzo tardio
F118,Trastornos mentales y del comportamiento debidos al uso de opiaceos: otros trastornos mentales y del comportamiento
F119,"Trastornos mentales y del comportamiento debidos al uso de opiaceos: trastorno mental y del comportamiento, no especificado"
F120,Trastornos mentales y del comportamiento debidos al uso de cannabinoides: intoxicacion aguda
F121,Trastornos mentales y del comportamiento debidos al uso de cannabinoides: uso nocivo
F122,Trastornos mentales y del comportamiento debidos al uso de cannabinoides: sindrome de dependencia
F123,Trastornos mentales y del comportamiento debidos al uso de cannabinoides: estado de abstinencia
F124,Trastornos mentales y del comportamiento debidos al uso de cannabinoides: estado de abstinencia con delirio
F125,Trastornos mentales y del comportamiento debidos al uso de cannabinoides: trastorno psicotico
F126,Trastornos mentales y del comportamiento debidos al uso de cannabinoides: sindrome amnesico
F127,Trastornos mentales y del comportamiento debidos al uso de cannabinoides: trastorno psicotico residual y de comienzo tardio
F128,Trastornos mentales y del comportamiento debidos al uso de cannabinoides: otros trastornos mentales y del comportamiento
F129,"Trastornos mentales y del comportamiento debidos al uso de cannabinoides: trastorno mental y del comportamiento, no especificado"
F130,Trastornos mentales y del comportamiento debidos al uso de sedantes o hipnoticos: intoxicacion aguda
F131,Trastornos mentales y del comportamiento debidos al uso de sedantes o hipnoticos: uso nocivo
F132,Trastornos mentales y del comportamiento debidos al uso de sedantes o hipnoticos: sindrome de dependencia
F133,Trastornos mentales y del comportamiento debidos al uso de sedantes o hipnoticos: estado de abstinencia
F134,Trastornos mentales y del comportamiento debidos al uso de sedantes o hipnoticos: estado de abstinencia con delirio
F135,Trastornos mentales y del comportamiento debidos al uso de sedantes o hipnoticos: trastorno psicotico
F136,Trastornos mentales y del comportamiento debidos al uso de sedantes o hipnoticos: sindrome amnesico
F137,Trastornos mentales y del comportamiento debidos al uso de sedantes o hipnoticos: trastorno psicotico residual y de comienzo tardio
F138,Trastornos mentales y del comportamiento debidos al uso de sedantes o hipnoticos: otros trastornos mentales y del comportamiento
F139,"Trastornos mentales y del comportamiento debidos al uso de sedantes o hipnoticos: trastorno mental y del comportamiento, no especificado"
F140,Trastornos mentales y del comportamiento debidos al uso de cocaina: intoxicacion aguda
F141,Trastornos mentales y del comportamiento debidos al uso de cocaina: uso nocivo
F142,Trastornos mentales y del comportamiento debidos al uso de cocaina: sindrome de dependencia
F143,Trastornos mentales y del comportamiento debidos al uso de cocaina: estado de abstinencia
F144,Trastornos mentales y del comportamiento debidos al uso de cocaina: estado de abstinencia con delirio
F145,Trastornos mentales y del comportamiento debidos al uso de cocaina: trastorno psicotico
F146,Trastornos mentales y del comportamiento debidos al uso de cocaina: sindrome amnesico
F147,Trastornos mentales y del comportamiento debidos al uso de cocaina: trastorno psicotico residual y de comienzo tardio
F148,Trastornos mentales y del comportamiento debidos al uso de cocaina: otros trastornos mentales y del comportamiento
F149,"Trastornos mentales y del comportamiento debidos al uso de cocaina: trastorno mental y del comportamiento, no especificado"
F150,"Trastornos mentales y del comportamiento debidos al uso de otros estimulantes, incluida la cafeina: intoxicacion aguda"
F151,"Trastornos mentales y del comportamiento debidos al uso de otros estimulantes, incluida la cafeina: uso nocivo"
F152,"Trastornos mentales y del comportamiento debidos al uso de otros estimulantes, incluida la cafeina: sindrome de dependencia"
F153,"Trastornos mentales y del comportamiento debidos al uso de otros estimulantes, incluida la cafeina: estado de abstinencia"
F154,"Trastornos mentales y del comportamiento debidos al uso de otros estimulantes, incluida la cafeina:. estado de abstinencia con delirio"
F155,"Trastornos mentales y del comportamiento debidos al uso de otros estimulantes, incluida la cafeina: trastorno psicotico"
F156,"Trastornos mentales y del comportamiento debidos al uso de otros estimulantes, incluida la cafeina: sindrome amnesico"
F157,"Trastornos mentales y del comportamiento debidos al uso de otros estimulantes, incluida la cafeina: trastorno psicotico residual y de comienzo tardio"
F158,"Trastornos mentales y del comportamiento debidos al uso de otros estimulantes, incluida la cafeina: otros trastornos mentales y del comportamiento"
F159,"Trastornos mentales y del comportamiento debidos al uso de otros estimulantes, incluida la cafeina: trastorno mental y del comportamiento, no especificado"
F160,Trastornos mentales y del comportamiento debidos al uso de alucinogenos: intoxicacion aguda
F161,Trastornos mentales y del comportamiento debidos al uso de alucinogenos: uso nocivo
F162,Trastornos mentales y del comportamiento debidos al uso de alucinogenos: sindrome de dependencia
F163,Trastornos mentales y del comportamiento debidos al uso de alucinogenos: estado de abstinencia
F164,Trastornos mentales y del comportamiento debidos al uso de alucinogenos: estado de abstinencia con delirio
F165,Trastornos mentales y del comportamiento debidos al uso de alucinogenos: trastorno psicotico
F166,Trastornos mentales y del comportamiento debidos al uso de alucinogenos: sindrome amnesico
F167,Trastornos mentales y del comportamiento debidos al uso de alucinogenos: trastorno psicotico residual y de comienzo tardio
F168,Trastornos mentales y del comportamiento debidos al uso de alucinogenos: otros trastornos mentales y del comportamiento
F169,"Trastornos mentales y del comportamiento debidos al uso de alucinogenos: trastorno mental y del comportamiento, no especificado"
F170,Trastornos mentales y del comportamiento debidos al uso de tabaco: intoxicacion aguda
F171,Trastornos mentales y del comportamiento debidos al uso de tabaco: uso nocivo
F172,Trastornos mentales y del comportamiento debidos al uso de tabaco: sindrome de dependencia
F173,Trastornos mentales y del comportamiento debidos al uso de tabaco: estado de abstinencia
F174,Trastornos mentales y del comportamiento debidos al uso de tabaco: estado de abstinencia con delirio
F175,Trastornos mentales y del comportamiento debidos al uso de tabaco: trastorno psicotico
F176,Trastornos mentales y del comportamiento debidos al uso de tabaco: sindrome amnesico
F177,Trastornos mentales y del comportamiento debidos al uso de tabaco: trastorno psicotico residual y de comienzo tardio
F178,Trastornos mentales y del comportamiento debidos al uso de tabaco: otros trastornos mentales y del comportamiento
F179,"Trastornos mentales y del comportamiento debidos al uso de tabaco: trastorno mental y del comportamiento, no especificado"
F180,Trastornos mentales y del comportamiento debidos al uso de disolventes volatiles: intoxicacion aguda
F181,Trastornos mentales y del comportamiento debidos al uso de disolventes volatiles: uso nocivo
F182,Trastornos mentales y del comportamiento debidos al uso de disolventes volatiles: sindrome de dependencia
F183,Trastornos mentales y del comportamiento debidos al uso de disolventes volatiles: estado de abstinencia
F184,Trastornos mentales y del comportamiento debidos al uso de disolventes volatiles: estado de abstinencia con delirio
F185,Trastornos mentales y del comportamiento debidos al uso de disolventes volatiles: trastorno psicotico
F186,Trastornos mentales y del comportamiento debidos al uso de disolventes volatiles: sindrome amnesico
F187,Trastornos mentales y del comportamiento debidos al uso de disolventes volatiles: trastorno psicotico residual y de comienzo tardio
F188,Trastornos mentales y del comportamiento debidos al uso de disolventes volatiles: otros trastornos mentales y del comportamiento
F189,"Trastornos mentales y del comportamiento debidos al uso de disolventes volatiles: trastorno mental y del comportamiento, no especificado"
F190,Trastornos mentales y del comportamiento debidos al uso de multiples drogas y al uso de otras sustancias psicoactivas: intoxicacion aguda
F191,Trastornos mentales y del comportamiento debidos al uso de multiples drogas y al uso de otras sustancias psicoactivas: uso nocivo
F192,Trastornos mentales y del comportamiento debidos al uso de multiples drogas y al uso de otras sustancias psicoactivas: sindrome de dependencia
F193,Trastornos mentales y del comportamiento debidos al uso de multiples drogas y al uso de otras sustancias psicoactivas: estado de abstinencia
F194,Trastornos mentales y del comportamiento debidos al uso de multiples drogas y al uso de otras sustancias psicoactivas: estado de abstinencia con delirio
F195,Trastornos mentales y del comportamiento debidos al uso de multiples drogas y al uso de otras sustancias psicoactivas: trastorno psicotico
F196,Trastornos mentales y del comportamiento debidos al uso de multiples drogas y al uso de otras sustancias psicoactivas: sindrome amnesico
F197,Trastornos mentales y del comportamiento debidos al uso de multiples drogas y al uso de otras sustancias psicoactivas: trastorno psicotico residual y de comienzo tardio
F198,Trastornos mentales y del comportamiento debidos al uso de multiples drogas y al uso de otras sustancias psicoactivas: otros trastornos mentales y del comportamiento
F199,"Trastornos mentales y del comportamiento debidos al uso de multiples drogas y al uso de otras sustancias psicoactivas: trastorno mental y del comportamiento, no especificado"
F700,Retraso mental leve: deterioro del comportamiento nulo o minimo
F701,"Retraso mental leve: deterioro del comportamiento significativo, que requiere atencion o tratamiento"
F708,Retraso mental leve: otros deterioros del comportamiento
F709,Retraso mental leve: deterioro del comportamiento de grado no especificado
F710,Retraso mental moderado: deterioro del comportamiento nulo o minimo
F711,"Retraso mental moderado: deterioro del comportamiento significativo, que requiere atencion o tratamiento"
F718,Retraso mental moderado: otros deterioros del comportamiento
F719,Retraso mental moderado: deterioro del comportamiento de grado no especificado
F720,Retraso mental grave: deterioro del comportamiento nulo o minimo
F721,"Retraso mental grave: deterioro del comportamiento significativo, que requiere atencion o tratamiento"
F728,Retraso mental grave: otros deterioros del comportamiento
F729,Retraso mental grave: deterioro del comportamiento de grado no especificado
F730,Retraso mental profundo: deterioro del comportamiento nulo o minimo
F731,"Retraso mental profundo: deterioro del comportamiento significativo, que requiere atencion o tratamiento"
F738,Retraso mental profundo: otros deterioros del comportamiento
F739,Retraso mental profundo: deterioro del comportamiento de grado no especificado
F780,Otros tipos de retraso mental profundo: deterioro del comportamiento nulo o minimo
F781,"Otros tipos de retraso mental profundo: deterioro del comportamiento significativo, que requiere atencion o tratamiento"
F788,Otros tipos de retraso mental profundo: otros deterioros del comportamiento
F789,Otros tipos de retraso mental profundo: deterioro del comportamiento de grado no especificado
F790,"Retraso mental, no especificado: deterioro del comportamiento nulo o minimo"
F791,"Retraso mental, no especificado: deterioro del comportamiento significativo, que requiere atencion o tratamiento"
F798,"Retraso mental, no especificado: otros deterioros del comportamiento"
F799,"Retraso mental, no especificado: deterioro del comportamiento de grado no especificado"
I270,Hipertension pulmonar primaria
K250,Ulcera gastrica aguda con hemorragia
K251,Ulcera gastrica aguda con perforacion
K252,Ulcera gastrica aguda con hemorragia y perforacion
K253,Ulcera gastrica aguda sin hemorragia ni perforacion
K254,"Ulcera gastrica cronica o no especificada, con hemorragia"
K255,"Ulcera gastrica cronica o no especificada, con perforacion"
K256,"Ulcera gastrica cronica o no especificada, con hemorragia y perforacion"
K257,Ulcera gastrica cronica sin hemorragia ni perforacion
K259,"Ulcera gastrica no especificada como aguda ni cronica, sin hemorragia ni perforacion"
K260,Ulcera duodenal aguda con hemorragia
K261,Ulcera duodenal aguda con perforacion
K262,Ulcera duodenal aguda con hemorragia y perforacion
K263,Ulcera duodenal aguda sin hemorragia ni perforacion
K264,"Ulcera duodenal cronica o no especificada, con hemorragia"
K265,"Ulcera duodenal cronica o no especificada, con perforacion"
K266,"Ulcera duodenal cronica o no especificada, con hemorragia y perforacion"
K267,Ulcera duodenal cronica sin hemorragia ni perforacion
K269,"Ulcera duodenal no especificada como aguda ni cronica, sin hemorragia ni perforacion"
K270,"Ulcera peptica, de sitio no especificado aguda con hemorragia"
K271,"Ulcera peptica, de sitio no especificado aguda con perforacion"
K272,"Ulcera peptica, de sitio no especificado aguda con hemorragia y perforacion"
K273,"Ulcera peptica, de sitio no especificado aguda sin hemorragia ni perforacion"
K274,"Ulcera peptica, de sitio no especificado cronica o no especificada, con hemorragia"
K275,"Ulcera peptica, de sitio no especificado cronica o no especificada, con perforacion"
K276,"Ulcera peptica, de sitio no especificado cronica o no especificada, con hemorragia y perforacion"
K277,"Ulcera peptica, de sitio no especificado cronica sin hemorragia ni perforacion"
K279,"Ulcera peptica, de sitio no especificado no especificada como aguda ni cronica, sin hemorragia ni perforacion"
K280,Ulcera gastroyeyunal aguda con hemorragia
K281,Ulcera gastroyeyunal aguda con perforacion
K282,Ulcera gastroyeyunal aguda con hemorragia y perforacion
K283,Ulcera gastroyeyunal aguda sin hemorragia ni perforacion
K284,"Ulcera gastroyeyunal cronica o no especificada, con hemorragia"
K285,"Ulcera gastroyeyunal cronica o no especificada, con perforacion"
K286,"Ulcera gastroyeyunal cronica o no especificada, con hemorragia y perforacion"
K287,Ulcera gastroyeyunal cronica sin hemorragia ni perforacion
K289,"Ulcera gastroyeyunal no especificada como aguda ni cronica, sin hemorragia ni perforacion"
M723,Fascitis nodular
M725,"Fascitis, no clasificada en otra parte"
N000,Sindrome nefrítico agudo: anomalia glomerular minima
N001,Sindrome nefrítico agudo: lesiones glomerulares focales y segmentarias
N002,Sindrome nefritico agudo: glomerulonefritis membranosa difusa
N003,Sindrome nefritico agudo: glomerulonefritis proliferativa mesangial difusa
N004,Sindrome nefritico agudo: glomerulonefritis proliferativa endocapilar difusa
N005,Sindrome nefritico agudo: glomerulonefritis mesangiocapilar difusa
N006,Sindrome nefritico agudo: enfermedad por depositos densos
N007,Sindrome nefritico agudo: glomerulonefritis difusa en media luna
N008,Sindrome nefritico agudo: otras
N009,Sindrome nefritico agudo: no especificada
N010,Sindrome nefritico rapidamente progresivo: anomalia glomerular minima
N011,Sindrome nefrítico rapidamente progresivo: lesiones glomerulares focales y segmentarias
N012,Sindrome nefritico rapidamente progresivo: glomerulonefritis membranosa difusa
N013,Sindrome nefritico rapidamente progresivo: glomerulonefritis proliferativa mesangial difusa
N014,Sindrome nefritico rapidamente progresivo: glomerulonefritis proliferativa endocapilar difusa
N015,Sindrome nefritico rapidamente progresivo: glomerulonefritis mesangiocapilar difusa
N016,Sindrome nefritico rapidamente progresivo: enfermedad por depositos densos
N017,Sindrome nefritico rapidamente progresivo: glomerulonefritis difusa en media luna
N018,Sindrome nefritico rapidamente progresivo: otras
N019,Sindrome nefritico rapidamente progresivo: no especificada
N020,Hematuria recurrente y persistente: anomalia glomerular minima
N021,Hematuria recurrente y persistente: lesiones glomerulares focales y segmentarias
N022,Hematuria recurrente y persistente: glomerulonefritis membranosa difusa
N023,Hematuria recurrente y persistente: glomerulonefritis proliferativa mesangial difusa
N024,Hematuria recurrente y persistente: glomerulonefritis proliferativa endocapilar difusa
N025,Hematuria recurrente y persistente: glomerulonefritis mesangiocapilar difusa
N026,Hematuria recurrente y persistente: enfermedad por depositos densos
N027,Hematuria recurrente y persistente: glomerulonefritis difusa en media luna
N028,Hematuria recurrente y persistente: otras
N029,Hematuria recurrente y persistente: no especificada
N030,Sindrome nefritico cronico: anomalia glomerular minima
N031,Sindrome nefritico cronico: lesiones glomerulares focales y segmentarias
N032,Sindrome nefritico cronico: glomerulonefritis membranosa difusa
N033,Sindrome nefritico cronico: glomerulonefritis proliferativa mesangial difusa
N034,Sindrome nefritico cronico: glomerulonefritis proliferativa endocapilar difusa
N035,Sindrome nefritico cronico: glomerulonefritis mesangiocapilar difusa
N036,Sindrome nefritico cronico: enfermedad por depositos densos
N037,Sindrome nefritico cronico: glomerulonefritis difusa en media luna
N038,Sindrome nefritico cronico: otras
N039,Sindrome nefritico cronico: no especificada
N040,Sindrome nefrotico: anomalia glomerular minima
N041,Sindrome nefrotico: lesiones glomerulares focales y segmentarias
N042,Sindrome nefrotico: glomerulonefritis membranosa difusa
N043,Sindrome nefrotico: glomerulonefritis proliferativa mesangial difusa
N044,Sindrome nefrotico: glomerulonefritis proliferativa endocapilar difusa
N045,Sindrome nefrotico: glomerulonefritis mesangiocapilar difusa
N046,Sindrome nefrotico: enfermedad por depositos densos
N047,Sindrome nefrotico: glomerulonefritis difusa en media luna
N048,Sindrome nefrotico: otras
N049,Sindrome nefrotico: no especificada
N050,Sindrome nefritico no especificado: anomalia glomerular minima
N051,Sindrome nefritico no especificado: lesiones glomerulares focales y segmentarias
N052,Sindrome nefritico no especificado: glomerulonefritis membranosa difusa
N053,Sindrome nefritico no especificado: glomerulonefritis proliferativa mesangial difusa
N054,Sindrome nefritico no especificado: glomerulonefritis proliferativa endocapilar difusa
N055,Sindrome nefritico no especificado: glomerulonefritis mesangiocapilar difusa
N056,Sindrome nefritico no especificado: enfermedad por depositos densos
N057,Sindrome nefritico no especificado: glomerulonefritis difusa en media luna
N058,Sindrome nefritico no especificado: otras
N059,Sindrome nefritico no especificado: no especificada
N060,Proteinuria aislada con lesion morfologica especificada: anomalia glomerular minima
N061,Proteinuria aislada con lesion morfologica especificada lesiones glomerulares focales y segmentarias
N062,Proteinuria aislada con lesion morfologica especificada: glomerulonefritis membranosa difusa
N063,Proteinuria aislada con lesion morfologica especificada: glomerulonefritis proliferativa mesangial difusa
N064,Proteinuria aislada con lesion morfologica especificada: glomerulonefritis proliferativa endocapilar difusa
N065,Proteinuria aislada con lesion morfologica especificada: glomerulonefritis mesangiocapilar difusa
N066,Proteinuria aislada con lesion morfologica especificada: enfermedad por depositos densos
N067,Proteinuria aislada con lesion morfologica especificada: glomerulonefritis difusa en media luna
N068,Proteinuria aislada con lesion morfologica especificada: otras
N069,Proteinuria aislada con lesion morfologica especificada: no especificada
N070,"Nefropatia hereditaria, no clasificada en otra parte: anomalia glomerular minima"
N071,"Nefropatia hereditaria, no clasificada en otra parte: lesiones glomerulares focales y segmentarias"
N072,"Nefropatia hereditaria, no clasificada en otra parte: glomerulonefritis membranosa difusa"
N073,"Nefropatia hereditaria, no clasificada en otra parte: glomerulonefritis proliferativa mesangial difusa"
N074,"Nefropatia hereditaria, no clasificada en otra parte: glomerulonefritis proliferativa endocapilar difusa"
N075,"Nefropatia hereditaria, no clasificada en otra parte: glomerulonefritis mesangiocapilar difusa"
N076,"Nefropatia hereditaria, no clasificada en otra parte: enfermedad por depositos densos"
N077,"Nefropatia hereditaria, no clasificada en otra parte: glomerulonefritis difusa en media luna"
N078,"Nefropatia hereditaria, no clasificada en otra parte: otras"
N079,"Nefropatia hereditaria, no clasificada en otra parte: no especificada"
N360,Fistula de la uretra
O030,"Aborto espontaneo: incompleto, complicado con infección genital y pelviana"
O031,"Aborto espontaneo: incompleto, complicado por hemorragia excesiva o tardia"
O032,"Aborto espontaneo: incompleto, complicado por embolia"
O033,"Aborto espontaneo: incompleto, con otras complicaciones especificadas y las no especificadas"
O034,"Aborto espontaneo: incompleto, sin complicacion"
O035,"Aborto espontaneo: completo o no especificado, complicado con infeccion genital y pelviana"
O036,"Aborto espontaneo: completo o no especificado, complicado por hemorragia excesiva o tardia"
O037,"Aborto espontaneo: completo o no especificado, complicado por embolia"
O038,"Aborto espontaneo: completo o no especificado, con otras complicaciones especificadas y las no especificadas"
O039,"Aborto espontaneo: completo o no especificado, sin complicacion"
O040,"Aborto medico: incompleto, complicado con infección genital y pelviana"
O041,"Aborto medico: incompleto, complicado por hemorragia excesiva o tardia"
O042,"Aborto medico: incompleto, complicado por embolia"
O043,"Aborto medico: incompleto, con otras complicaciones especificadas y las no especificadas"
O044,"Aborto medico: incompleto, sin complicacion"
O045,"Aborto medico: completo o no especificado, complicado con infeccion genital y pelviana"
O046,"Aborto medico: completo o no especificado, complicado por hemorragia excesiva o tardia"
O047,"Aborto medico: completo o no especificado, complicado por embolia"
O048,"Aborto medico: completo o no especificado, con otras complicaciones especificadas y las no especificadas"
O049,"Aborto medico: completo o no especificado, sin complicacion"
O050,"Otro aborto: incompleto, complicado con infección genital y pelviana"
O051,"Otro aborto: incompleto, complicado por hemorragia excesiva o tardia"
O052,"Otro aborto: incompleto, complicado por embolia"
O053,"Otro aborto: incompleto, con otras complicaciones especificadas y las no especificadas"
O054,"Otro aborto: incompleto, sin complicacion"
O055,"Otro aborto: completo o no especificado, complicado con infeccion genital y pelviana"
O056,"Otro aborto: completo o no especificado, complicado por hemorragia excesiva o tardia"
O057,"Otro aborto: completo o no especificado, complicado por embolia"
O058,"Otro aborto: completo o no especificado, con otras complicaciones especificadas y las no especificadas"
O059,"Otro aborto: completo o no especificado, sin complicacion"
O060,"Aborto no especificado: incompleto, complicado con infección genital y pelviana"
O061,"Aborto no especificado: incompleto, complicado por hemorragia excesiva o tardia"
O062,"Aborto no especificado: incompleto, complicado por embolia"
O063,"Aborto no especificado: incompleto, con otras complicaciones especificadas y las no especificadas"
O064,"Aborto no especificado: incompleto, sin complicacion"
O065,"Aborto no especificado: completo o no especificado, complicado con infeccion genital y pelviana"
O066,"Aborto no especificado: completo o no especificado, complicado por hemorragia excesiva o tardia"
O067,"Aborto no especificado: completo o no especificado, complicado por embolia"
O068,"Aborto no especificado: completo o no especificado, con otras complicaciones especificadas y las no especificadas"
O069,"Aborto no especificado: completo o no especificado, sin complicacion"
R500,Fiebre con escalofrio
R501,Fiebre persistente
R830,Hallazgos anormales en el liquido cefalorraquideo: nivel anormal de enzimas
R831,Hallazgos anormales en el liquido cefalorraquideo: nivel anormal de hormonas
R832,"Hallazgos anormales en el liquido cefalorraquideo: nivel anormal de otras drogas, medicamentos y sustancias biologicas"
R833,Hallazgos anormales en el liquido cefalorraquideo: nivel anormal de sustancias de origen fundamentalmente no medicinal
R834,Hallazgos anormales en el liquido cefalorraquideo: hallazgos inmunologicos anormales
R835,Hallazgos anormales en el liquido cefalorraquideo: hallazgos microbiologicos anormales hallazgos positivos en el cultivo
R836,"Hallazgos anormales en el liquido cefalorraquideo: hallazgos citologicos anormales, frotis anormal de papanicolaou"
R837,Hallazgos anormales en el liquido cefalorraquideo: hallazgos histologicos anormales
R838,"Hallazgos anormales en el liquido cefalorraquideo: otros hallazgos anormales, hallazgos cromosomicos anormales"
R839,"Hallazgos anormales en el liquido cefalorraquideo: hallazgos anormales, no especificados"
R840,Hallazgos anormales en muestras tomadas de organos respiratorios y toracicos: nivel anormal de enzimas
R841,Hallazgos anormales en muestras tomadas de organos respiratorios y toracicos: nivel anormal de hormonas
R842,"Hallazgos anormales en muestras tomadas de organos respiratorios y toracicos: nivel anormal de otras drogas, medicamentos y sustancias biologicas"
R843,Hallazgos anormales en muestras tomadas de organos respiratorios y toracicos: nivel anormal de sustancias de origen fundamentalmente no medicinal
R844,Hallazgos anormales en muestras tomadas de organos respiratorios y toracicos: hallazgos inmunologicos anormales
R845,"Hallazgos anormales en muestras tomadas de organos respiratorios y toracicos: hallazgos microbiologicos anormales, hallazgos positivos en el cultivo"
R846,"Hallazgos anormales en muestras tomadas de organos respiratorios y toracicos: hallazgos citologicos anormales, frotis anormal de papanicolaou"
R847,Hallazgos anormales en muestras tomadas de organos respiratorios y toracicos: hallazgos histologicos anormales
R848,"Hallazgos anormales en muestras tomadas de organos respiratorios y toracicos: otros hallazgos anormales, hallazgos cromosomicos anormales"
R849,"Hallazgos anormales en muestras tomadas de organos respiratorios y toracicos: hallazgos anormales, no especificados"
R850,Hallazgos anormales en muestras tomadas de organos digestivos y de la cavidad abdominal: nivel anormal de enzimas
R851,Hallazgos anormales en muestras tomadas de organos digestivos y de la cavidad abdominal: nivel anormal de hormonas
R852,"Hallazgos anormales en muestras tomadas de organos digestivos y de la cavidad abdominal: nivel anormal de otras drogas, medicamentos y sustancias biologicas"
R853,Hallazgos anormales en muestras tomadas de organos digestivos y de la cavidad abdominal: nivel anormal de sustancias de origen fundamentalmente no medicinal
R854,Hallazgos anormales en muestras tomadas de organos digestivos y de la cavidad abdominal: hallazgos inmunologicos anormales
R855,"Hallazgos anormales en muestras tomadas de organos digestivos y de la cavidad abdominal: hallazgos microbiologicos anormales, hallazgos positivos en el cultivo"
R856,"Hallazgos anormales en muestras tomadas de organos digestivos y de la cavidad abdominal: hallazgos citologicos anormales, frotis anormal de papanicolaou"
R857,Hallazgos anormales en muestras tomadas de organos digestivos y de la cavidad abdominal: hallazgos histologicos anormales
R858,"Hallazgos anormales en muestras tomadas de organos digestivos y de la cavidad abdominal: otros hallazgos anormales, hallazgos cromosomicos anormales"
R859,"Hallazgos anormales en muestras tomadas de organos digestivos y de la cavidad abdominal: hallazgos anormales, no especificados"
R860,Hallazgos anormales en muestras tomadas de organos genitales masculinos: nivel anormal de enzimas
R861,Hallazgos anormales en muestras tomadas de organos genitales masculinos: nivel anormal de hormonas
R862,"Hallazgos anormales en muestras tomadas de organos genitales masculinos : nivel anormal de otras drogas, medicamentos y sustancias biologicas"
R863,Hallazgos anormales en muestras tomadas de organos genitales masculinos: nivel anormal de sustancias de origen fundamentalmente no medicinal
R864,Hallazgos anormales en muestras tomadas de organos genitales masculinos: hallazgos inmunologicos anormales
R865,"Hallazgos anormales en muestras tomadas de organos genitales masculinos: hallazgos microbiologicos anormales, hallazgos positivos en el cultivo"
R866,"Hallazgos anormales en muestras tomadas de organos genitales masculinos: hallazgos citologicos anormales, frotis anormal de papanicolaou"
R867,Hallazgos anormales en muestras tomadas de organos genitales masculinos: hallazgos histologicos anormales
R868,"Hallazgos anormales en muestras tomadas de organos genitales masculinos: otros hallazgos anormales, hallazgos cromosomicos anormales"
R869,"Hallazgos anormales en muestras tomadas de organos genitales masculinos: hallazgos anormales, no especificados"
R870,Hallazgos anormales en muestras tomadas de organos genitales femeninos: nivel anormal de enzimas
R871,Hallazgos anormales en muestras tomadas de organos genitales femeninos: nivel anormal de hormonas
R872,"Hallazgos anormales en muestras tomadas de organos genitales femeninos: nivel anormal de otras drogas, medicamentos y sustancias biologicas"
R873,Hallazgos anormales en muestras tomadas de organos genitales femeninos: nivel anormal de sustancias de origen fundamentalmente no medicinal
R874,Hallazgos anormales en muestras tomadas de organos genitales femeninos: hallazgos inmunologicos anormales
R875,"Hallazgos anormales en muestras tomadas de organos genitales femeninos: hallazgos microbiologicos anormales, hallazgos positivos en el cultivo"
R876,Hallazgos anormales en muestras tomadas de organos genitales femeninos: hallazgos citologicos anormales
R877,Hallazgos anormales en muestras tomadas de organos genitales femeninos: hallazgos histologicos anormales
R878,"Hallazgos anormales en muestras tomadas de organos genitales femeninos: otros hallazgos anormales, hallazgos cromosomicos anormales"
R879,"Hallazgos anormales en muestras tomadas de organos genitales femeninos: hallazgos anormales, no especificados"
R890,"Hallazgos anormales en muestras tomadas de otros organos, sistemas y tejidos: nivel anormal de enzimas"
R891,"Hallazgos anormales en muestras tomadas de otros organos, sistemas y tejidos: nivel anormal de hormonas"
R892,"Hallazgos anormales en muestras tomadas de otros organos, sistemas y tejidos: nivel anormal de otras drogas, medicamentos y sustancias biologicas"
R893,"Hallazgos anormales en muestras tomadas de otros organos, sistemas y tejidos: nivel anormal de sustancias de origen fundamentalmente no medicinal"
R894,"Hallazgos anormales en muestras tomadas de otros organos, sistemas y tejidos: hallazgos inmunologicos anormales"
R895,"Hallazgos anormales en muestras tomadas de otros organos, sistemas y tejidos: hallazgos microbiologicos anormales, hallazgos positivos en el cultivo"
R896,"Hallazgos anormales en muestras tomadas de otros organos, sistemas y tejidos: hallazgos citologicos anormales, frotis anormal de papanicolaou"
R897,"Hallazgos anormales en muestras tomadas de otros organos, sistemas y tejidos: hallazgos histologicos anormales"
R898,"Hallazgos anormales en muestras tomadas de otros organos, sistemas y tejidos: otros hallazgos anormales, hallazgos cromosomicos anormales"
R899,"Hallazgos anormales en muestras tomadas de otros organos, sistemas y tejidos: hallazgos anormales, no especificados"
V010,Peaton lesionado por colision con vehiculo de pedal: accidente no de transito
V011,Peaton lesionado por colision con vehiculo de pedal: accidente de transito
V019,Peaton lesionado por colision con vehiculo de pedal: accidente no especificado como de transito o no de transito
V020,Peaton lesionado por colision con vehiculo de motor de dos o tres ruedas: accidente no de transito
V021,Peaton lesionado por colision con vehiculo de motor de dos o tres ruedas: accidente de transito
V029,Peaton lesionado por colision con vehiculo de motor de dos o tres ruedas: accidente no especificado como de transito o no de transito
V030,"Peaton lesionado por colision con automovil, camioneta o furgoneta: accidente no de transito"
V031,"Peaton lesionado por colision con automovil, camioneta o furgoneta: accidente de transito"
V039,"Peaton lesionado por colision con automovil, camioneta o furgoneta: no especificado como de transito o no de transito"
V040,Peaton lesionado por colision con vehiculo de transporte pesado o autobus: accidente no de transito
V041,Peaton lesionado por colision con vehiculo de transporte pesado o autobus: accidente de transito
V049,Peaton lesionado por colision con vehiculo de transporte pesado o autobus: accidente no especificado como de transito o no de transito
V050,Peaton lesionado por colision con tren o vehiculo de rieles: accidente no de transito
V051,Peaton lesionado por colision con tren o vehiculo de rieles: accidente de transito
V059,Peaton lesionado por colision con tren o vehiculo de rieles: accidente no especificado como de transito o no de transito
V060,Peaton lesionado por colision con otros vehiculos sin motor: accidente no de transito
V061,Peaton lesionado por colision con otros vehiculos sin motor: accidente de transito
V069,Peaton lesionado por colision con otros vehiculos sin motor: accidente no especificado como de transito o no de transito
V100,Ciclista lesionado por colision con peaton o animal: conductor lesionado en accidente no de transito
V101,Ciclista lesionado por colision con peaton o animal: pasajero lesionado en accidente no de transito
V102,"Ciclista lesionado por colision con peaton o animal: ciclista no especificado, lesionado en accidente no de transito"
V103,Ciclista lesionado por colision con peaton o animal: persona lesionada al subir o bajar del vehiculo
V104,Ciclista lesionado por colision con peaton o animal: conductor lesionado en accidente de transito
V105,Ciclista lesionado por colision con peaton o animal: pasajero lesionado en accidente de transito
V109,"Ciclista lesionado por colision con peaton o animal: ciclista no especificado, lesionado en accidente de transito"
V110,Ciclista lesionado por colision con otro ciclista: conductor lesionado en accidente no de transito
V111,Ciclista lesionado por colision con otro ciclista: pasajero lesionado en accidente no de transito
V112,"Ciclista lesionado por colision con otro ciclista: no especificado, lesionado en accidente no de transito"
V113,Ciclista lesionado por colision con otro ciclista: persona lesionada al subir o bajar del vehiculo
V114,Ciclista lesionado por colision con otro ciclista: conductor lesionado en accidente de transito
V115,Ciclista lesionado por colision con otro ciclista: pasajero lesionado en accidente de transito
V119,"Ciclista lesionado por colision con otro ciclista: ciclista no especificado, lesionado en accidente de transito"
V120,Ciclista lesionado por colision con vehiculo de motor de dos o tres ruedas: conductor lesionado en accidente no de transito
V121,Ciclista lesionado por colision con vehiculo de motor de dos o tres ruedas: pasajero lesionado en accidente no de transito
V122,"Ciclista lesionado por colision con vehiculo de motor de dos o tres ruedas: ciclista no especificado, lesionado en accidente no de transito"
V123,Ciclista lesionado por colision con vehiculo de motor de dos o tres ruedas: persona lesionada al subir o bajar del vehiculo
V124,Ciclista lesionado por colision con vehiculo de motor de dos o tres ruedas: conductor lesionado en accidente de transito
V125,Ciclista lesionado por colision con vehiculo de motor de dos o tres ruedas: pasajero lesionado en accidente de transito
V129,"Ciclista lesionado por colision con vehiculo de motor de dos o tres ruedas: ciclista no especificado, lesionado en accidente de transito"
V130,"Ciclista lesionado por colision con automovil, camioneta o furgoneta: conductor lesionado en accidente no de transito"
V131,"Ciclista lesionado por colision con automovil, camioneta o furgoneta: pasajero lesionado en accidente no de transito"
V132,"Ciclista lesionado por colision con automovil, camioneta o furgoneta: ciclista no especificado, lesionado en accidente no de transito"
V133,"Ciclista lesionado por colision con automovil, camioneta o furgoneta: persona lesionada al subir o bajar del vehiculo"
V134,"Ciclista lesionado por colision con automovil, camioneta o furgoneta: conductor lesionado en accidente de transito"
V135,"Ciclista lesionado por colision con automovil, camioneta o furgoneta: pasajero lesionado en accidente de transito"
V139,"Ciclista lesionado por colision con automovil, camioneta o furgoneta: ciclista no especificado, lesionado en accidente de transito"
V140,Ciclista lesionado por colision con vehiculo de transporte pesado o autobus: conductor lesionado en accidente no de transito
V141,Ciclista lesionado por colision con vehiculo de transporte pesado o autobus: pasajero lesionado en accidente no de transito
V142,"Ciclista lesionado por colision con vehiculo de transporte pesado o autobus: ciclista no especificado, lesionado en accidente no de transito"
V143,Ciclista lesionado por colision con vehiculo de transporte pesado o autobus: persona lesionada al subir o bajar del vehiculo
V144,Ciclista lesionado por colision con vehiculo de transporte pesado o autobus: conductor lesionado en accidente de transito
V145,Ciclista lesionado por colision con vehiculo de transporte pesado o autobus: pasajero lesionado en accidente de transito
V149,"Ciclista lesionado por colision con vehiculo de transporte pesado o autobus: ciclista no especificado, lesionado en accidente de transito"
V150,Ciclista lesionado por colision con tren o vehiculo de rieles: conductor lesionado en accidente no de transito
V151,Ciclista lesionado por colision con tren o vehiculo de rieles: pasajero lesionado en accidente no de transito
V152,"Ciclista lesionado por colision con tren o vehiculo de rieles: ciclista no especificado, lesionado en accidente no de transito"
V153,Ciclista lesionado por colision con tren o vehiculo de rieles: persona lesionada al subir o bajar del vehiculo
V154,Ciclista lesionado por colision con tren o vehiculo de rieles: conductor lesionado en accidente de transito
V155,Ciclista lesionado por colision con tren o vehiculo de rieles: pasajero lesionado en accidente de transito
V159,"Ciclista lesionado por colision con tren o vehiculo de rieles: ciclista no especificado, lesionado en accidente de transito"
V160,Ciclista lesionado por colision con otros vehiculos sin motor: conductor lesionado en accidente no de transito
V161,Ciclista lesionado por colision con otros vehiculos sin motor: pasajero lesionado en accidente no de transito
V162,"Ciclista lesionado por colision con otros vehiculos sin motor: ciclista no especificado, lesionado en accidente no de transito"
V163,Ciclista lesionado por colision con otros vehiculos sin motor: persona lesionada al subir o bajar del vehiculo
V164,Ciclista lesionado por colision con otros vehiculos sin motor: conductor lesionado en accidente de transito
V165,Ciclista lesionado por colision con otros vehiculos sin motor: pasajero lesionado en accidente de transito
V169,"Ciclista lesionado por colision con otros vehiculos sin motor: ciclista no especificado, lesionado en accidente de transito"
V170,Ciclista lesionado por colision con objeto estacionado o fijo: conductor lesionado en accidente no de transito
V171,Ciclista lesionado por colision con objeto estacionado o fijo: pasajero lesionado en accidente no de transito
V172,"Ciclista lesionado por colision con objeto estacionado o fijo: ciclista no especificado, lesionado en accidente no de transito"
V173,Ciclista lesionado por colision con objeto estacionado o fijo: persona lesionada al subir o bajar del vehiculo
V174,Ciclista lesionado por colision con objeto estacionado o fijo conductor lesionado en accidente de transito
V175,Ciclista lesionado por colision con objeto estacionado o fijo: pasajero lesionado en accidente de transito
V179,"Ciclista lesionado por colision con objeto estacionado o fijo: ciclista no especificado, lesionado en accidente de transito"
V180,Ciclista lesionado en accidente de transporte sin colision: conductor lesionado en accidente no de transito
V181,Ciclista lesionado en accidente de transporte sin colision: pasajero lesionado en accidente no de transito
V182,"Ciclista lesionado en accidente de transporte sin colision: ciclista no especificado, lesionado en accidente no de transito"
V183,Ciclista lesionado en accidente de transporte sin colision: persona lesionada al subir o bajar del vehiculo
V184,Ciclista lesionado en accidente de transporte sin colision: conductor lesionado en accidente de transito
V185,Ciclista lesionado en accidente de transporte sin colision: pasajero lesionado en accidente de transito
V189,"Ciclista lesionado en accidente de transporte sin colision: ciclista no especificado, lesionado en accidente de transito"
V200,Motociclista lesionado por colision con peaton o animal: conductor lesionado en accidente no de transito
V201,Motociclista lesionado por colision con peaton o animal: pasajero lesionado en accidente no de transito
V202,"Motociclista lesionado por colision con peaton o animal: motociclista no especificado, lesionado en accidente no de transito"
V203,Motociclista lesionado por colision con peaton o animal: persona lesionada al subir o bajar del vehiculo
V204,Motociclista lesionado por colision con peaton o animal: conductor lesionado en accidente de transito
V205,Motociclista lesionado por colision con peaton o animal: pasajero lesionado en accidente de transito
V209,"Motociclista lesionado por colision con peaton o animal: motociclista no especificado, lesionado en accidente de transito"
V210,Motociclista lesionado por colision con vehiculo de pedal: conductor lesionado en accidente no de transito
V211,Motociclista lesionado por colision con vehiculo de pedal: pasajero lesionado en accidente no de transito
V212,"Motociclista lesionado por colision con vehiculo de pedal: motociclista no especificado, lesionado en accidente no de transito"
V213,Motociclista lesionado por colision con vehiculo de pedal: persona lesionada al subir o bajar del vehiculo
V214,Motociclista lesionado por colision con vehiculo de pedal: conductor lesionado en accidente de transito
V215,Motociclista lesionado por colision con vehiculo de pedal: pasajero lesionado en accidente de transito
V219,"Motociclista lesionado por colision con vehiculo de pedal: motociclista no especificado, lesionado en accidente de transito"
V220,Motociclista lesionado por colision con vehiculo de motor de dos o tres ruedas: conductor lesionado en accidente no de transito
V221,Motociclista lesionado por colision con vehiculo de motor de dos o tres ruedas: pasajero lesionado en accidente no de transito
V222,"Motociclista lesionado por colision con vehiculo de motor de dos o tres ruedas: motociclista no especificado, lesionado en accidente no de transito"
V223,Motociclista lesionado por colision con vehiculo de motor de dos o tres ruedas: persona lesionada al subir o bajar del vehiculo
V224,Motociclista lesionado por colision con vehiculo de motor de dos o tres ruedas: conductor lesionado en accidente de transito
V225,Motociclista lesionado por colision con vehiculo de motor de dos o tres ruedas: pasajero lesionado en accidente de transito
V229,"Motociclista lesionado por colision con vehiculo de motor de dos o tres ruedas: motociclista no especificado, lesionado en accidente de transito"
V230,"Motociclista lesionado por colision con automovil, camioneta o furgoneta: conductor lesionado en accidente no de transito"
V231,"Motociclista lesionado por colision con automovil, camioneta o furgoneta: pasajero lesionado en accidente no de transito"
V232,"Motociclista lesionado por colision con automovil, camioneta o furgoneta: motociclista no especificado, lesionado en accidente no de transito"
V233,"Motociclista lesionado por colision con automovil, camioneta o furgoneta: persona lesionada al subir o bajar del vehiculo"
V234,"Motociclista lesionado por colision con automovil, camioneta o furgoneta: conductor lesionado en accidente de transito"
V235,"Motociclista lesionado por colision con automovil, camioneta o furgoneta: pasajero lesionado en accidente de transito"
V239,"Motociclista lesionado por colision con automovil, camioneta o furgoneta: motociclista no especificado, lesionado en accidente de transito"
V240,Motociclista lesionado por colision con vehiculo de transporte pesado o autobus: conductor lesionado en accidente no de transito
V241,Motociclista lesionado por colision con vehiculo de transporte pesado o autobus: pasajero lesionado en accidente no de transito
V242,"Motociclista lesionado por colision con vehiculo de transporte pesado o autobus: motociclista no especificado, lesionado en accidente no de transito"
V243,Motociclista lesionado por colision con vehiculo de transporte pesado o autobus: persona lesionada al subir o bajar del vehiculo
V244,Motociclista lesionado por colision con vehiculo de transporte pesado o autobus: conductor lesionado en accidente de transito
V245,Motociclista lesionado por colision con vehiculo de transporte pesado o autobus: pasajero lesionado en accidente de transito
V249,"Motociclista lesionado por colision con vehiculo de transporte pesado o autobus: motociclista no especificado, lesionado en accidente de transito"
V250,Motociclista lesionado por colision con tren o vehiculo de rieles: conductor lesionado en accidente no de transito
V251,Motociclista lesionado por colision con tren o vehiculo de rieles: pasajero lesionado en accidente no de transito
V252,"Motociclista lesionado por colision con tren o vehiculo de rieles: motociclista no especificado, lesionado en accidente no de transito"
V253,Motociclista lesionado por colision con tren o vehiculo de rieles: persona lesionada al subir o bajar del vehiculo
V254,Motociclista lesionado por colision con tren o vehiculo de rieles: conductor lesionado en accidente de transito
V255,Motociclista lesionado por colision con tren o vehiculo de rieles: pasajero lesionado en accidente de transito
V259,"Motociclista lesionado por colision con tren o vehiculo de rieles: motociclista no especificado, lesionado en accidente de transito"
V260,Motociclista lesionado por colision con otros vehiculos sin motor: conductor lesionado en accidente no de transito
V261,Motociclista lesionado por colision con otros vehiculos sin motor: pasajero lesionado en accidente no de transito
V262,"Motociclista lesionado por colision con otros vehiculos sin motor: motociclista no especificado, lesionado en accidente no de transito"
V263,Motociclista lesionado por colision con otros vehiculos sin motor: persona lesionada al subir o bajar del vehiculo
V264,Motociclista lesionado por colision con otros vehiculos sin motor: conductor lesionado en accidente de transito
V265,Motociclista lesionado por colision con otros vehiculos sin motor: pasajero lesionado en accidente de transito
V269,"Motociclista lesionado por colision con otros vehiculos sin motor: motociclista no especificado, lesionado en accidente de transito"
V270,Motociclista lesionado por colision con objeto fijo o estacionado: conductor lesionado en accidente no de transito
V271,Motociclista lesionado por colision con objeto fijo o estacionado: pasajero lesionado en accidente no de transito
V272,"Motociclista lesionado por colision con objeto fijo o estacionado: motociclista no especificado, lesionado en accidente no de transito"
V273,Motociclista lesionado por colision con objeto fijo o estacionado: persona lesionada al subir o bajar del vehiculo
V274,Motociclista lesionado por colision con objeto fijo o estacionado: conductor lesionado en accidente de transito
V275,Motociclista lesionado por colision con objeto fijo o estacionado: pasajero lesionado en accidente de transito
V279,"Motociclista lesionado por colision con objeto fijo o estacionado: motociclista no especificado, lesionado en accidente de transito"
V280,Motociclista lesionado en accidente de transporte sin colision: conductor lesionado en accidente no de transito
V281,Motociclista lesionado en accidente de transporte sin colision: pasajero lesionado en accidente no de transito
V282,"Motociclista lesionado en accidente de transporte sin colision: motociclista no especificado, lesionado en accidente no de transito"
V283,Motociclista lesionado en accidente de transporte sin colision: persona lesionada al subir o bajar del vehiculo
V284,Motociclista lesionado en accidente de transporte sin colision: conductor lesionado en accidente de transito
V285,Motociclista lesionado en accidente de transporte sin colision: pasajero lesionado en accidente de transito
V289,"Motociclista lesionado en accidente de transporte sin colision: motociclista no especificado, lesionado en accidente de transito"
V300,Ocupante de vehiculo de motor de tres ruedas lesionado por colision con peaton o animal: conductor lesionado en accidente no de transito
V301,Ocupante de vehiculo de motor de tres ruedas lesionado por colision con peaton o animal: pasajero lesionado en accidente no de transito
V302,"Ocupante de vehiculo de motor de tres ruedas lesionado por colision con peaton o animal: persona que viaja fuera del vehiculo, lesionada en accidente no de transito"
V303,"Ocupante de vehiculo de motor de tres ruedas lesionado por colision con peaton o animal: ocupante no especificado de vehiculo de motor de tres ruedas, lesionado en accidente no de transito"
V304,Ocupante de vehiculo de motor de tres ruedas lesionado por colision con peaton o animal: persona lesionada al subir o bajar del vehiculo
V305,Ocupante de vehiculo de motor de tres ruedas lesionado por colision con peaton o animal: conductor lesionado en accidente de transito
V306,Ocupante de vehiculo de motor de tres ruedas lesionado por colision con peaton o animal: pasajero lesionado en accidente de transito
V307,"Ocupante de vehiculo de motor de tres ruedas lesionado por colision con peaton o animal: persona que viaja fuera del vehiculo, lesionada en accidente de transito"
V309,"Ocupante de vehiculo de motor de tres ruedas lesionado por colision con peaton o animal: ocupante no especificado de vehiculo de motor de tres ruedas, lesionado en accidente de transito"
V310,Ocupante de vehiculo de motor de tres ruedas lesionado por colision con vehiculo de pedal: conductor lesionado en accidente no de transito
V311,Ocupante de vehiculo de motor de tres ruedas lesionado por colision con vehiculo de pedal: pasajero lesionado en accidente no de transito
V312,"Ocupante de vehiculo de motor de tres ruedas lesionado por colision con vehiculo de pedal: persona que viaja fuera del vehiculo, lesionada en accidente no de transito"
V313,"Ocupante de vehiculo de motor de tres ruedas lesionado por colision con vehiculo de pedal: ocupante no especificado de vehiculo de motor de tres ruedas, lesionado en accidente no de transito"
V314,Ocupante de vehiculo de motor de tres ruedas lesionado por colision con vehiculo de pedal: persona lesionada al subir o bajar del vehiculo
V315,Ocupante de vehiculo de motor de tres ruedas lesionado por colision con vehiculo de pedal: conductor lesionado en accidente de transito
V316,Ocupante de vehiculo de motor de tres ruedas lesionado por colision con vehiculo de pedal: pasajero lesionado en accidente de transito
V317,"Ocupante de vehiculo de motor de tres ruedas lesionado por colision con vehiculo de pedal: persona que viaja fuera del vehiculo, lesionada en accidente de transito"
V319,"Ocupante de vehiculo de motor de tres ruedas lesionado por colision con vehiculo de pedal: ocupante no especificado de vehiculo de motor de tres ruedas, lesionado en accidente de transito"
V320,Ocupante de vehiculo de motor de tres ruedas lesionado por colision con otro vehiculo de motor de dos o tres ruedas: conductor lesionado en accidente no de transito
V321,Ocupante de vehiculo de motor de tres ruedas lesionado por colision con otro vehiculo de motor de dos o tres ruedas: pasajero lesionado en accidente no de transito
V322,"Ocupante de vehiculo de motor de tres ruedas lesionado por colision con otro vehiculo de motor de dos o tres ruedas: persona que viaja fuera del vehiculo, lesionada en accidente no de transito"
V323,"Ocupante de vehiculo de motor de tres ruedas lesionado por colision con otro vehiculo de motor de dos o tres ruedas: ocupante no especificado de vehiculo de motor de tres ruedas, lesionado en accidente no de transito"
V324,Ocupante de vehiculo de motor de tres ruedas lesionado por colision con otro vehiculo de motor de dos o tres ruedas: persona lesionada al subir o bajar del vehiculo
V325,Ocupante de vehiculo de motor de tres ruedas lesionado por colision con otro vehiculo de motor de dos o tres ruedas: conductor lesionado en accidente de transito
V326,Ocupante de vehiculo de motor de tres ruedas lesionado por colision con otro vehiculo de motor de dos o tres ruedas: pasajero lesionado en accidente de transito
V327,"Ocupante de vehiculo de motor de tres ruedas lesionado por colision con otro vehiculo de motor de dos o tres ruedas: persona que viaja fuera del vehiculo, lesionada en accidente de transito"
V329,"Ocupante de vehiculo de motor de tres ruedas lesionado por colision con otro vehiculo de motor de dos o tres ruedas: ocupante no especificado de vehiculo de motor de tres ruedas, lesionado en accidente de transito"
V330,"Ocupante de vehiculo de motor de tres ruedas lesionado por colision con automovil, camioneta o furgoneta: conductor lesionado en accidente no de transito"
V331,"Ocupante de vehiculo de motor de tres ruedas lesionado por colision con automovil, camioneta o furgoneta: pasajero lesionado en accidente no de transito"
V332,"Ocupante de vehiculo de motor de tres ruedas lesionado por colision con automovil, camioneta o furgoneta: persona que viaja fuera del vehiculo, lesionada en accidente no de transito"
V333,"Ocupante de vehiculo de motor de tres ruedas lesionado por colision con automovil, camioneta o furgoneta: ocupante no especificado de vehiculo de motor de tres ruedas, lesionado en accidente no de transito"
V334,"Ocupante de vehiculo de motor de tres ruedas lesionado por colision con automovil, camioneta o furgoneta: persona lesionada al subir o bajar del vehiculo"
V335,"Ocupante de vehiculo de motor de tres ruedas lesionado por colision con automovil, camioneta o furgoneta: conductor lesionado en accidente de transito"
V336,"Ocupante de vehiculo de motor de tres ruedas lesionado por colision con automovil, camioneta o furgoneta: pasajero lesionado en accidente de transito"
V337,"Ocupante de vehiculo de motor de tres ruedas lesionado por colision con automovil, camioneta o furgoneta: persona que viaja fuera del vehiculo, lesionada en accidente de transito"
V339,"Ocupante de vehiculo de motor de tres ruedas lesionado por colision con automovil, camioneta o furgoneta: ocupante no especificado de vehiculo de motor de tres ruedas, lesionado en accidente de transito"
V340,Ocupante de vehiculo de motor de tres ruedas lesionado por colision con vehiculo de transporte pesado o autobus: conductor lesionado en accidente no de transito
V341,Ocupante de vehiculo de motor de tres ruedas lesionado por colision con vehiculo de transporte pesado o autobus: pasajero lesionado en accidente no de transito
V342,"Ocupante de vehiculo de motor de tres ruedas lesionado por colision con vehiculo de transporte pesado o autobus: persona que viaja fuera del vehiculo, lesionada en accidente no de transito"
V343,"Ocupante de vehiculo de motor de tres ruedas lesionado por colision con vehiculo de transporte pesado o autobus: ocupante no especificado de vehiculo de motor de tres ruedas, lesionado en accidente no de transito"
V344,Ocupante de vehiculo de motor de tres ruedas lesionado por colision con vehiculo de transporte pesado o autobus: persona lesionada al subir o bajar del vehiculo
V345,Ocupante de vehiculo de motor de tres ruedas lesionado por colision con vehiculo de transporte pesado o autobus: conductor lesionado en accidente de transito
V346,Ocupante de vehiculo de motor de tres ruedas lesionado por colision con vehiculo de transporte pesado o autobus: pasajero lesionado en accidente de transito
V347,"Ocupante de vehiculo de motor de tres ruedas lesionado por colision con vehiculo de transporte pesado o autobus: persona que viaja fuera del vehiculo, lesionada en accidente de transito"
V349,"Ocupante de vehiculo de motor de tres ruedas lesionado por colision con vehiculo de transporte pesado o autobus: ocupante no especificado de vehiculo de motor de tres ruedas, lesionado en accidente de transito"
V350,Ocupante de vehiculo de motor de tres ruedas lesionado por colision con tren o vehiculo de rieles: conductor lesionado en accidente no de transito
V351,Ocupante de vehiculo de motor de tres ruedas lesionado por colision con tren o vehiculo de rieles: pasajero lesionado en accidente no de transito
V352,"Ocupante de vehiculo de motor de tres ruedas lesionado por colision con tren o vehiculo de rieles: persona que viaja fuera del vehiculo, lesionada en accidente no de transito"
V353,"Ocupante de vehiculo de motor de tres ruedas lesionado por colision con tren o vehiculo de rieles: ocupante no especificado de vehiculo de motor de tres ruedas, lesionado en accidente no de transito"
V354,Ocupante de vehiculo de motor de tres ruedas lesionado por colision con tren o vehiculo de rieles: persona lesionada al subir o bajar del vehiculo
V355,Ocupante de vehiculo de motor de tres ruedas lesionado por colision con tren o vehiculo de rieles: conductor lesionado en accidente de transito
V356,Ocupante de vehiculo de motor de tres ruedas lesionado por colision con tren o vehiculo de rieles: pasajero lesionado en accidente de transito
V357,"Ocupante de vehiculo de motor de tres ruedas lesionado por colision con tren o vehiculo de rieles: persona que viaja fuera del vehiculo, lesionada en accidente de transito"
V359,"Ocupante de vehiculo de motor de tres ruedas lesionado por colision con tren o vehiculo de rieles: ocupante no especificado de vehiculo de motor de tres ruedas, lesionado en accidente de transito"
V360,Ocupante de vehiculo de motor de tres ruedas lesionado por colision con otros vehiculos sin motor: conductor lesionado en accidente no de transito
V361,Ocupante de vehiculo de motor de tres ruedas lesionado por colision con otros vehiculos sin motor: pasajero lesionado en accidente no de transito
V362,"Ocupante de vehiculo de motor de tres ruedas lesionado por colision con otros vehiculos sin motor: persona que viaja fuera del vehiculo, lesionada en accidente no de transito"
V363,"Ocupante de vehiculo de motor de tres ruedas lesionado por colision con otros vehiculos sin motor: ocupante no especificado de vehiculo de motor de tres ruedas, lesionado en accidente no de transito"
V364,Ocupante de vehiculo de motor de tres ruedas lesionado por colision con otros vehiculos sin motor: persona lesionada al subir o bajar del vehiculo
V365,Ocupante de vehiculo de motor de tres ruedas lesionado por colision con otros vehiculos sin motor: conductor lesionado en accidente de transito
V366,Ocupante de vehiculo de motor de tres ruedas lesionado por colision con otros vehiculos sin motor: pasajero lesionado en accidente de transito
V367,"Ocupante de vehiculo de motor de tres ruedas lesionado por colision con otros vehiculos sin motor: persona que viaja fuera del vehiculo, lesionada en accidente de transito"
V369,"Ocupante de vehiculo de motor de tres ruedas lesionado por colision con otros vehiculos sin motor: ocupante no especificado de vehiculo de motor de tres ruedas, lesionado en accidente de transito"
V370,Ocupante de vehiculo de motor de tres ruedas lesionado por colision con objeto fijo o estacionado: conductor lesionado en accidente no de transito
V371,Ocupante de vehiculo de motor de tres ruedas lesionado por colision con objeto fijo o estacionado: pasajero lesionado en accidente no de transito
V372,"Ocupante de vehiculo de motor de tres ruedas lesionado por colision con objeto fijo o estacionado: persona que viaja fuera del vehiculo, lesionada en accidente no de transito"
V373,"Ocupante de vehiculo de motor de tres ruedas lesionado por colision con objeto fijo o estacionado: ocupante no especificado de vehiculo de motor de tres ruedas, lesionado en accidente no de transito"
V374,Ocupante de vehiculo de motor de tres ruedas lesionado por colision con objeto fijo o estacionado: persona lesionada al subir o bajar del vehiculo
V375,Ocupante de vehiculo de motor de tres ruedas lesionado por colision con objeto fijo o estacionado: conductor lesionado en accidente de transito
V376,Ocupante de vehiculo de motor de tres ruedas lesionado por colision con objeto fijo o estacionado: pasajero lesionado en accidente de transito
V377,"Ocupante de vehiculo de motor de tres ruedas lesionado por colision con objeto fijo o estacionado: persona que viaja fuera del vehiculo, lesionada en accidente de transito"
V379,"Ocupante de vehiculo de motor de tres ruedas lesionado por colision con objeto fijo o estacionado: ocupante no especificado de vehiculo de motor de tres ruedas, lesionado en accidente de transito"
V380,Ocupante de vehiculo de motor de tres ruedas lesionado en accidente de transporte sin colision: conductor lesionado en accidente no de transito
V381,Ocupante de vehiculo de motor de tres ruedas lesionado en accidente de transporte sin colision: pasajero lesionado en accidente no de transito
V382,"Ocupante de vehiculo de motor de tres ruedas lesionado en accidente de transporte sin colision: persona que viaja fuera del vehiculo, lesionada en accidente no de transito"
V383,"Ocupante de vehiculo de motor de tres ruedas lesionado en accidente de transporte sin colision: ocupante no especificado de vehiculo de motor de tres ruedas, lesionado en accidente no de transito"
V384,Ocupante de vehiculo de motor de tres ruedas lesionado en accidente de transporte sin colision: persona lesionada al subir o bajar del vehiculo
V385,Ocupante de vehiculo de motor de tres ruedas lesionado en accidente de transporte sin colision: conductor lesionado en accidente de transito
V386,Ocupante de vehiculo de motor de tres ruedas lesionado en accidente de transporte sin colision: pasajero lesionado en accidente de transito
V387,"Ocupante de vehiculo de motor de tres ruedas lesionado en accidente de transporte sin colision: persona que viaja fuera del vehiculo, lesionada en accidente de transito"
V389,"Ocupante de vehiculo de motor de tres ruedas lesionado en accidente de transporte sin colision: ocupante no especificado de vehiculo de motor de tres ruedas, lesionado en accidente de transito"
V400,Ocupante de automovil lesionado por colision con peaton o animal: conductor lesionado en accidente no de transito
V401,Ocupante de automovil lesionado por colision con peaton o animal: pasajero lesionado en accidente no de transito
V402,"Ocupante de automovil lesionado por colision con peaton o animal: persona que viaja fuera del vehiculo, lesionada en accidente no de transito"
V403,"Ocupante de automovil lesionado por colision con peaton o animal: ocupante no especificado de automovil, lesionado en accidente no de transito"
V404,Ocupante de automovil lesionado por colision con peaton o animal: persona lesionada al subir o bajar del vehiculo
V405,Ocupante de automovil lesionado por colision con peaton o animal: conductor lesionado en accidente de transito
V406,Ocupante de automovil lesionado por colision con peaton o animal: pasajero lesionado en accidente de transito
V407,"Ocupante de automovil lesionado por colision con peaton o animal: persona que viaja fuera del vehiculo, lesionada en accidente de transito"
V409,"Ocupante de automovil lesionado por colision con peaton o animal: ocupante no especificado de automovil, lesionado en accidente de transito"
V410,Ocupante de automovil lesionado por colision con vehiculo de pedal: conductor lesionado en accidente no de transito
V411,Ocupante de automovil lesionado por colision con vehiculo de pedal: pasajero lesionado en accidente no de transito
V412,"Ocupante de automovil lesionado por colision con vehiculo de pedal: persona que viaja fuera del vehiculo, lesionada en accidente no de transito"
V413,"Ocupante de automovil lesionado por colision con vehiculo de pedal: ocupante no especificado de automovil, lesionado en accidente no de transito"
V414,Ocupante de automovil lesionado por colision con vehiculo de pedal: persona lesionada al subir o bajar del vehiculo
V415,Ocupante de automovil lesionado por colision con vehiculo de pedal: conductor lesionado en accidente de transito
V416,Ocupante de automovil lesionado por colision con vehiculo de pedal: pasajero lesionado en accidente de transito
V417,"Ocupante de automovil lesionado por colision con vehiculo de pedal: persona que viaja fuera del vehiculo, lesionada en accidente de transito"
V419,"Ocupante de automovil lesionado por colision con vehiculo de pedal: ocupante no especificado de automovil, lesionado en accidente de transito"
V420,Ocupante de automovil lesionado por colision con vehiculo de motor de dos o tres ruedas: conductor lesionado en accidente no de transito
V421,Ocupante de automovil lesionado por colision con vehiculo de motor de dos o tres ruedas: pasajero lesionado en accidente no de transito
V422,"Ocupante de automovil lesionado por colision con vehiculo de motor de dos o tres ruedas: persona que viaja fuera del vehiculo, lesionada en accidente no de transito"
V423,"Ocupante de automovil lesionado por colision con vehiculo de motor de dos o tres ruedas: ocupante no especificado de automovil, lesionado en accidente no de transito"
V424,Ocupante de automovil lesionado por colision con vehiculo de motor de dos o tres ruedas: persona lesionada al subir o bajar del vehiculo
V425,Ocupante de automovil lesionado por colision con vehiculo de motor de dos o tres ruedas: conductor lesionado en accidente de transito
V426,Ocupante de automovil lesionado por colision con vehiculo de motor de dos o tres ruedas: pasajero lesionado en accidente de transito
V427,"Ocupante de automovil lesionado por colision con vehiculo de motor de dos o tres ruedas: persona que viaja fuera del vehiculo, lesionada en accidente de transito"
V429,"Ocupante de automovil lesionado por colision con vehiculo de motor de dos o tres ruedas: ocupante no especificado de automovil, lesionado en accidente de transito"
V430,"Ocupante de automovil lesionado por colision con otro automovil, camioneta o furgoneta: conductor lesionado en accidente no de transito"
V431,"Ocupante de automovil lesionado por colision con otro automovil, camioneta o furgoneta: pasajero lesionado en accidente no de transito"
V432,"Ocupante de automovil lesionado por colision con otro automovil, camioneta o furgoneta: persona que viaja fuera del vehiculo, lesionada en accidente no de transito"
V433,"Ocupante de automovil lesionado por colision con otro automovil, camioneta o furgoneta: ocupante no especificado de automovil, lesionado en accidente no de transito"
V434,"Ocupante de automovil lesionado por colision con otro automovil, camioneta o furgoneta: persona lesionada al subir o bajar del vehiculo"
V435,"Ocupante de automovil lesionado por colision con otro automovil, camioneta o furgoneta: conductor lesionado en accidente de transito"
V436,"Ocupante de automovil lesionado por colision con otro automovil, camioneta o furgoneta: pasajero lesionado en accidente de transito"
V437,"Ocupante de automovil lesionado por colision con otro automovil, camioneta o furgoneta: persona que viaja fuera del vehiculo, lesionada en accidente de transito"
V439,"Ocupante de automovil lesionado por colision con otro automovil, camioneta o furgoneta: ocupante no especificado de automovil, lesionado en accidente de transito"
V440,Ocupante de automovil lesionado por colision con vehiculo de transporte pesado o autobus: conductor lesionado en accidente no de transito
V441,Ocupante de automovil lesionado por colision con vehiculo de transporte pesado o autobus: pasajero lesionado en accidente no de transito
V442,"Ocupante de automovil lesionado por colision con vehiculo de transporte pesado o autobus: persona que viaja fuera del vehiculo, lesionada en accidente no de transito"
V443,"Ocupante de automovil lesionado por colision con vehiculo de transporte pesado o autobus: ocupante no especificado de automovil, lesionado en accidente no de transito"
V444,Ocupante de automovil lesionado por colision con vehiculo de transporte pesado o autobus: persona lesionada al subir o bajar del vehiculo
V445,Ocupante de automovil lesionado por colision con vehiculo de transporte pesado o autobus: conductor lesionado en accidente de transito
V446,Ocupante de automovil lesionado por colision con vehiculo de transporte pesado o autobus: pasajero lesionado en accidente de transito
V447,"Ocupante de automovil lesionado por colision con vehiculo de transporte pesado o autobus: persona que viaja fuera del vehiculo, lesionada en accidente de transito"
V449,"Ocupante de automovil lesionado por colision con vehiculo de transporte pesado o autobus: ocupante no especificado de automovil, lesionado en accidente de transito"
V450,Ocupante de automovil lesionado por colision con tren o vehiculo de rieles: conductor lesionado en accidente no de transito
V451,Ocupante de automovil lesionado por colision con tren o vehiculo de rieles: pasajero lesionado en accidente no de transito
V452,"Ocupante de automovil lesionado por colision con tren o vehiculo de rieles: persona que viaja fuera del vehiculo, lesionada en accidente no de transito"
V453,"Ocupante de automovil lesionado por colision con tren o vehiculo de rieles: ocupante no especificado de automovil, lesionado en accidente no de transito"
V454,Ocupante de automovil lesionado por colision con tren o vehiculo de rieles: persona lesionada al subir o bajar del vehiculo
V455,Ocupante de automovil lesionado por colision con tren o vehiculo de rieles: conductor lesionado en accidente de transito
V456,Ocupante de automovil lesionado por colision con tren o vehiculo de rieles: pasajero lesionado en accidente de transito
V457,"Ocupante de automovil lesionado por colision con tren o vehiculo de rieles: persona que viaja fuera del vehiculo, lesionada en accidente de transito"
V459,"Ocupante de automovil lesionado por colision con tren o vehiculo de rieles: ocupante no especificado de automovil, lesionado en accidente de transito"
V460,Ocupante de automovil lesionado por colision con otros vehiculos sin motor: conductor lesionado en accidente no de transito
V461,Ocupante de automovil lesionado por colision con otros vehiculos sin motor: pasajero lesionado en accidente no de transito
V462,"Ocupante de automovil lesionado por colision con otros vehiculos sin motor: persona que viaja fuera del vehiculo, lesionada en accidente no de transito"
V463,"Ocupante de automovil lesionado por colision con otros vehiculos sin motor: ocupante no especificado de automovil, lesionado en accidente no de transito"
V464,Ocupante de automovil lesionado por colision con otros vehiculos sin motor: persona lesionada al subir o bajar del vehiculo
V465,Ocupante de automovil lesionado por colision con otros vehiculos sin motor: conductor lesionado en accidente de transito
V466,Ocupante de automovil lesionado por colision con otros vehiculos sin motor: pasajero lesionado en accidente de transito
V467,"Ocupante de automovil lesionado por colision con otros vehiculos sin motor: persona que viaja fuera del vehiculo, lesionada en accidente de transito"
V469,"Ocupante de automovil lesionado por colision con otros vehiculos sin motor: ocupante no especificado de automovil, lesionado en accidente de transito"
V470,Ocupante de automovil lesionado por colision con objeto fijo o estacionado: conductor lesionado en accidente no de transito
V471,Ocupante de automovil lesionado por colision con objeto fijo o estacionado: pasajero lesionado en accidente no de transito
V472,"Ocupante de automovil lesionado por colision con objeto fijo o estacionado: persona que viaja fuera del vehiculo, lesionada en accidente no de transito"
V473,"Ocupante de automovil lesionado por colision con objeto fijo o estacionado: ocupante no especificado de automovil, lesionado en accidente no de transito"
V474,Ocupante de automovil lesionado por colision con objeto fijo o estacionado: persona lesionada al subir o bajar del vehiculo
V475,Ocupante de automovil lesionado por colision con objeto fijo o estacionado: conductor lesionado en accidente de transito
V476,Ocupante de automovil lesionado por colision con objeto fijo o estacionado: pasajero lesionado en accidente de transito
V477,"Ocupante de automovil lesionado por colision con objeto fijo o estacionado: persona que viaja fuera del vehiculo, lesionada en accidente de transito"
V479,"Ocupante de automovil lesionado por colision con objeto fijo o estacionado: ocupante no especificado de automovil, lesionado en accidente de transito"
V480,Ocupante de automovil lesionado en accidente de transporte sin colision: conductor lesionado en accidente no de transito
V481,Ocupante de automovil lesionado en accidente de transporte sin colision: pasajero lesionado en accidente no de transito
V482,"Ocupante de automovil lesionado en accidente de transporte sin colision: persona que viaja fuera del vehiculo, lesionada en accidente no de transito"
V483,"Ocupante de automovil lesionado en accidente de transporte sin colision: ocupante no especificado de automovil, lesionado en accidente no de transito"
V484,Ocupante de automovil lesionado en accidente de transporte sin colision: persona lesionada al subir o bajar del vehiculo
V485,Ocupante de automovil lesionado en accidente de transporte sin colision: conductor lesionado en accidente de transito
V486,Ocupante de automovil lesionado en accidente de transporte sin colision: pasajero lesionado en accidente de transito
V487,"Ocupante de automovil lesionado en accidente de transporte sin colision: persona que viaja fuera del vehiculo, lesionada en accidente de transito"
V489,"Ocupante de automovil lesionado en accidente de transporte sin colision: ocupante no especificado de automovil, lesionado en accidente de transito"
V500,Ocupante de camioneta o furgoneta lesionado por colision con peaton o animal: conductor lesionado en accidente no de transito
V501,Ocupante de camioneta o furgoneta lesionado por colision con peaton o animal: pasajero lesionado en accidente no de transito
V502,"Ocupante de camioneta o furgoneta lesionado por colision con peaton o animal: persona que viaja fuera del vehiculo, lesionada en accidente no de transito"
V503,"Ocupante de camioneta o furgoneta lesionado por colision con peaton o animal: ocupante no especificado de camioneta o furgoneta, lesionado en accidente no de transito"
V504,Ocupante de camioneta o furgoneta lesionado por colision con peaton o animal: persona lesionada al subir o bajar del vehiculo
V505,Ocupante de camioneta o furgoneta lesionado por colision con peaton o animal: conductor lesionado en accidente de transito
V506,Ocupante de camioneta o furgoneta lesionado por colision con peaton o animal: pasajero lesionado en accidente de transito
V507,"Ocupante de camioneta o furgoneta lesionado por colision con peaton o animal: persona que viaja fuera del vehiculo, lesionada en accidente de transito"
V509,"Ocupante de camioneta o furgoneta lesionado por colision con peaton o animal: ocupante no especificado de camioneta o furgoneta, lesionado en accidente de transito"
V510,Ocupante de camioneta o furgoneta lesionado por colision con vehiculo de pedal: conductor lesionado en accidente no de transito
V511,Ocupante de camioneta o furgoneta lesionado por colision con vehiculo de pedal: pasajero lesionado en accidente no de transito
V512,"Ocupante de camioneta o furgoneta lesionado por colision con vehiculo de pedal: persona que viaja fuera del vehiculo, lesionada en accidente no de transito"
V513,"Ocupante de camioneta o furgoneta lesionado por colision con vehiculo de pedal: ocupante no especificado de camioneta o furgoneta, lesionado en accidente no de transito"
V514,Ocupante de camioneta o furgoneta lesionado por colision con vehiculo de pedal: persona lesionada al subir o bajar del vehiculo
V515,Ocupante de camioneta o furgoneta lesionado por colision con vehiculo de pedal: conductor lesionado en accidente de transito
V516,Ocupante de camioneta o furgoneta lesionado por colision con vehiculo de pedal: pasajero lesionado en accidente de transito
V517,"Ocupante de camioneta o furgoneta lesionado por colision con vehiculo de pedal: persona que viaja fuera del vehiculo, lesionada en accidente de transito"
V519,"Ocupante de camioneta o furgoneta lesionado por colision con vehiculo de pedal: ocupante no especificado de camioneta o furgoneta, lesionado en accidente de transito"
V520,Ocupante de camioneta o furgoneta lesionado por colision con vehiculo de motor de dos o tres ruedas: conductor lesionado en accidente no de transito
V521,Ocupante de camioneta o furgoneta lesionado por colision con vehiculo de motor de dos o tres ruedas: pasajero lesionado en accidente no de transito
V522,"Ocupante de camioneta o furgoneta lesionado por colision con vehiculo de motor de dos o tres ruedas: persona que viaja fuera del vehiculo, lesionada en accidente no de transito"
V523,"Ocupante de camioneta o furgoneta lesionado por colision con vehiculo de motor de dos o tres ruedas: ocupante no especificado de camioneta o furgoneta, lesionado en accidente no de transito"
V524,Ocupante de camioneta o furgoneta lesionado por colision con vehiculo de motor de dos o tres ruedas: persona lesionada al subir o bajar del vehiculo
V525,Ocupante de camioneta o furgoneta lesionado por colision con vehiculo de motor de dos o tres ruedas: conductor lesionado en accidente de transito
V526,Ocupante de camioneta o furgoneta lesionado por colision con vehiculo de motor de dos o tres ruedas: pasajero lesionado en accidente de transito
V527,"Ocupante de camioneta o furgoneta lesionado por colision con vehiculo de motor de dos o tres ruedas: persona que viaja fuera del vehiculo, lesionada en accidente de transito"
V529,"Ocupante de camioneta o furgoneta lesionado por colision con vehiculo de motor de dos o tres ruedas: ocupante no especificado de camioneta o furgoneta, lesionado en accidente de transito"
V530,"Ocupante de camioneta o furgoneta lesionado por colision con automovil, camioneta o furgoneta: conductor lesionado en accidente no de transito"
V531,"Ocupante de camioneta o furgoneta lesionado por colision con automovil, camioneta o furgoneta: pasajero lesionado en accidente no de transito"
V532,"Ocupante de camioneta o furgoneta lesionado por colision con automovil, camioneta o furgoneta: persona que viaja fuera del vehiculo, lesionada en accidente no de transito"
V533,"Ocupante de camioneta o furgoneta lesionado por colision con automovil, camioneta o furgoneta: ocupante no especificado de camioneta o furgoneta, lesionado en accidente no de transito"
V534,"Ocupante de camioneta o furgoneta lesionado por colision con automovil, camioneta o furgoneta: persona lesionada al subir o bajar del vehiculo"
V535,"Ocupante de camioneta o furgoneta lesionado por colision con automovil, camioneta o furgoneta: conductor lesionado en accidente de transito"
V536,"Ocupante de camioneta o furgoneta lesionado por colision con automovil, camioneta o furgoneta: pasajero lesionado en accidente de transito"
V537,"Ocupante de camioneta o furgoneta lesionado por colision con automovil, camioneta o furgoneta: persona que viaja fuera del vehiculo, lesionada en accidente de transito"
V539,"Ocupante de camioneta o furgoneta lesionado por colision con automovil, camioneta o furgoneta: ocupante no especificado de camioneta o furgoneta, lesionado en accidente de transito"
V540,Ocupante de camioneta o furgoneta lesionado por colision con vehiculo de transporte pesado o autobus: conductor lesionado en accidente no de transito
V541,Ocupante de camioneta o furgoneta lesionado por colision con vehiculo de transporte pesado o autobus: pasajero lesionado en accidente no de transito
V542,"Ocupante de camioneta o furgoneta lesionado por colision con vehiculo de transporte pesado o autobus: persona que viaja fuera del vehiculo, lesionada en accidente no de transito"
V543,"Ocupante de camioneta o furgoneta lesionado por colision con vehiculo de transporte pesado o autobus: ocupante no especificado de camioneta o furgoneta, lesionado en accidente no de transito"
V544,Ocupante de camioneta o furgoneta lesionado por colision con vehiculo de transporte pesado o autobus: persona lesionada al subir o bajar del vehiculo
V545,Ocupante de camioneta o furgoneta lesionado por colision con vehiculo de transporte pesado o autobus: conductor lesionado en accidente de transito
V546,Ocupante de camioneta o furgoneta lesionado por colision con vehiculo de transporte pesado o autobus: pasajero lesionado en accidente de transito
V547,"Ocupante de camioneta o furgoneta lesionado por colision con vehiculo de transporte pesado o autobus: persona que viaja fuera del vehiculo, lesionada en accidente de transito"
V549,"Ocupante de camioneta o furgoneta lesionado por colision con vehiculo de transporte pesado o autobus: ocupante no especificado de camioneta o furgoneta, lesionado en accidente de transito"
V550,Ocupante de camioneta o furgoneta lesionado por colision con tren o vehiculo de rieles: conductor lesionado en accidente no de transito
V551,Ocupante de camioneta o furgoneta lesionado por colision con tren o vehiculo de rieles: pasajero lesionado en accidente no de transito
V552,"Ocupante de camioneta o furgoneta lesionado por colision con tren o vehiculo de rieles: persona que viaja fuera del vehiculo, lesionada en accidente no de transito"
V553,"Ocupante de camioneta o furgoneta lesionado por colision con tren o vehiculo de rieles: ocupante no especificado de camioneta o furgoneta, lesionado en accidente no de transito"
V554,Ocupante de camioneta o furgoneta lesionado por colision con tren o vehiculo de rieles: persona lesionada al subir o bajar del vehiculo
V555,Ocupante de camioneta o furgoneta lesionado por colision con tren o vehiculo de rieles: conductor lesionado en accidente de transito
V556,Ocupante de camioneta o furgoneta lesionado por colision con tren o vehiculo de rieles: pasajero lesionado en accidente de transito
V557,"Ocupante de camioneta o furgoneta lesionado por colision con tren o vehiculo de rieles: persona que viaja fuera del vehiculo, lesionada en accidente de transito"
V559,"Ocupante de camioneta o furgoneta lesionado por colision con tren o vehiculo de rieles: ocupante no especificado de camioneta o furgoneta, lesionado en accidente de transito"
V560,Ocupante de camioneta o furgoneta lesionado por colision con otros vehiculos sin motor: conductor lesionado en accidente no de transito
V561,Ocupante de camioneta o furgoneta lesionado por colision con otros vehiculos sin motor: pasajero lesionado en accidente no de transito
V562,"Ocupante de camioneta o furgoneta lesionado por colision con otros vehiculos sin motor: persona que viaja fuera del vehiculo, lesionada en accidente no de transito"
V563,"Ocupante de camioneta o furgoneta lesionado por colision con otros vehiculos sin motor: ocupante no especificado de camioneta o furgoneta, lesionado en accidente no de transito"
V564,Ocupante de camioneta o furgoneta lesionado por colision con otros vehiculos sin motor: persona lesionada al subir o bajar del vehiculo
V565,Ocupante de camioneta o furgoneta lesionado por colision con otros vehiculos sin motor: conductor lesionado en accidente de transito
V566,Ocupante de camioneta o furgoneta lesionado por colision con otros vehiculos sin motor: pasajero lesionado en accidente de transito
V567,"Ocupante de camioneta o furgoneta lesionado por colision con otros vehiculos sin motor: persona que viaja fuera del vehiculo, lesionada en accidente de transito"
V569,"Ocupante de camioneta o furgoneta lesionado por colision con otros vehiculos sin motor: ocupante no especificado de camioneta o furgoneta, lesionado en accidente de transito"
V570,Ocupante de camioneta o furgoneta lesionado por colision con objeto fijo o estacionado: conductor lesionado en accidente no de transito
V571,Ocupante de camioneta o furgoneta lesionado por colision con objeto fijo o estacionado: pasajero lesionado en accidente no de transito
V572,"Ocupante de camioneta o furgoneta lesionado por colision con objeto fijo o estacionado: persona que viaja fuera del vehiculo, lesionada en accidente no de transito"
V573,"Ocupante de camioneta o furgoneta lesionado por colision con objeto fijo o estacionado: ocupante no especificado de camioneta o furgoneta, lesionado en accidente no de transito"
V574,Ocupante de camioneta o furgoneta lesionado por colision con objeto fijo o estacionado: persona lesionada al subir o bajar del vehiculo
V575,Ocupante de camioneta o furgoneta lesionado por colision con objeto fijo o estacionado: conductor lesionado en accidente de transito
V576,Ocupante de camioneta o furgoneta lesionado por colision con objeto fijo o estacionado: pasajero lesionado en accidente de transito
V577,"Ocupante de camioneta o furgoneta lesionado por colision con objeto fijo o estacionado: persona que viaja fuera del vehiculo, lesionada en accidente de transito"
V579,"Ocupante de camioneta o furgoneta lesionado por colision con objeto fijo o estacionado: ocupante no especificado de camioneta o furgoneta, lesionado en accidente de transito"
V580,Ocupante de camioneta o furgoneta lesionado en accidente de transporte sin colision: conductor lesionado en accidente no de transito
V581,Ocupante de camioneta o furgoneta lesionado en accidente de transporte sin colision: pasajero lesionado en accidente no de transito
V582,"Ocupante de camioneta o furgoneta lesionado en accidente de transporte sin colision: persona que viaja fuera del vehiculo, lesionada en accidente no de transito"
V583,"Ocupante de camioneta o furgoneta lesionado en accidente de transporte sin colision: ocupante no especificado de camioneta o furgoneta, lesionado en accidente no de transito"
V584,Ocupante de camioneta o furgoneta lesionado en accidente de transporte sin colision: persona lesionada al subir o bajar del vehiculo
V585,Ocupante de camioneta o furgoneta lesionado en accidente de transporte sin colision: conductor lesionado en accidente de transito
V586,Ocupante de camioneta o furgoneta lesionado en accidente de transporte sin colision: pasajero lesionado en accidente de transito
V587,"Ocupante de camioneta o furgoneta lesionado en accidente de transporte sin colision: persona que viaja fuera del vehiculo, lesionada en accidente de transito"
V589,"Ocupante de camioneta o furgoneta lesionado en accidente de transporte sin colision: ocupante no especificado de camioneta o furgoneta, lesionado en accidente de transito"
V600,Ocupante de vehiculo de transporte pesado lesionado por colision con peaton o animal: conductor lesionado en accidente no de transito
V601,Ocupante de vehiculo de transporte pesado lesionado por colision con peaton o animal: pasajero lesionado en accidente no de transito
V602,"Ocupante de vehiculo de transporte pesado lesionado por colision con peaton o animal: persona que viaja fuera del vehiculo, lesionada en accidente no de transito"
V603,Ocupante de vehiculo de transporte pesado lesionado por colision con peaton o animal: ocupante no especificado de vehiculo de transporte pesado lesionado en accidente no de transito
V604,Ocupante de vehiculo de transporte pesado lesionado por colision con peaton o animal: persona lesionada al subir o bajar del vehiculo
V605,Ocupante de vehiculo de transporte pesado lesionado por colision con peaton o animal: conductor lesionado en accidente de transito
V606,Ocupante de vehiculo de transporte pesado lesionado por colision con peaton o animal: pasajero lesionado en accidente de transito
V607,"Ocupante de vehiculo de transporte pesado lesionado por colision con peaton o animal: persona que viaja fuera del vehiculo, lesionada en accidente de transito"
V609,"Ocupante de vehiculo de transporte pesado lesionado por colision con peaton o animal: ocupante no especificado de vehiculo de transporte pesado, lesionado en accidente de transito"
V610,Ocupante de vehiculo de transporte pesado lesionado por colision con vehiculo de pedal: conductor lesionado en accidente no de transito
V611,Ocupante de vehiculo de transporte pesado lesionado por colision con vehiculo de pedal: pasajero lesionado en accidente no de transito
V612,"Ocupante de vehiculo de transporte pesado lesionado por colision con vehiculo de pedal: persona que viaja fuera del vehiculo, lesionada en accidente no de transito"
V613,Ocupante de vehiculo de transporte pesado lesionado por colision con vehiculo de pedal: ocupante no especificado de vehiculo de transporte pesado lesionado en accidente no de transito
V614,Ocupante de vehiculo de transporte pesado lesionado por colision con vehiculo de pedal: persona lesionada al subir o bajar del vehiculo
V615,Ocupante de vehiculo de transporte pesado lesionado por colision con vehiculo de pedal: conductor lesionado en accidente de transito
V616,Ocupante de vehiculo de transporte pesado lesionado por colision con vehiculo de pedal: pasajero lesionado en accidente de transito
V617,"Ocupante de vehiculo de transporte pesado lesionado por colision con vehiculo de pedal: persona que viaja fuera del vehiculo, lesionada en accidente de transito"
V619,"Ocupante de vehiculo de transporte pesado lesionado por colision con vehiculo de pedal: ocupante no especificado de vehiculo de transporte pesado, lesionado en accidente de transito"
V620,Ocupante de vehiculo de transporte pesado lesionado por colision con vehiculo de motor de dos o tres ruedas: conductor lesionado en accidente no de transito
V621,Ocupante de vehiculo de transporte pesado lesionado por colision con vehiculo de motor de dos o tres ruedas: pasajero lesionado en accidente no de transito
V622,"Ocupante de vehiculo de transporte pesado lesionado por colision con vehiculo de motor de dos o tres ruedas: persona que viaja fuera del vehiculo, lesionada en accidente no de transito"
V623,Ocupante de vehiculo de transporte pesado lesionado por colision con vehiculo de motor de dos o tres ruedas: ocupante no especificado de vehiculo de transporte pesado lesionado en accidente no de transito
V624,Ocupante de vehiculo de transporte pesado lesionado por colision con vehiculo de motor de dos o tres ruedas: persona lesionada al subir o bajar del vehiculo
V625,Ocupante de vehiculo de transporte pesado lesionado por colision con vehiculo de motor de dos o tres ruedas: conductor lesionado en accidente de transito
V626,Ocupante de vehiculo de transporte pesado lesionado por colision con vehiculo de motor de dos o tres ruedas: pasajero lesionado en accidente de transito
V627,"Ocupante de vehiculo de transporte pesado lesionado por colision con vehiculo de motor de dos o tres ruedas: persona que viaja fuera del vehiculo, lesionada en accidente de transito"
V629,"Ocupante de vehiculo de transporte pesado lesionado por colision con vehiculo de motor de dos o tres ruedas: ocupante no especificado de vehiculo de transporte pesado, lesionado en accidente de transito"
V630,"Ocupante de vehiculo de transporte pesado lesionado por colision con automovil, camioneta o furgoneta: conductor lesionado en accidente no de transito"
V631,"Ocupante de vehiculo de transporte pesado lesionado por colision con automovil, camioneta o furgoneta: pasajero lesionado en accidente no de transito"
V632,"Ocupante de vehiculo de transporte pesado lesionado por colision con automovil, camioneta o furgoneta: persona que viaja fuera del vehiculo, lesionada en accidente no de transito"
V633,"Ocupante de vehiculo de transporte pesado lesionado por colision con automovil, camioneta o furgoneta: ocupante no especificado de vehiculo de transporte pesado lesionado en accidente no de transito"
V634,"Ocupante de vehiculo de transporte pesado lesionado por colision con automovil, camioneta o furgoneta: persona lesionada al subir o bajar del vehiculo"
V635,"Ocupante de vehiculo de transporte pesado lesionado por colision con automovil, camioneta o furgoneta: conductor lesionado en accidente de transito"
V636,"Ocupante de vehiculo de transporte pesado lesionado por colision con automovil, camioneta o furgoneta: pasajero lesionado en accidente de transito"
V637,"Ocupante de vehiculo de transporte pesado lesionado por colision con automovil, camioneta o furgoneta: persona que viaja fuera del vehiculo, lesionada en accidente de transito"
V639,"Ocupante de vehiculo de transporte pesado lesionado por colision con automovil, camioneta o furgoneta: ocupante no especificado de vehiculo de transporte pesado, lesionado en accidente de transito"
V640,Ocupante de vehiculo de transporte pesado lesionado por colision con otro vehiculo de transporte pesado o autobus: conductor lesionado en accidente no de transito
V641,Ocupante de vehiculo de transporte pesado lesionado por colision con otro vehiculo de transporte pesado o autobus: pasajero lesionado en accidente no de transito
V642,"Ocupante de vehiculo de transporte pesado lesionado por colision con otro vehiculo de transporte pesado o autobus: persona que viaja fuera del vehiculo, lesionada en accidente no de transito"
V643,Ocupante de vehiculo de transporte pesado lesionado por colision con otro vehiculo de transporte pesado o autobus: ocupante no especificado de vehiculo de transporte pesado lesionado en accidente no de transito
V644,Ocupante de vehiculo de transporte pesado lesionado por colision con otro vehiculo de transporte pesado o autobus: persona lesionada al subir o bajar del vehiculo
V645,Ocupante de vehiculo de transporte pesado lesionado por colision con otro vehiculo de transporte pesado o autobus: conductor lesionado en accidente de transito
V646,Ocupante de vehiculo de transporte pesado lesionado por colision con otro vehiculo de transporte pesado o autobus: pasajero lesionado en accidente de transito
V647,"Ocupante de vehiculo de transporte pesado lesionado por colision con otro vehiculo de transporte pesado o autobus: persona que viaja fuera del vehiculo, lesionada en accidente de transito"
V649,"Ocupante de vehiculo de transporte pesado lesionado por colision con otro vehiculo de transporte pesado o autobus: ocupante no especificado de vehiculo de transporte pesado, lesionado en accidente de transito"
V650,Ocupante de vehiculo de transporte pesado lesionado por colision con tren o vehiculo de rieles: conductor lesionado en accidente no de transito
V651,Ocupante de vehiculo de transporte pesado lesionado por colision con tren o vehiculo de rieles: pasajero lesionado en accidente no de transito
V652,"Ocupante de vehiculo de transporte pesado lesionado por colision con tren o vehiculo de rieles: persona que viaja fuera del vehiculo, lesionada en accidente no de transito"
V653,Ocupante de vehiculo de transporte pesado lesionado por colision con tren o vehiculo de rieles: ocupante no especificado de vehiculo de transporte pesado lesionado en accidente no de transito
V654,Ocupante de vehiculo de transporte pesado lesionado por colision con tren o vehiculo de rieles: persona lesionada al subir o bajar del vehiculo
V655,Ocupante de vehiculo de transporte pesado lesionado por colision con tren o vehiculo de rieles: conductor lesionado en accidente de transito
V656,Ocupante de vehiculo de transporte pesado lesionado por colision con tren o vehiculo de rieles: pasajero lesionado en accidente de transito
V657,"Ocupante de vehiculo de transporte pesado lesionado por colision con tren o vehiculo de rieles: persona que viaja fuera del vehiculo, lesionada en accidente de transito"
V659,"Ocupante de vehiculo de transporte pesado lesionado por colision con tren o vehiculo de rieles: ocupante no especificado de vehiculo de transporte pesado, lesionado en accidente de transito"
V660,Ocupante de vehiculo de transporte pesado lesionado por colision con otros vehiculos sin motor: conductor lesionado en accidente no de transito
V661,Ocupante de vehiculo de transporte pesado lesionado por colision con otros vehiculos sin motor: pasajero lesionado en accidente no de transito
V662,"Ocupante de vehiculo de transporte pesado lesionado por colision con otros vehiculos sin motor: persona que viaja fuera del vehiculo, lesionada en accidente no de transito"
V663,Ocupante de vehiculo de transporte pesado lesionado por colision con otros vehiculos sin motor: ocupante no especificado de vehiculo de transporte pesado lesionado en accidente no de transito
V664,Ocupante de vehiculo de transporte pesado lesionado por colision con otros vehiculos sin motor: persona lesionada al subir o bajar del vehiculo
V665,Ocupante de vehiculo de transporte pesado lesionado por colision con otros vehiculos sin motor: conductor lesionado en accidente de transito
V666,Ocupante de vehiculo de transporte pesado lesionado por colision con otros vehiculos sin motor: pasajero lesionado en accidente de transito
V667,"Ocupante de vehiculo de transporte pesado lesionado por colision con otros vehiculos sin motor: persona que viaja fuera del vehiculo, lesionada en accidente de transito"
V669,"Ocupante de vehiculo de transporte pesado lesionado por colision con otros vehiculos sin motor: ocupante no especificado de vehiculo de transporte pesado, lesionado en accidente de transito"
V670,Ocupante de vehiculo de transporte pesado lesionado por colision con objeto fijo o estacionado: conductor lesionado en accidente no de transito
V671,Ocupante de vehiculo de transporte pesado lesionado por colision con objeto fijo o estacionado: pasajero lesionado en accidente no de transito
V672,"Ocupante de vehiculo de transporte pesado lesionado por colision con objeto fijo o estacionado: persona que viaja fuera del vehiculo, lesionada en accidente no de transito"
V673,Ocupante de vehiculo de transporte pesado lesionado por colision con objeto fijo o estacionado: ocupante no especificado de vehiculo de transporte pesado lesionado en accidente no de transito
V674,Ocupante de vehiculo de transporte pesado lesionado por colision con objeto fijo o estacionado: persona lesionada al subir o bajar del vehiculo
V675,Ocupante de vehiculo de transporte pesado lesionado por colision con objeto fijo o estacionado: conductor lesionado en accidente de transito
V676,Ocupante de vehiculo de transporte pesado lesionado por colision con objeto fijo o estacionado: pasajero lesionado en accidente de transito
V677,"Ocupante de vehiculo de transporte pesado lesionado por colision con objeto fijo o estacionado: persona que viaja fuera del vehiculo, lesionada en accidente de transito"
V679,"Ocupante de vehiculo de transporte pesado lesionado por colision con objeto fijo o estacionado: ocupante no especificado de vehiculo de transporte pesado, lesionado en accidente de transito"
V680,Ocupante de vehiculo de transporte pesado lesionado en accidente de transporte sin colision: conductor lesionado en accidente no de transito
V681,Ocupante de vehiculo de transporte pesado lesionado en accidente de transporte sin colision: pasajero lesionado en accidente no de transito
V682,"Ocupante de vehiculo de transporte pesado lesionado en accidente de transporte sin colision: persona que viaja fuera del vehiculo, lesionada en accidente no de transito"
V683,Ocupante de vehiculo de transporte pesado lesionado en accidente de transporte sin colision: ocupante no especificado de vehiculo de transporte pesado lesionado en accidente no de transito
V684,Ocupante de vehiculo de transporte pesado lesionado en accidente de transporte sin colision: persona lesionada al subir o bajar del vehiculo
V685,Ocupante de vehiculo de transporte pesado lesionado en accidente de transporte sin colision: conductor lesionado en accidente de transito
V686,Ocupante de vehiculo de transporte pesado lesionado en accidente de transporte sin colision: pasajero lesionado en accidente de transito
V687,"Ocupante de vehiculo de transporte pesado lesionado en accidente de transporte sin colision: persona que viaja fuera del vehiculo, lesionada en accidente de transito"
V689,"Ocupante de vehiculo de transporte pesado lesionado en accidente de transporte sin colision: ocupante no especificado de vehiculo de transporte pesado, lesionado en accidente de transito"
V700,Ocupante de autobus lesionado por colision con peaton o animal: conductor lesionado en accidente no de transito
V701,Ocupante de autobus lesionado por colision con peaton o animal: pasajero lesionado en accidente no de transito
V702,"Ocupante de autobus lesionado por colision con peaton o animal: persona que viaja fuera del vehiculo, lesionada en accidente no de transito"
V703,"Ocupante de autobus lesionado por colision con peaton o animal: ocupante no especificado de autobus, lesionado en accidente no de transito"
V704,Ocupante de autobus lesionado por colision con peaton o animal: persona lesionada al subir o bajar del vehiculo
V705,Ocupante de autobus lesionado por colision con peaton o animal: conductor lesionado en accidente de transito
V706,Ocupante de autobus lesionado por colision con peaton o animal: pasajero lesionado en accidente de transito
V707,"Ocupante de autobus lesionado por colision con peaton o animal: persona que viaja fuera del vehiculo, lesionada en accidente de transito"
V709,"Ocupante de autobus lesionado por colision con peaton o animal: ocupante no especificado de autobus, lesionado en accidente de transito"
V710,Ocupante de autobus lesionado por colision con vehiculo de pedal: conductor lesionado en accidente no de transito
V711,Ocupante de autobus lesionado por colision con vehiculo de pedal: pasajero lesionado en accidente no de transito
V712,"Ocupante de autobus lesionado por colision con vehiculo de pedal: persona que viaja fuera del vehiculo, lesionada en accidente no de transito"
V713,"Ocupante de autobus lesionado por colision con vehiculo de pedal: ocupante no especificado de autobus, lesionado en accidente no de transito"
V714,Ocupante de autobus lesionado por colision con vehiculo de pedal: persona lesionada al subir o bajar del vehiculo
V715,Ocupante de autobus lesionado por colision con vehiculo de pedal: conductor lesionado en accidente de transito
V716,Ocupante de autobus lesionado por colision con vehiculo de pedal: pasajero lesionado en accidente de transito
V717,"Ocupante de autobus lesionado por colision con vehiculo de pedal: persona que viaja fuera del vehiculo, lesionada en accidente de transito"
V719,"Ocupante de autobus lesionado por colision con vehiculo de pedal: ocupante no especificado de autobus, lesionado en accidente de transito"
V720,Ocupante de autobus lesionado por colision con vehiculo de motor de dos o tres ruedas: conductor lesionado en accidente no de transito
V721,Ocupante de autobus lesionado por colision con vehiculo de motor de dos o tres ruedas: pasajero lesionado en accidente no de transito
V722,"Ocupante de autobus lesionado por colision con vehiculo de motor de dos o tres ruedas: persona que viaja fuera del vehiculo, lesionada en accidente no de transito"
V723,"Ocupante de autobus lesionado por colision con vehiculo de motor de dos o tres ruedas: ocupante no especificado de autobus, lesionado en accidente no de transito"
V724,Ocupante de autobus lesionado por colision con vehiculo de motor de dos o tres ruedas: persona lesionada al subir o bajar del vehiculo
V725,Ocupante de autobus lesionado por colision con vehiculo de motor de dos o tres ruedas: conductor lesionado en accidente de transito
V726,Ocupante de autobus lesionado por colision con vehiculo de motor de dos o tres ruedas: pasajero lesionado en accidente de transito
V727,"Ocupante de autobus lesionado por colision con vehiculo de motor de dos o tres ruedas: persona que viaja fuera del vehiculo, lesionada en accidente de transito"
V729,"Ocupante de autobus lesionado por colision con vehiculo de motor de dos o tres ruedas: ocupante no especificado de autobus, lesionado en accidente de transito"
V730,"Ocupante de autobus lesionado por colision con automovil, camioneta o furgoneta: conductor lesionado en accidente no de transito"
V731,"Ocupante de autobus lesionado por colision con automovil, camioneta o furgoneta: pasajero lesionado en accidente no de transito"
V732,"Ocupante de autobus lesionado por colision con automovil, camioneta o furgoneta: persona que viaja fuera del vehiculo, lesionada en accidente no de transito"
V733,"Ocupante de autobus lesionado por colision con automovil, camioneta o furgoneta: ocupante no especificado de autobus, lesionado en accidente no de transito"
V734,"Ocupante de autobus lesionado por colision con automovil, camioneta o furgoneta: persona lesionada al subir o bajar del vehiculo"
V735,"Ocupante de autobus lesionado por colision con automovil, camioneta o furgoneta: conductor lesionado en accidente de transito"
V736,"Ocupante de autobus lesionado por colision con automovil, camioneta o furgoneta: pasajero lesionado en accidente de transito"
V737,"Ocupante de autobus lesionado por colision con automovil, camioneta o furgoneta: persona que viaja fuera del vehiculo, lesionada en accidente de transito"
V739,"Ocupante de autobus lesionado por colision con automovil, camioneta o furgoneta: ocupante no especificado de autobus, lesionado en accidente de transito"
V740,Ocupante de autobus lesionado por colision con vehiculo de transporte pesado o autobus: conductor lesionado en accidente no de transito
V741,Ocupante de autobus lesionado por colision con vehiculo de transporte pesado o autobus: pasajero lesionado en accidente no de transito
V742,"Ocupante de autobus lesionado por colision con vehiculo de transporte pesado o autobus: persona que viaja fuera del vehiculo, lesionada en accidente no de transito"
V743,"Ocupante de autobus lesionado por colision con vehiculo de transporte pesado o autobus: ocupante no especificado de autobus, lesionado en accidente no de transito"
V744,Ocupante de autobus lesionado por colision con vehiculo de transporte pesado o autobus: persona lesionada al subir o bajar del vehiculo
V745,Ocupante de autobus lesionado por colision con vehiculo de transporte pesado o autobus: conductor lesionado en accidente de transito
V746,Ocupante de autobus lesionado por colision con vehiculo de transporte pesado o autobus: pasajero lesionado en accidente de transito
V747,"Ocupante de autobus lesionado por colision con vehiculo de transporte pesado o autobus: persona que viaja fuera del vehiculo, lesionada en accidente de transito"
V749,"Ocupante de autobus lesionado por colision con vehiculo de transporte pesado o autobus: ocupante no especificado de autobus, lesionado en accidente de transito"
V750,Ocupante de autobus lesionado por colision con tren o vehiculo de rieles: conductor lesionado en accidente no de transito
V751,Ocupante de autobus lesionado por colision con tren o vehiculo de rieles: pasajero lesionado en accidente no de transito
V752,"Ocupante de autobus lesionado por colision con tren o vehiculo de rieles: persona que viaja fuera del vehiculo, lesionada en accidente no de transito"
V753,"Ocupante de autobus lesionado por colision con tren o vehiculo de rieles: ocupante no especificado de autobus, lesionado en accidente no de transito"
V754,Ocupante de autobus lesionado por colision con tren o vehiculo de rieles: persona lesionada al subir o bajar del vehiculo
V755,Ocupante de autobus lesionado por colision con tren o vehiculo de rieles: conductor lesionado en accidente de transito
V756,Ocupante de autobus lesionado por colision con tren o vehiculo de rieles: pasajero lesionado en accidente de transito
V757,"Ocupante de autobus lesionado por colision con tren o vehiculo de rieles: persona que viaja fuera del vehiculo, lesionada en accidente de transito"
V759,"Ocupante de autobus lesionado por colision con tren o vehiculo de rieles: ocupante no especificado de autobus, lesionado en accidente de transito"
V760,Ocupante de autobus lesionado por colision con otros vehiculos sin motor: conductor lesionado en accidente no de transito
V761,Ocupante de autobus lesionado por colision con otros vehiculos sin motor: pasajero lesionado en accidente no de transito
V762,"Ocupante de autobus lesionado por colision con otros vehiculos sin motor: persona que viaja fuera del vehiculo, lesionada en accidente no de transito"
V763,"Ocupante de autobus lesionado por colision con otros vehiculos sin motor: ocupante no especificado de autobus, lesionado en accidente no de transito"
V764,Ocupante de autobus lesionado por colision con otros vehiculos sin motor: persona lesionada al subir o bajar del vehiculo
V765,Ocupante de autobus lesionado por colision con otros vehiculos sin motor: conductor lesionado en accidente de transito
V766,Ocupante de autobus lesionado por colision con otros vehiculos sin motor: pasajero lesionado en accidente de transito
V767,"Ocupante de autobus lesionado por colision con otros vehiculos sin motor: persona que viaja fuera del vehiculo, lesionada en accidente de transito"
V769,Ocupante de autobus lesionado por colision con otros vehiculos sin motor: ocupante de autobus lesionado por colision con otros vehiculos sin motor
V770,Ocupante de autobus lesionado por colision con objeto fijo o estacionado: conductor lesionado en accidente no de transito
V771,Ocupante de autobus lesionado por colision con objeto fijo o estacionado: pasajero lesionado en accidente no de transito
V772,"Ocupante de autobus lesionado por colision con objeto fijo o estacionado: persona que viaja fuera del vehiculo, lesionada en accidente no de transito"
V773,"Ocupante de autobus lesionado por colision con objeto fijo o estacionado: ocupante no especificado de autobus, lesionado en accidente no de transito"
V774,Ocupante de autobus lesionado por colision con objeto fijo o estacionado: persona lesionada al subir o bajar del vehiculo
V775,Ocupante de autobus lesionado por colision con objeto fijo o estacionado: conductor lesionado en accidente de transito
V776,Ocupante de autobus lesionado por colision con objeto fijo o estacionado: pasajero lesionado en accidente de transito
V777,"Ocupante de autobus lesionado por colision con objeto fijo o estacionado: persona que viaja fuera del vehiculo, lesionada en accidente de transito"
V779,"Ocupante de autobus lesionado por colision con objeto fijo o estacionado: ocupante no especificado de autobus, lesionado en accidente de transito"
V780,Ocupante de autobus lesionado en accidente de transporte sin colision: conductor lesionado en accidente no de transito
V781,Ocupante de autobus lesionado en accidente de transporte sin colision: pasajero lesionado en accidente no de transito
V782,"Ocupante de autobus lesionado en accidente de transporte sin colision: persona que viaja fuera del vehiculo, lesionada en accidente no de transito"
V783,"Ocupante de autobus lesionado en accidente de transporte sin colision: ocupante no especificado de autobus, lesionado en accidente no de transito"
V784,Ocupante de autobus lesionado en accidente de transporte sin colision: persona lesionada al subir o bajar del vehiculo
V785,Ocupante de autobus lesionado en accidente de transporte sin colision: conductor lesionado en accidente de transito
V786,Ocupante de autobus lesionado en accidente de transporte sin colision: pasajero lesionado en accidente de transito
V787,"Ocupante de autobus lesionado en accidente de transporte sin colision: persona que viaja fuera del vehiculo, lesionada en accidente de transito"
V789,"Ocupante de autobus lesionado en accidente de transporte sin colision: ocupante no especificado de autobus, lesionado en accidente de transito"
V900,Accidente de embarcacion que causa ahogamiento y sumersion: barco mercante
V901,Accidente de embarcacion que causa ahogamiento y sumersion: barco de pasajeros
V902,Accidente de embarcacion que causa ahogamiento y sumersion: bote de pesca
V903,Accidente de embarcacion que causa ahogamiento y sumersion: otro vehiculo acuatico con motor
V904,Accidente de embarcacion que causa ahogamiento y sumersion: velero
V905,Accidente de embarcacion que causa ahogamiento y sumersion: canoa o kayak
V906,Accidente de embarcacion que causa ahogamiento y sumersion: balsa inflable (sin motor)
V907,Accidente de embarcacion que causa ahogamiento y sumersion: esqui acuatico
V908,Accidente de embarcacion que causa ahogamiento y sumersion: otro vehiculo acuatico sin motor
V909,Accidente de embarcacion que causa ahogamiento y sumersion: vehiculo acuatico no especificado
V910,Accidente de embarcacion que causa otros tipos de traumatismo: barco mercante
V911,Accidente de embarcacion que causa otros tipos de traumatismo: barco de pasajeros
V912,Accidente de embarcacion que causa otros tipos de traumatismo: bote de pesca
V913,Accidente de embarcacion que causa otros tipos de traumatismo: otro vehiculo acuatico con motor
V914,Accidente de embarcacion que causa otros tipos de traumatismo: velero
V915,Accidente de embarcacion que causa otros tipos de traumatismo: canoa o kayak
V916,Accidente de embarcacion que causa otros tipos de traumatismo: balsa inflable (sin motor)
V917,Accidente de embarcacion que causa otros tipos de traumatismo: esqui acuatico
V918,Accidente de embarcacion que causa otros tipos de traumatismo: otro vehiculo acuatico sin motor
V919,Accidente de embarcacion que causa otros tipos de traumatismo: vehiculo acuatico no especificado
V920,"Ahogamiento y sumersion relacionados con transporte por agua, sin accidente a la embarcacion: barco mercante"
V921,"Ahogamiento y sumersion relacionados con transporte por agua, sin accidente a la embarcacion: barco de pasajeros"
V922,"Ahogamiento y sumersion relacionados con transporte por agua, sin accidente a la embarcacion: bote de pesca"
V923,"Ahogamiento y sumersion relacionados con transporte por agua, sin accidente a la embarcacion: otro vehiculo acuatico con motor"
V924,"Ahogamiento y sumersion relacionados con transporte por agua, sin accidente a la embarcacion: velero"
V925,"Ahogamiento y sumersion relacionados con transporte por agua, sin accidente a la embarcacion: canoa o kayak"
V926,"Ahogamiento y sumersion relacionados con transporte por agua, sin accidente a la embarcacion: balsa inflable (sin motor)"
V927,"Ahogamiento y sumersion relacionados con transporte por agua, sin accidente a la embarcacion: esqui acuatico"
V928,"Ahogamiento y sumersion relacionados con transporte por agua, sin accidente a la embarcacion: otro vehiculo acuatico sin motor"
V929,"Ahogamiento y sumersion relacionados con transporte por agua, sin accidente a la embarcacion: vehiculo acuatico no especificado"
V930,"Accidente en una embarcacion, sin accidente a la embarcacion, que no causa ahogamiento o sumersion: barco mercante"
V931,"Accidente en una embarcacion, sin accidente a la embarcacion, que no causa ahogamiento o sumersion: barco de pasajeros"
V932,"Accidente en una embarcacion, sin accidente a la embarcacion, que no causa ahogamiento o sumersion: bote de pesca"
V933,"Accidente en una embarcacion, sin accidente a la embarcacion, que no causa ahogamiento o sumersion: otro vehiculo acuatico con motor"
V934,"Accidente en una embarcacion, sin accidente a la embarcacion, que no causa ahogamiento o sumersion: velero"
V935,"Accidente en una embarcacion, sin accidente a la embarcacion, que no causa ahogamiento o sumersion: canoa o kayak"
V936,"Accidente en una embarcacion, sin accidente a la embarcacion, que no causa ahogamiento o sumersion: balsa inflable (sin motor)"
V937,"Accidente en una embarcacion, sin accidente a la embarcacion, que no causa ahogamiento o sumersion: esqui acuatico"
V938,"Accidente en una embarcacion, sin accidente a la embarcacion, que no causa ahogamiento o sumersion: otro vehiculo acuatico sin motor"
V939,"Accidente en una embarcacion, sin accidente a la embarcacion, que no causa ahogamiento o sumersion: vehiculo acuatico no especificado"
V940,"Otros accidentes de transporte por agua, y los no especificados: barco mercante"
V941,"Otros accidentes de transporte por agua, y los no especificados: barco de pasajeros"
V942,"Otros accidentes de transporte por agua, y los no especificados: bote de pesca"
V943,"Otros accidentes de transporte por agua, y los no especificados: otro vehiculo acuatico con motor"
V944,"Otros accidentes de transporte por agua, y los no especificados: velero"
V945,"Otros accidentes de transporte por agua, y los no especificados: canoa o kayak"
V946,"Otros accidentes de transporte por agua, y los no especificados: balsa inflable (sin motor)"
V947,"Otros accidentes de transporte por agua, y los no especificados: esqui acuatico"
V948,"Otros accidentes de transporte por agua, y los no especificados. otro vehiculo acuatico sin motor"
V949,"Otros accidentes de transporte por agua, y los no especificados: vehiculo acuatico no especificado"
W000,Caida en el mismo nivel por hielo o nieve: vivienda
W001,Caida en el mismo nivel por hielo o nieve: institucion residencial
W002,"Caida en el mismo nivel por hielo o nieve: escuelas, otras instituciones y areas administrativas publicas"
W003,Caida en el mismo nivel por hielo o nieve: areas de deporte y atletismo
W004,Caida en el mismo nivel por hielo o nieve: calles y carreteras
W005,Caida en el mismo nivel por hielo o nieve: comercio y area de servicios
W006,Caida en el mismo nivel por hielo o nieve: area industrial y de la construccion
W007,Caida en el mismo nivel por hielo o nieve: granja
W008,Caida en el mismo nivel por hielo o nieve: otro lugar especificado
W009,Caida en el mismo nivel por hielo o nieve: lugar no especificado
W010,"Caida en el mismo nivel por deslizamiento, tropezon y traspie: vivienda"
W011,"Caida en el mismo nivel por deslizamiento, tropezon y traspie: institucion residencial"
W012,"Caida en el mismo nivel por deslizamiento, tropezon y traspie: escuelas, otras instituciones y areas administrativas publicas"
W013,"Caida en el mismo nivel por deslizamiento, tropezon y traspie: areas de deporte y atletismo"
W014,"Caida en el mismo nivel por deslizamiento, tropezon y traspie: calles y carreteras"
W015,"Caida en el mismo nivel por deslizamiento, tropezon y traspie: comercio y area de servicios"
W016,"Caida en el mismo nivel por deslizamiento, tropezon y traspie: area industrial y de la construccion"
W017,"Caida en el mismo nivel por deslizamiento, tropezon y traspie: granja"
W018,"Caida en el mismo nivel por deslizamiento, tropezon y traspie: otro lugar especificado"
W019,"Caida en el mismo nivel por deslizamiento, tropezon y traspie: lugar no especificado"
W020,"Caida por patines para hielo, esquis, patines de ruedas o patineta: vivienda"
W021,"Caida por patines para hielo, esquis, patines de ruedas o patineta: institucion residencial"
W022,"Caida por patines para hielo, esquis, patines de ruedas o patineta: escuelas, otras instituciones y areas administrativas publicas"
W023,"Caida por patines para hielo, esquis, patines de ruedas o patineta: areas de deporte y atletismo"
W024,"Caida por patines para hielo, esquis, patines de ruedas o patineta: calles y carreteras"
W025,"Caida por patines para hielo, esquis, patines de ruedas o patineta: comercio y area de servicios"
W026,"Caida por patines para hielo, esquis, patines de ruedas o patineta: area industrial y de la construccion"
W027,"Caida por patines para hielo, esquis, patines de ruedas o patineta: granja"
W028,"Caida por patines para hielo, esquis, patines de ruedas o patineta: otro lugar especificado"
W029,"Caida por patines para hielo, esquis, patines de ruedas o patineta: lugar no especificado"
W030,Otras caidas en el mismo nivel por colision con o por empujon de otra persona: vivienda
W031,Otras caidas en el mismo nivel por colision con o por empujon de otra persona: institucion residencial
W032,"Otras caidas en el mismo nivel por colision con o por empujon de otra persona: escuelas, otras instituciones y areas administrativas publicas"
W033,Otras caidas en el mismo nivel por colision con o por empujon de otra persona: areas de deporte y atletismo
W034,Otras caidas en el mismo nivel por colision con o por empujon de otra persona: calles y carreteras
W035,Otras caidas en el mismo nivel por colision con o por empujon de otra persona: comercio y area de servicios
W036,Otras caidas en el mismo nivel por colision con o por empujon de otra persona: area industrial y de la construccion
W037,Otras caidas en el mismo nivel por colision con o por empujon de otra persona: granja
W038,Otras caidas en el mismo nivel por colision con o por empujon de otra persona: otro lugar especificado
W039,Otras caidas en el mismo nivel por colision con o por empujon de otra persona: lugar no especificado
W040,Caida al ser trasladado o sostenido por otras personas: vivienda
W041,Caida al ser trasladado o sostenido por otras personas: institucion residencial
W042,"Caida al ser trasladado o sostenido por otras personas: escuelas, otras instituciones y areas administrativas publicas"
W043,Caida al ser trasladado o sostenido por otras personas: areas de deporte y atletismo
W044,Caida al ser trasladado o sostenido por otras personas: calles y carreteras
W045,Caida al ser trasladado o sostenido por otras personas: comercio y area de servicios
W046,Caida al ser trasladado o sostenido por otras personas: area industrial y de la construccion
W047,Caida al ser trasladado o sostenido por otras personas: granja
W048,Caida al ser trasladado o sostenido por otras personas: otro lugar especificado
W049,Caida al ser trasladado o sostenido por otras personas: lugar no especificado
W050,Caida que implica silla de ruedas: vivienda
W051,Caida que implica silla de ruedas: institucion residencial
W052,"Caida que implica silla de ruedas: escuelas, otras instituciones y areas administrativas publicas"
W053,Caida que implica silla de ruedas: areas de deporte y atletismo
W054,Caida que implica silla de ruedas: calles y carreteras
W055,Caida que implica silla de ruedas: comercio y area de servicios
W056,Caida que implica silla de ruedas: area industrial y de la construccion
W057,Caida que implica silla de ruedas: granja
W058,Caida que implica silla de ruedas: otro lugar especificado
W059,Caida que implica silla de ruedas: lugar no especificado
W060,Caida que implica cama: vivienda
W061,Caida que implica cama: institucion residencial
W062,"Caida que implica cama: escuelas, otras instituciones y areas administrativas publicas"
W063,Caida que implica cama: areas de deporte y atletismo
W064,Caida que implica cama: calles y carreteras
W065,Caida que implica cama: comercio y area de servicios
W066,Caida que implica cama: area industrial y de la construccion
W067,Caida que implica cama: granja
W068,Caida que implica cama: otro lugar especificado
W069,Caida que implica cama: lugar no especificado
W070,Caida que implica silla: vivienda
W071,Caida que implica silla: institucion residencial
W072,"Caida que implica silla: escuelas, otras instituciones y areas administrativas publicas"
W073,Caida que implica silla: areas de deporte y atletismo
W074,Caida que implica silla: calles y carreteras
W075,Caida que implica silla: comercio y area de servicios
W076,Caida que implica silla: area industrial y de la construccion
W077,Caida que implica silla: granja
W078,Caida que implica silla: otro lugar especificado
W079,Caida que implica silla: lugar no especificado
W080,Caida que implica otro mueble: vivienda
W081,Caida que implica otro mueble: institucion residencial
W082,"Caida que implica otro mueble: escuelas, otras instituciones y areas administrativas publicas"
W083,Caida que implica otro mueble: areas de deporte y atletismo
W084,Caida que implica otro mueble: calles y carreteras
W085,Caida que implica otro mueble: comercio y area de servicios
W086,Caida que implica otro mueble: area industrial y de la construccion
W087,Caida que implica otro mueble: granja
W088,Caida que implica otro mueble: otro lugar especificado
W089,Caida que implica otro mueble: lugar no especificado
W090,Caida que implica equipos para juegos infantiles: vivienda
W091,Caida que implica equipos para juegos infantiles: institucion residencial
W092,"Caida que implica equipos para juegos infantiles: escuelas, otras instituciones y areas administrativas publicas"
W093,Caida que implica equipos para juegos infantiles: areas de deporte y atletismo
W094,Caida que implica equipos para juegos infantiles: calles y carreteras
W095,Caida que implica equipos para juegos infantiles: comercio y area de servicios
W096,Caida que implica equipos para juegos infantiles: area industrial y de la construccion
W097,Caida que implica equipos para juegos infantiles: granja
W098,Caida que implica equipos para juegos infantiles: otro lugar especificado
W099,Caida que implica equipos para juegos infantiles: lugar no especificado
W100,Caida en o desde escalera y escalones: vivienda
W101,Caida en o desde escalera y escalones: institucion residencial
W102,"Caida en o desde escalera y escalones: escuelas, otras instituciones y areas administrativas publicas"
W103,Caida en o desde escalera y escalones: areas de deporte y atletismo
W104,Caida en o desde escalera y escalones: calles y carreteras
W105,Caida en o desde escalera y escalones: comercio y area de servicios
W106,Caida en o desde escalera y escalones: area industrial y de la construccion
W107,Caida en o desde escalera y escalones: granja
W108,Caida en o desde escalera y escalones: otro lugar especificado
W109,Caida en o desde escalera y escalones: lugar no especificado
W110,Caida en o desde escaleras manuales: vivienda
W111,Caida en o desde escaleras manuales: institucion residencial
W112,"Caida en o desde escaleras manuales: escuelas, otras instituciones y areas administrativas publicas"
W113,Caida en o desde escaleras manuales: areas de deporte y atletismo
W114,Caida en o desde escaleras manuales: calles y carreteras
W115,Caida en o desde escaleras manuales: comercio y area de servicios
W116,Caida en o desde escaleras manuales: area industrial y de la construccion
W117,Caida en o desde escaleras manuales: granja
W118,Caida en o desde escaleras manuales: otro lugar especificado
W119,Caida en o desde escaleras manuales: lugar no especificado
W120,Caida en o desde andamio: vivienda
W121,Caida en o desde andamio: institucion residencial
W122,"Caida en o desde andamio: escuelas, otras instituciones y areas administrativas publicas"
W123,Caida en o desde andamio: areas de deporte y atletismo
W124,Caida en o desde andamio: calles y carreteras
W125,Caida en o desde andamio: comercio y area de servicios
W126,Caida en o desde andamio: area industrial y de la construccion
W127,Caida en o desde andamio: granja
W128,Caida en o desde andamio: otro lugar especificado
W129,Caida en o desde andamio: lugar no especificado
W130,"Caida desde, fuera o a través de un edificio u otra construccion: vivienda"
W131,"Caida desde, fuera o a través de un edificio u otra construccion: institucion residencial"
W132,"Caida desde, fuera o a través de un edificio u otra construccion: escuelas, otras instituciones y areas administrativas publicas"
W133,"Caida desde, fuera o a través de un edificio u otra construccion: areas de deporte y atletismo"
W134,"Caida desde, fuera o a través de un edificio u otra construccion: calles y carreteras"
W135,"Caida desde, fuera o a través de un edificio u otra construccion: comercio y area de servicios"
W136,"Caida desde, fuera o a través de un edificio u otra construccion: area industrial y de la construccion"
W137,"Caida desde, fuera o a través de un edificio u otra construccion: granja"
W138,"Caida desde, fuera o a través de un edificio u otra construccion: otro lugar especificado"
W139,"Caida desde, fuera o a través de un edificio u otra construccion: lugar no especificado"
W140,Caida desde un arbol: vivienda
W141,Caida desde un arbol: institucion residencial
W142,"Caida desde un arbol: escuelas, otras instituciones y areas administrativas publicas"
W143,Caida desde un arbol: areas de deporte y atletismo
W144,Caida desde un arbol: calles y carreteras
W145,Caida desde un arbol: comercio y area de servicios
W146,Caida desde un arbol: area industrial y de la construccion
W147,Caida desde un arbol: granja
W148,Caida desde un arbol: otro lugar especificado
W149,Caida desde un arbol: lugar no especificado
W150,Caida desde peñasco: vivienda
W151,Caida desde peñasco: institucion residencial
W152,"Caida desde peñasco: escuelas, otras instituciones y areas administrativas publicas"
W153,Caida desde peñasco: areas de deporte y atletismo
W154,Caida desde peñasco: calles y carreteras
W155,Caida desde peñasco: comercio y area de servicios
W156,Caida desde peñasco: area industrial y de la construccion
W157,Caida desde peñasco: granja
W158,Caida desde peñasco: otro lugar especificado
W159,Caida desde peñasco: lugar no especificado
W160,Salto o zambullida dentro del agua que causa otro traumatismo sin sumersion o ahogamiento: vivienda
W161,Salto o zambullida dentro del agua que causa otro traumatismo sin sumersion o ahogamiento: institucion residencial
W162,"Salto o zambullida dentro del agua que causa otro traumatismo sin sumersion o ahogamiento: escuelas, otras instituciones y areas administrativas publicas"
W163,Salto o zambullida dentro del agua que causa otro traumatismo sin sumersion o ahogamiento: areas de deporte y atletismo
W164,Salto o zambullida dentro del agua que causa otro traumatismo sin sumersion o ahogamiento: calles y carreteras
W165,Salto o zambullida dentro del agua que causa otro traumatismo sin sumersion o ahogamiento: comercio y area de servicios
W166,Salto o zambullida dentro del agua que causa otro traumatismo sin sumersion o ahogamiento: area industrial y de la construccion
W167,Salto o zambullida dentro del agua que causa otro traumatismo sin sumersion o ahogamiento: granja
W168,Salto o zambullida dentro del agua que causa otro traumatismo sin sumersion o ahogamiento: otro lugar especificado
W169,Salto o zambullida dentro del agua que causa otro traumatismo sin sumersion o ahogamiento: lugar no especificado
W170,Otras caidas de un nivel a otro: vivienda
W171,Otras caidas de un nivel a otro: institucion residencial
W172,"Otras caidas de un nivel a otro: escuelas, otras instituciones y areas administrativas publicas"
W173,Otras caidas de un nivel a otro: areas de deporte y atletismo
W174,Otras caidas de un nivel a otro: calles y carreteras
W175,Otras caidas de un nivel a otro: comercio y area de servicios
W176,Otras caidas de un nivel a otro: area industrial y de la construccion
W177,Otras caidas de un nivel a otro: granja
W178,Otras caidas de un nivel a otro: otro lugar especificado
W179,Otras caidas de un nivel a otro: lugar no especificado
W180,Otras caidas en el mismo nivel: vivienda
W181,Otras caidas en el mismo nivel: institucion residencial
W182,"Otras caidas en el mismo nivel: escuelas, otras instituciones y areas administrativas publicas"
W183,Otras caidas en el mismo nivel: areas de deporte y atletismo
W184,Otras caidas en el mismo nivel: calles y carreteras
W185,Otras caidas en el mismo nivel: comercio y area de servicios
W186,Otras caidas en el mismo nivel: area industrial y de la construccion
W187,Otras caidas en el mismo nivel: granja
W188,Otras caidas en el mismo nivel: otro lugar especificado
W189,Otras caidas en el mismo nivel: lugar no especificado
W190,Caida no especificada: vivienda
W191,Caida no especificada: institución residencial
W192,"Caida no especificada: escuelas, otras instituciones y areas administrativas publicas"
W193,Caida no especificada: areas de deporte y atletismo
W194,Caida no especificada: calles y carreteras
W195,Caida no especificada: comercio y area de servicios
W196,Caida no especificada: area industrial y de la construccion
W197,Caida no especificada: granja
W198,Caida no especificada: otro lugar especificado
W199,Caida no especificada: lugar no especificado
W200,"Golpe por objeto arrojado, proyectado o que cae: vivienda"
W201,"Golpe por objeto arrojado, proyectado o que cae: institucion residencial"
W202,"Golpe por objeto arrojado, proyectado o que cae: escuelas, otras instituciones y areas administrativas publicas"
W203,"Golpe por objeto arrojado, proyectado o que cae: areas de deporte y atletismo"
W204,"Golpe por objeto arrojado, proyectado o que cae: calles y carreteras"
W205,"Golpe por objeto arrojado, proyectado o que cae: comercio y area de servicios"
W206,"Golpe por objeto arrojado, proyectado o que cae: area industrial y de la construccion"
W207,"Golpe por objeto arrojado, proyectado o que cae: granja"
W208,"Golpe por objeto arrojado, proyectado o que cae: otro lugar especificado"
W209,"Golpe por objeto arrojado, proyectado o que cae: lugar no especificado"
W210,Golpe contra o golpeado por equipo para deportes: vivienda
W211,Golpe contra o golpeado por equipo para deportes: institucion residencial
W212,"Golpe contra o golpeado por equipo para deportes: escuelas, otras instituciones y areas administrativas publicas"
W213,Golpe contra o golpeado por equipo para deportes: areas de deporte y atletismo
W214,Golpe contra o golpeado por equipo para deportes: calles y carreteras
W215,Golpe contra o golpeado por equipo para deportes: comercio y area de servicios
W216,Golpe contra o golpeado por equipo para deportes: area industrial y de la construccion
W217,Golpe contra o golpeado por equipo para deportes: granja
W218,Golpe contra o golpeado por equipo para deportes: otro lugar especificado
W219,Golpe contra o golpeado por equipo para deportes: lugar no especificado
W220,Golpe contra o golpeado por otros objetos: vivienda
W221,Golpe contra o golpeado por otros objetos: institucion residencial
W222,"Golpe contra o golpeado por otros objetos: escuelas, otras instituciones y areas administrativas publicas"
W223,Golpe contra o golpeado por otros objetos: areas de deporte y atletismo
W224,Golpe contra o golpeado por otros objetos: calles y carreteras
W225,Golpe contra o golpeado por otros objetos: comercio y area de servicios
W226,Golpe contra o golpeado por otros objetos: area industrial y de la construccion
W227,Golpe contra o golpeado por otros objetos: granja
W228,Golpe contra o golpeado por otros objetos: otro lugar especificado
W229,Golpe contra o golpeado por otros objetos: lugar no especificado
W230,"Atrapado, aplastado, trabado o apretado en o entre objetos: vivienda"
W231,"Atrapado, aplastado, trabado o apretado en o entre objetos: institucion residencial"
W232,"Atrapado, aplastado, trabado o apretado en o entre objetos: escuelas, otras instituciones y areas administrativas publicas"
W233,"Atrapado, aplastado, trabado o apretado en o entre objetos: areas de deporte y atletismo"
W234,"Atrapado, aplastado, trabado o apretado en o entre objetos: calles y carreteras"
W235,"Atrapado, aplastado, trabado o apretado en o entre objetos: comercio y area de servicios"
W236,"Atrapado, aplastado, trabado o apretado en o entre objetos: area industrial y de la construccion"
W237,"Atrapado, aplastado, trabado o apretado en o entre objetos: granja"
W238,"Atrapado, aplastado, trabado o apretado en o entre objetos: otro lugar especificado"
W239,"Atrapado, aplastado, trabado o apretado en o entre objetos: lugar no especificado"
W240,"Contacto traumatico con dispositivos de elevacion y transmision, no clasificados en otra parte: vivienda"
W241,"Contacto traumatico con dispositivos de elevacion y transmision, no clasificados en otra parte: institucion residencial"
W242,"Contacto traumatico con dispositivos de elevacion y transmision, no clasificados en otra parte: escuelas, otras instituciones y areas administrativas publicas"
W243,"Contacto traumatico con dispositivos de elevacion y transmision, no clasificados en otra parte: areas de deporte y atletismo"
W244,"Contacto traumatico con dispositivos de elevacion y transmision, no clasificados en otra parte: calles y carreteras"
W245,"Contacto traumatico con dispositivos de elevacion y transmision, no clasificados en otra parte: comercio y area de servicios"
W246,"Contacto traumatico con dispositivos de elevacion y transmision, no clasificados en otra parte: area industrial y de la construccion"
W247,"Contacto traumatico con dispositivos de elevacion y transmision, no clasificados en otra parte: granja"
W248,"Contacto traumatico con dispositivos de elevacion y transmision, no clasificados en otra parte: otro lugar especificado"
W249,"Contacto traumatico con dispositivos de elevacion y transmision, no clasificados en otra parte: lugar no especificado"
W250,Contacto traumatico con vidrio cortante: vivienda
W251,Contacto traumatico con vidrio cortante: institucion residencial
W252,"Contacto traumatico con vidrio cortante: escuelas, otras instituciones y areas administrativas publicas"
W253,Contacto traumatico con vidrio cortante: areas de deporte y atletismo
W254,Contacto traumatico con vidrio cortante: calles y carreteras
W255,Contacto traumatico con vidrio cortante: comercio y area de servicios
W256,Contacto traumatico con vidrio cortante: area industrial y de la construccion
W257,Contacto traumatico con vidrio cortante: granja
W258,Contacto traumatico con vidrio cortante: otro lugar especificado
W259,Contacto traumatico con vidrio cortante: lugar no especificado
W260,"Contacto traumatico con cuchillo, espada, daga o puñal: vivienda"
W261,"Contacto traumatico con cuchillo, espada, daga o puñal: institucion residencial"
W262,"Contacto traumatico con cuchillo, espada, daga o puñal: escuelas, otras instituciones y areas administrativas publicas"
W263,"Contacto traumatico con cuchillo, espada, daga o puñal: areas de deporte y atletismo"
W264,"Contacto traumatico con cuchillo, espada, daga o puñal: calles y carreteras"
W265,"Contacto traumatico con cuchillo, espada, daga o puñal: comercio y area de servicios"
W266,"Contacto traumatico con cuchillo, espada, daga o puñal: area industrial y de la construccion"
W267,"Contacto traumatico con cuchillo, espada, daga o puñal: granja"
W268,"Contacto traumatico con cuchillo, espada, daga o puñal: otro lugar especificado"
W269,"Contacto traumatico con cuchillo, espada, daga o puñal: lugar no especificado"
W270,Contacto traumatico con herramientas manuales sin motor: vivienda
W271,Contacto traumatico con herramientas manuales sin motor: institucion residencial
W272,"Contacto traumatico con herramientas manuales sin motor: escuelas, otras instituciones y areas administrativas publicas"
W273,Contacto traumatico con herramientas manuales sin motor: areas de deporte y atletismo
W274,Contacto traumatico con herramientas manuales sin motor: calles y carreteras
W275,Contacto traumatico con herramientas manuales sin motor: comercio y area de servicios
W276,Contacto traumatico con herramientas manuales sin motor: area industrial y de la construccion
W277,Contacto traumatico con herramientas manuales sin motor: granja
W278,Contacto traumatico con herramientas manuales sin motor: otro lugar especificado
W279,Contacto traumatico con herramientas manuales sin motor: lugar no especificado
W280,"Contacto traumatico con cortadora de cesped, con motor: vivienda"
W281,"Contacto traumatico con cortadora de cesped, con motor: institucion residencial"
W282,"Contacto traumatico con cortadora de cesped, con motor: escuelas, otras instituciones y areas administrativas publicas"
W283,"Contacto traumatico con cortadora de cesped, con motor: areas de deporte y atletismo"
W284,"Contacto traumatico con cortadora de cesped, con motor: calles y carreteras"
W285,"Contacto traumatico con cortadora de cesped, con motor: comercio y area de servicios"
W286,"Contacto traumatico con cortadora de cesped, con motor: area industrial y de la construccion"
W287,"Contacto traumatico con cortadora de cesped, con motor: granja"
W288,"Contacto traumatico con cortadora de cesped, con motor: otro lugar especificado"
W289,"Contacto traumatico con cortadora de cesped, con motor: lugar no especificado"
W290,"Contacto traumatico con otras herramientas manuales y artefactos del hogar, con motor: vivienda"
W291,"Contacto traumatico con otras herramientas manuales y artefactos del hogar, con motor: institucion residencial"
W292,"Contacto traumatico con otras herramientas manuales y artefactos del hogar, con motor: escuelas, otras instituciones y areas administrativas publicas"
W293,"Contacto traumatico con otras herramientas manuales y artefactos del hogar, con motor: areas de deporte y atletismo"
W294,"Contacto traumatico con otras herramientas manuales y artefactos del hogar, con motor: calles y carreteras"
W295,"Contacto traumatico con otras herramientas manuales y artefactos del hogar, con motor: comercio y area de servicios"
W296,"Contacto traumatico con otras herramientas manuales y artefactos del hogar, con motor: area industrial y de la construccion"
W297,"Contacto traumatico con otras herramientas manuales y artefactos del hogar, con motor: granja"
W298,"Contacto traumatico con otras herramientas manuales y artefactos del hogar, con motor: otro lugar especificado"
W299,"Contacto traumatico con otras herramientas manuales y artefactos del hogar, con motor: lugar no especificado"
W300,Contacto traumatico con maquinaria agricola: vivienda
W301,Contacto traumatico con maquinaria agricola: institucion residencial
W302,"Contacto traumatico con maquinaria agricola: escuelas, otras instituciones y areas administrativas publicas"
W303,Contacto traumatico con maquinaria agricola: areas de deporte y atletismo
W304,Contacto traumatico con maquinaria agricola: calles y carreteras
W305,Contacto traumatico con maquinaria agricola: comercio y area de servicios
W306,Contacto traumatico con maquinaria agricola: area industrial y de la construccion
W307,Contacto traumatico con maquinaria agricola: granja
W308,Contacto traumatico con maquinaria agricola: otro lugar especificado
W309,Contacto traumatico con maquinaria agricola: lugar no especificado
W310,Contacto traumatico con otras maquinarias y las no especificadas: vivienda
W311,Contacto traumatico con otras maquinarias y las no especificadas: institucion residencial
W312,"Contacto traumatico con otras maquinarias y las no especificadas: escuelas, otras instituciones y areas administrativas publicas"
W313,Contacto traumatico con otras maquinarias y las no especificadas: areas de deporte y atletismo
W314,Contacto traumatico con otras maquinarias y las no especificadas: calles y carreteras
W315,Contacto traumatico con otras maquinarias y las no especificadas: comercio y area de servicios
W316,Contacto traumatico con otras maquinarias y las no especificadas: area industrial y de la construccion
W317,Contacto traumatico con otras maquinarias y las no especificadas: granja
W318,Contacto traumatico con otras maquinarias y las no especificadas: otro lugar especificado
W319,Contacto traumatico con otras maquinarias y las no especificadas: lugar no especificado
W320,Disparo de arma corta: vivienda
W321,Disparo de arma corta: institucion residencial
W322,"Disparo de arma corta: escuelas, otras instituciones y areas administrativas publicas"
W323,Disparo de arma corta: areas de deporte y atletismo
W324,Disparo de arma corta: calles y carreteras
W325,Disparo de arma corta: comercio y areas de servicio
W326,Disparo de arma corta: area industrial y de la construccion
W327,Disparo de arma corta: granja
W328,Disparo de arma corta: otro lugar especificado
W329,Disparo de arma corta: lugar no especificado
W330,"Disparo de rifle, escopeta y arma larga: vivienda"
W331,"Disparo de rifle, escopeta y arma larga: institucion residencial"
W332,"Disparo de rifle, escopeta y arma larga: escuelas, otras instituciones y areas administrativas publicas"
W333,"Disparo de rifle, escopeta y arma larga: areas de deporte y atletismo"
W334,"Disparo de rifle, escopeta y arma larga: calles y carreteras"
W335,"Disparo de rifle, escopeta y arma larga: comercio y areas de servicio"
W336,"Disparo de rifle, escopeta y arma larga: area industrial y de la construccion"
W337,"Disparo de rifle, escopeta y arma larga: granja"
W338,"Disparo de rifle, escopeta y arma larga: otro lugar especificado"
W339,"Disparo de rifle, escopeta y arma larga: lugar no especificado"
W340,"Disparo de otras armas de fuego, y las no especificadas: vivienda"
W341,"Disparo de otras armas de fuego, y las no especificadas: institucion residencial"
W342,"Disparo de otras armas de fuego, y las no especificadas: escuelas, otras instituciones y areas administrativas publicas"
W343,"Disparo de otras armas de fuego, y las no especificadas: areas de deporte y atletismo"
W344,"Disparo de otras armas de fuego, y las no especificadas: calles y carreteras"
W345,"Disparo de otras armas de fuego, y las no especificadas: comercio y areas de servicio"
W346,"Disparo de otras armas de fuego, y las no especificadas: area industrial y de la construccion"
W347,"Disparo de otras armas de fuego, y las no especificadas: granja"
W348,"Disparo de otras armas de fuego, y las no especificadas: otro lugar especificado"
W349,"Disparo de otras armas de fuego, y las no especificadas: lugar no especificado"
W350,Explosion y rotura de caldera: vivienda
W351,Explosion y rotura de caldera: institucion residencial
W352,"Explosion y rotura de caldera: escuelas, otras instituciones y areas administrativas publicas"
W353,Explosion y rotura de caldera: areas de deporte y atletismo
W354,Explosion y rotura de caldera: calles y carreteras
W355,Explosion y rotura de caldera: comercio y areas de servicio
W356,Explosion y rotura de caldera: area industrial y de la construccion
W357,Explosion y rotura de caldera: granja
W358,Explosion y rotura de caldera: otro lugar especificado
W359,Explosion y rotura de caldera: lugar no especificado
W360,Explosion y rotura de cilindro con gas: vivienda
W361,Explosion y rotura de cilindro con gas: institucion residencial
W362,"Explosion y rotura de cilindro con gas: escuelas, otras instituciones y areas administrativas publicas"
W363,Explosion y rotura de cilindro con gas: areas de deporte y atletismo
W364,Explosion y rotura de cilindro con gas: calles y carreteras
W365,Explosion y rotura de cilindro con gas: comercio y areas de servicio
W366,Explosion y rotura de cilindro con gas: area industrial y de la construccion
W367,Explosion y rotura de cilindro con gas: granja
W368,Explosion y rotura de cilindro con gas: otro lugar especificado
W369,Explosion y rotura de cilindro con gas: lugar no especificado
W370,"Explosion y rotura de neumatico, tubo o manguera de goma presurizada: vivienda"
W371,"Explosion y rotura de neumatico, tubo o manguera de goma presurizada: institucion residencial"
W372,"Explosion y rotura de neumatico, tubo o manguera de goma presurizada: escuelas, otras instituciones y areas administrativas publicas"
W373,"Explosion y rotura de neumatico, tubo o manguera de goma presurizada: areas de deporte y atletismo"
W374,"Explosion y rotura de neumatico, tubo o manguera de goma presurizada: calles y carreteras"
W375,"Explosion y rotura de neumatico, tubo o manguera de goma presurizada: comercio y areas de servicio"
W376,"Explosion y rotura de neumatico, tubo o manguera de goma presurizada: area industrial y de la construccion"
W377,"Explosion y rotura de neumatico, tubo o manguera de goma presurizada: granja"
W378,"Explosion y rotura de neumatico, tubo o manguera de goma presurizada: otro lugar especificado"
W379,"Explosion y rotura de neumatico, tubo o manguera de goma presurizada: lugar no especificado"
W380,Explosion y rotura de otros dispositivos presurizados especificados: vivienda
W381,Explosion y rotura de otros dispositivos presurizados especificados: institucion residencial
W382,"Explosion y rotura de otros dispositivos presurizados especificados: escuelas, otras instituciones y areas administrativas publicas"
W383,Explosion y rotura de otros dispositivos presurizados especificados: areas de deporte y atletismo
W384,Explosion y rotura de otros dispositivos presurizados especificados: calles y carreteras
W385,Explosion y rotura de otros dispositivos presurizados especificados: comercio y areas de servicio
W386,Explosion y rotura de otros dispositivos presurizados especificados: area industrial y de la construccion
W387,Explosion y rotura de otros dispositivos presurizados especificados: granja
W388,Explosion y rotura de otros dispositivos presurizados especificados: otro lugar especificado
W389,Explosion y rotura de otros dispositivos presurizados especificados: lugar no especificado
W390,Explosion de fuegos artificiales: vivienda
W391,Explosion de fuegos artificiales: institucion residencial
W392,"Explosion de fuegos artificiales: escuelas, otras instituciones y areas administrativas publicas"
W393,Explosion de fuegos artificiales: areas de deporte y atletismo
W394,Explosion de fuegos artificiales: calles y carreteras
W395,Explosion de fuegos artificiales: comercio y areas de servicio
W396,Explosion de fuegos artificiales: area industrial y de la construccion
W397,Explosion de fuegos artificiales: granja
W398,Explosion de fuegos artificiales: otro lugar especificado
W399,Explosion de fuegos artificiales: lugar no especificado
W400,Explosion de otros materiales: vivienda
W401,Explosion de otros materiales: institucion residencial
W402,"Explosion de otros materiales: escuelas, otras instituciones y areas administrativas publicas"
W403,Explosion de otros materiales: areas de deporte y atletismo
W404,Explosion de otros materiales: calles y carreteras
W405,Explosion de otros materiales: comercio y areas de servicio
W406,Explosion de otros materiales: area industrial y de la construccion
W407,Explosion de otros materiales: granja
W408,Explosion de otros materiales: otro lugar especificado
W409,Explosion de otros materiales: lugar no especificado
W410,Exposicion a chorro de alta presion: vivienda
W411,Exposicion a chorro de alta presion: institucion residencial
W412,"Exposicion a chorro de alta presion: escuelas, otras instituciones y areas administrativas publicas"
W413,Exposicion a chorro de alta presion: areas de deporte y atletismo
W414,Exposicion a chorro de alta presion: calles y carreteras
W415,Exposicion a chorro de alta presion: comercio y areas de servicio
W416,Exposicion a chorro de alta presion: area industrial y de la construccion
W417,Exposicion a chorro de alta presion: granja
W418,Exposicion a chorro de alta presion: otro lugar especificado
W419,Exposicion a chorro de alta presion: lugar no especificado
W420,Exposicion al ruido: vivienda
W421,Exposicion al ruido: institucion residencial
W422,"Exposicion al ruido: escuelas, otras instituciones y areas administrativas publicas"
W423,Exposicion al ruido: areas de deporte y atletismo
W424,Exposicion al ruido: calles y carreteras
W425,Exposicion al ruido: comercio y areas de servicio
W426,Exposicion al ruido: area industrial y de la construccion
W427,Exposicion al ruido: granja
W428,Exposicion al ruido: otro lugar especificado
W429,Exposicion al ruido: lugar no especificado
W430,Exposicion a vibraciones: vivienda
W431,Exposicion a vibraciones: institucion residencial
W432,"Exposicion a vibraciones: escuelas, otras instituciones y areas administrativas publicas"
W433,Exposicion a vibraciones: areas de deporte y atletismo
W434,Exposicion a vibraciones: calles y carreteras
W435,Exposicion a vibraciones: comercio y areas de servicio
W436,Exposicion a vibraciones: area industrial y de la construccion
W437,Exposicion a vibraciones: granja
W438,Exposicion a vibraciones: otro lugar especificado
W439,Exposicion a vibraciones: lugar no especificado
W440,Cuerpo extraño que penetra por el ojo u orificio natural: vivienda
W441,Cuerpo extraño que penetra por el ojo u orificio natural: institucion residencial
W442,"Cuerpo extraño que penetra por el ojo u orificio natural: escuelas, otras instituciones y areas administrativas publicas"
W443,Cuerpo extraño que penetra por el ojo u orificio natural: areas de deporte y atletismo
W444,Cuerpo extraño que penetra por el ojo u orificio natural: calles y carreteras
W445,Cuerpo extraño que penetra por el ojo u orificio natural: comercio y areas de servicio
W446,Cuerpo extraño que penetra por el ojo u orificio natural: area industrial y de la construccion
W447,Cuerpo extraño que penetra por el ojo u orificio natural: granja
W448,Cuerpo extraño que penetra por el ojo u orificio natural: otro lugar especificado
W449,Cuerpo extraño que penetra por el ojo u orificio natural: lugar no especificado
W450,Cuerpo extraño que penetra a traves de la piel: vivienda
W451,Cuerpo extraño que penetra a traves de la piel: institucion residencial
W452,"Cuerpo extraño que penetra a traves de la piel: escuelas, otras instituciones y areas administrativas publicas"
W453,Cuerpo extraño que penetra a traves de la piel: areas de deporte y atletismo
W454,Cuerpo extraño que penetra a traves de la piel: calles y carreteras
W455,Cuerpo extraño que penetra a traves de la piel: comercio y areas de servicio
W456,Cuerpo extraño que penetra a traves de la piel: area industrial y de la construccion
W457,Cuerpo extraño que penetra a traves de la piel: granja
W458,Cuerpo extraño que penetra a traves de la piel: otro lugar especificado
W459,Cuerpo extraño que penetra a traves de la piel: lugar no especificado
W490,"Exposicion a otras fuerzas mecanicas inanimadas, y las no especificadas: vivienda"
W491,"Exposicion a otras fuerzas mecanicas inanimadas, y las no especificadas: institucion residencial"
W492,"Exposicion a otras fuerzas mecanicas inanimadas, y las no especificadas: escuelas, otras instituciones y areas administrativas publicas"
W493,"Exposicion a otras fuerzas mecanicas inanimadas, y las no especificadas: areas de deporte y atletismo"
W494,"Exposicion a otras fuerzas mecanicas inanimadas, y las no especificadas: calles y carreteras"
W495,"Exposicion a otras fuerzas mecanicas inanimadas, y las no especificadas: comercio y areas de servicio"
W496,"Exposicion a otras fuerzas mecanicas inanimadas, y las no especificadas: area industrial y de la construccion"
W497,"Exposicion a otras fuerzas mecanicas inanimadas, y las no especificadas: granja"
W498,"Exposicion a otras fuerzas mecanicas inanimadas, y las no especificadas: otro lugar especificado"
W499,"Exposicion a otras fuerzas mecanicas inanimadas, y las no especificadas: lugar no especificado"
W500,"Aporreo, golpe, mordedura, patada, rasguño o torcedura infligidos por otra persona: vivienda"
W501,"Aporreo, golpe, mordedura, patada, rasguño o torcedura infligidos por otra persona: institucion residencial"
W502,"Aporreo, golpe, mordedura, patada, rasguño o torcedura infligidos por otra persona: escuelas, otras instituciones y areas administrativas publicas"
W503,"Aporreo, golpe, mordedura, patada, rasguño o torcedura infligidos por otra persona: areas de deporte y atletismo"
W504,"Aporreo, golpe, mordedura, patada, rasguño o torcedura infligidos por otra persona: calles y carreteras"
W505,"Aporreo, golpe, mordedura, patada, rasguño o torcedura infligidos por otra persona: comercio y areas de servicio"
W506,"Aporreo, golpe, mordedura, patada, rasguño o torcedura infligidos por otra persona: area industrial y de la construccion"
W507,"Aporreo, golpe, mordedura, patada, rasguño o torcedura infligidos por otra persona: granja"
W508,"Aporreo, golpe, mordedura, patada, rasguño o torcedura infligidos por otra persona: otro lugar especificado"
W509,"Aporreo, golpe, mordedura, patada, rasguño o torcedura infligidos por otra persona: lugar no especificado"
W510,Choque o empellon contra otra persona: vivienda
W511,Choque o empellon contra otra persona: institucion residencial
W512,"Choque o empellon contra otra persona: escuelas, otras instituciones y areas administrativas publicas"
W513,Choque o empellon contra otra persona: areas de deporte y atletismo
W514,Choque o empellon contra otra persona: calles y carreteras
W515,Choque o empellon contra otra persona: comercio y areas de servicio
W516,Choque o empellon contra otra persona: area industrial y de la construccion
W517,Choque o empellon contra otra persona: granja
W518,Choque o empellon contra otra persona: otro lugar especificado
W519,Choque o empellon contra otra persona: lugar no especificado
W520,"Persona aplastada, empujada o pisoteada por una multitud o estampida humana: vivienda"
W521,"Persona aplastada, empujada o pisoteada por una multitud o estampida humana: institucion residencial"
W522,"Persona aplastada, empujada o pisoteada por una multitud o estampida humana: escuelas, otras instituciones y areas administrativas publicas"
W523,"Persona aplastada, empujada o pisoteada por una multitud o estampida humana: areas de deporte y atletismo"
W524,"Persona aplastada, empujada o pisoteada por una multitud o estampida humana: calles y carreteras"
W525,"Persona aplastada, empujada o pisoteada por una multitud o estampida humana: comercio y areas de servicio"
W526,"Persona aplastada, empujada o pisoteada por una multitud o estampida humana: area industrial y de la construccion"
W527,"Persona aplastada, empujada o pisoteada por una multitud o estampida humana: granja"
W528,"Persona aplastada, empujada o pisoteada por una multitud o estampida humana: otro lugar especificado"
W529,"Persona aplastada, empujada o pisoteada por una multitud o estampida humana: lugar no especificado"
W530,Mordedura de rata: vivienda
W531,Mordedura de rata: institucion residencial
W532,"Mordedura de rata: escuelas, otras instituciones y areas administrativas publicas"
W533,Mordedura de rata: areas de deporte y atletismo
W534,Mordedura de rata: calles y carreteras
W535,Mordedura de rata: comercio y areas de servicio
W536,Mordedura de rata: area industrial y de la construccion
W537,Mordedura de rata: granja
W538,Mordedura de rata: otro lugar especificado
W539,Mordedura de rata: lugar no especificado
W540,Mordedura o ataque de perro: vivienda
W541,Mordedura o ataque de perro: institucion residencial
W542,"Mordedura o ataque de perro: escuelas, otras instituciones y areas administrativas publicas"
W543,Mordedura o ataque de perro: areas de deporte y atletismo
W544,Mordedura o ataque de perro: calles y carreteras
W545,Mordedura o ataque de perro: comercio y areas de servicio
W546,Mordedura o ataque de perro: area industrial y de la construccion
W547,Mordedura o ataque de perro: granja
W548,Mordedura o ataque de perro: otro lugar especificado
W549,Mordedura o ataque de perro: lugar no especificado
W550,Mordedura o ataque de otros mamiferos: vivienda
W551,Mordedura o ataque de otros mamiferos: institucion residencial
W552,"Mordedura o ataque de otros mamiferos: escuelas, otras instituciones y areas administrativas publicas"
W553,Mordedura o ataque de otros mamiferos: areas de deporte y atletismo
W554,Mordedura o ataque de otros mamiferos: calles y carreteras
W555,Mordedura o ataque de otros mamiferos: comercio y areas de servicio
W556,Mordedura o ataque de otros mamiferos: area industrial y de la construccion
W557,Mordedura o ataque de otros mamiferos: granja
W558,Mordedura o ataque de otros mamiferos: otro lugar especificado
W559,Mordedura o ataque de otros mamiferos: lugar no especificado
W560,Contacto traumatico con animales marinos: vivienda
W561,Contacto traumatico con animales marinos: institucion residencial
W562,"Contacto traumatico con animales marinos: escuelas, otras instituciones y areas administrativas publicas"
W563,Contacto traumatico con animales marinos: areas de deporte y atletismo
W564,Contacto traumatico con animales marinos: calles y carreteras
W565,Contacto traumatico con animales marinos: comercio y areas de servicio
W566,Contacto traumatico con animales marinos: area industrial y de la construccion
W567,Contacto traumatico con animales marinos: granja
W568,Contacto traumatico con animales marinos: otro lugar especificado
W569,Contacto traumatico con animales marinos: lugar no especificado
W570,Mordedura o picadura de insectos y otros artropodos no venenosos: vivienda
W571,Mordedura o picadura de insectos y otros artropodos no venenosos: institucion residencial
W572,"Mordedura o picadura de insectos y otros artropodos no venenosos: escuelas, otras instituciones y areas administrativas publicas"
W573,Mordedura o picadura de insectos y otros artropodos no venenosos: areas de deporte y atletismo
W574,Mordedura o picadura de insectos y otros artropodos no venenosos: calles y carreteras
W575,Mordedura o picadura de insectos y otros artropodos no venenosos: comercio y areas de servicio
W576,Mordedura o picadura de insectos y otros artropodos no venenosos: area industrial y de la construccion
W577,Mordedura o picadura de insectos y otros artropodos no venenosos: granja
W578,Mordedura o picadura de insectos y otros artropodos no venenosos: otro lugar especificado
W579,Mordedura o picadura de insectos y otros artropodos no venenosos: lugar no especificado
W580,Mordedura o ataque de cocodrilo o caiman: vivienda
W581,Mordedura o ataque de cocodrilo o caiman: institucion residencial
W582,"Mordedura o ataque de cocodrilo o caiman: escuelas, otras instituciones y areas administrativas publicas"
W583,Mordedura o ataque de cocodrilo o caiman: areas de deporte y atletismo
W584,Mordedura o ataque de cocodrilo o caiman: calles y carreteras
W585,Mordedura o ataque de cocodrilo o caiman: comercio y areas de servicio
W586,Mordedura o ataque de cocodrilo o caiman: area industrial y de la construccion
W587,Mordedura o ataque de cocodrilo o caiman: granja
W588,Mordedura o ataque de cocodrilo o caiman: otro lugar especificado
W589,Mordedura o ataque de cocodrilo o caiman: lugar no especificado
W590,Mordedura o aplastamiento por otros reptiles: vivienda
W591,Mordedura o aplastamiento por otros reptiles: institucion residencial
W592,"Mordedura o aplastamiento por otros reptiles: escuelas, otras instituciones y areas administrativas publicas"
W593,Mordedura o aplastamiento por otros reptiles: areas de deporte y atletismo
W594,Mordedura o aplastamiento por otros reptiles: calles y carreteras
W595,Mordedura o aplastamiento por otros reptiles: comercio y areas de servicio
W596,Mordedura o aplastamiento por otros reptiles: area industrial y de la construccion
W597,Mordedura o aplastamiento por otros reptiles: granja
W598,Mordedura o aplastamiento por otros reptiles: otro lugar especificado
W599,Mordedura o aplastamiento por otros reptiles: lugar no especificado
W600,"Contacto traumatico con aguijones, espinas u hojas cortantes de plantas: vivienda"
W601,"Contacto traumatico con aguijones, espinas u hojas cortantes de plantas: institucion residencial"
W602,"Contacto traumatico con aguijones, espinas u hojas cortantes de plantas: escuelas, otras instituciones y areas administrativas publicas"
W603,"Contacto traumatico con aguijones, espinas u hojas cortantes de plantas: areas de deporte y atletismo"
W604,"Contacto traumatico con aguijones, espinas u hojas cortantes de plantas: calles y carreteras"
W605,"Contacto traumatico con aguijones, espinas u hojas cortantes de plantas: comercio y areas de servicio"
W606,"Contacto traumatico con aguijones, espinas u hojas cortantes de plantas: area industrial y de la construccion"
W607,"Contacto traumatico con aguijones, espinas u hojas cortantes de plantas: granja"
W608,"Contacto traumatico con aguijones, espinas u hojas cortantes de plantas: otro lugar especificado"
W609,"Contacto traumatico con aguijones, espinas u hojas cortantes de plantas: lugar no especificado"
W640,"Exposicion a otras fuerzas mecanicas animadas, y las no especificadas: vivienda"
W641,"Exposicion a otras fuerzas mecanicas animadas, y las no especificadas: institucion residencial"
W642,"Exposicion a otras fuerzas mecanicas animadas, y las no especificadas: escuelas, otras instituciones y areas administrativas publicas"
W643,"Exposicion a otras fuerzas mecanicas animadas, y las no especificadas: areas de deporte y atletismo"
W644,"Exposicion a otras fuerzas mecanicas animadas, y las no especificadas: calles y carreteras"
W645,"Exposicion a otras fuerzas mecanicas animadas, y las no especificadas: comercio y areas de servicio"
W646,"Exposicion a otras fuerzas mecanicas animadas, y las no especificadas: area industrial y de la construccion"
W647,"Exposicion a otras fuerzas mecanicas animadas, y las no especificadas: granja"
W648,"Exposicion a otras fuerzas mecanicas animadas, y las no especificadas: otro lugar especificado"
W649,"Exposicion a otras fuerzas mecanicas animadas, y las no especificadas: lugar no especificado"
W650,Ahogamiento y sumersion mientras se esta en la bañera: vivienda
W651,Ahogamiento y sumersion mientras se esta en la bañera: institucion residencial
W652,"Ahogamiento y sumersion mientras se esta en la bañera: escuelas, otras instituciones y areas administrativas publicas"
W653,Ahogamiento y sumersion mientras se esta en la bañera: areas de deporte y atletismo
W654,Ahogamiento y sumersion mientras se esta en la bañera: calles y carreteras
W655,Ahogamiento y sumersion mientras se esta en la bañera: comercio y areas de servicio
W656,Ahogamiento y sumersion mientras se esta en la bañera: area industrial y de la construccion
W657,Ahogamiento y sumersion mientras se esta en la bañera: granja
W658,Ahogamiento y sumersion mientras se esta en la bañera: otro lugar especificado
W659,Ahogamiento y sumersion mientras se esta en la bañera: lugar no especificado
W660,Ahogamiento y sumersion consecutivos a caida en la bañera: vivienda
W661,Ahogamiento y sumersion consecutivos a caida en la bañera: institucion residencial
W662,"Ahogamiento y sumersion consecutivos a caida en la bañera: escuelas, otras instituciones y areas administrativas publicas"
W663,Ahogamiento y sumersion consecutivos a caida en la bañera: areas de deporte y atletismo
W664,Ahogamiento y sumersion consecutivos a caida en la bañera: calles y carreteras
W665,Ahogamiento y sumersion consecutivos a caida en la bañera: comercio y areas de servicio
W666,Ahogamiento y sumersion consecutivos a caida en la bañera: area industrial y de la construccion
W667,Ahogamiento y sumersion consecutivos a caida en la bañera: granja
W668,Ahogamiento y sumersion consecutivos a caida en la bañera: otro lugar especificado
W669,Ahogamiento y sumersion consecutivos a caida en la bañera: lugar no especificado
W670,Ahogamiento y sumersion mientras se esta en una piscina: vivienda
W671,Ahogamiento y sumersion mientras se esta en una piscina: institucion residencial
W672,"Ahogamiento y sumersion mientras se esta en una piscina: escuelas, otras instituciones y areas administrativas publicas"
W673,Ahogamiento y sumersion mientras se esta en una piscina: areas de deporte y atletismo
W674,Ahogamiento y sumersion mientras se esta en una piscina: calles y carreteras
W675,Ahogamiento y sumersion mientras se esta en una piscina: comercio y areas de servicio
W676,Ahogamiento y sumersion mientras se esta en una piscina: area industrial y de la construccion
W677,Ahogamiento y sumersion mientras se esta en una piscina: granja
W678,Ahogamiento y sumersion mientras se esta en una piscina: otro lugar especificado
W679,Ahogamiento y sumersion mientras se esta en una piscina: lugar no especificado
W680,Ahogamiento y sumersion consecutivos a caida en una piscina: vivienda
W681,Ahogamiento y sumersion consecutivos a caida en una piscina: institucion residencial
W682,"Ahogamiento y sumersion consecutivos a caida en una piscina: escuelas, otras instituciones y areas administrativas publicas"
W683,Ahogamiento y sumersion consecutivos a caida en una piscina: areas de deporte y atletismo
W684,Ahogamiento y sumersion consecutivos a caida en una piscina: calles y carreteras
W685,Ahogamiento y sumersion consecutivos a caida en una piscina: comercio y areas de servicio
W686,Ahogamiento y sumersion consecutivos a caida en una piscina: area industrial y de la construccion
W687,Ahogamiento y sumersion consecutivos a caida en una piscina: granja
W688,Ahogamiento y sumersion consecutivos a caida en una piscina: otro lugar especificado
W689,Ahogamiento y sumersion consecutivos a caida en una piscina: lugar no especificado
W690,Ahogamiento y sumersion mientras se esta en aguas naturales: vivienda
W691,Ahogamiento y sumersion mientras se esta en aguas naturales: institucion residencial
W692,"Ahogamiento y sumersion mientras se esta en aguas naturales: escuelas, otras instituciones y areas administrativas publicas"
W693,Ahogamiento y sumersion mientras se esta en aguas naturales: areas de deporte y atletismo
W694,Ahogamiento y sumersion mientras se esta en aguas naturales: calles y carreteras
W695,Ahogamiento y sumersion mientras se esta en aguas naturales: comercio y areas de servicio
W696,Ahogamiento y sumersion mientras se esta en aguas naturales: area industrial y de la construccion
W697,Ahogamiento y sumersion mientras se esta en aguas naturales: granja
W698,Ahogamiento y sumersion mientras se esta en aguas naturales: otro lugar especificado
W699,Ahogamiento y sumersion mientras se esta en aguas naturales: lugar no especificado
W700,Ahogamiento y sumersion posterior a caida en aguas naturales: vivienda
W701,Ahogamiento y sumersion posterior a caida en aguas naturales: institucion residencial
W702,"Ahogamiento y sumersion posterior a caida en aguas naturales: escuelas, otras instituciones y areas administrativas publicas"
W703,Ahogamiento y sumersion posterior a caida en aguas naturales: areas de deporte y atletismo
W704,Ahogamiento y sumersion posterior a caida en aguas naturales: calles y carreteras
W705,Ahogamiento y sumersion posterior a caida en aguas naturales: comercio y areas de servicio
W706,Ahogamiento y sumersion posterior a caida en aguas naturales: area industrial y de la construccion
W707,Ahogamiento y sumersion posterior a caida en aguas naturales: granja
W708,Ahogamiento y sumersion posterior a caida en aguas naturales: otro lugar especificado
W709,Ahogamiento y sumersion posterior a caida en aguas naturales: lugar no especificado
W730,Otros ahogamientos y sumersiones especificados: vivienda
W731,Otros ahogamientos y sumersiones especificados: institucion residencial
W732,"Otros ahogamientos y sumersiones especificados: escuelas, otras instituciones y areas administrativas publicas"
W733,Otros ahogamientos y sumersiones especificados: areas de deporte y atletismo
W734,Otros ahogamientos y sumersiones especificados: calles y carreteras
W735,Otros ahogamientos y sumersiones especificados: comercio y areas de servicio
W736,Otros ahogamientos y sumersiones especificados: area industrial y de la construccion
W737,Otros ahogamientos y sumersiones especificados: granja
W738,Otros ahogamientos y sumersiones especificados: otro lugar especificado
W739,Otros ahogamientos y sumersiones especificados: lugar no especificado
W740,Ahogamiento y sumersion no especificados: vivienda
W741,Ahogamiento y sumersion no especificados: institucion residencial
W742,"Ahogamiento y sumersion no especificados: escuelas, otras instituciones y areas administrativas publicas"
W743,Ahogamiento y sumersion no especificados: areas de deporte y atletismo
W744,Ahogamiento y sumersion no especificados: calles y carreteras
W745,Ahogamiento y sumersion no especificados: comercio y areas de servicio
W746,Ahogamiento y sumersion no especificados: area industrial y de la construccion
W747,Ahogamiento y sumersion no especificados: granja
W748,Ahogamiento y sumersion no especificados: otro lugar especificado
W749,Ahogamiento y sumersion no especificados: lugar no especificado
W750,Sofocacion y estrangulamiento accidental en la cama: vivienda
W751,Sofocacion y estrangulamiento accidental en la cama: institucion residencial
W752,"Sofocacion y estrangulamiento accidental en la cama: escuelas, otras instituciones y areas administrativas publicas"
W753,Sofocacion y estrangulamiento accidental en la cama: areas de deporte y atletismo
W754,Sofocacion y estrangulamiento accidental en la cama: calles y carreteras
W755,Sofocacion y estrangulamiento accidental en la cama: comercio y areas de servicio
W756,Sofocacion y estrangulamiento accidental en la cama: area industrial y de la construccion
W757,Sofocacion y estrangulamiento accidental en la cama: granja
W758,Sofocacion y estrangulamiento accidental en la cama: otro lugar especificado
W759,Sofocacion y estrangulamiento accidental en la cama: lugar no especificado
W760,Otros estrangulamientos y ahorcamientos accidentales: vivienda
W761,Otros estrangulamientos y ahorcamientos accidentales: institucion residencial
W762,"Otros estrangulamientos y ahorcamientos accidentales: escuelas, otras instituciones y areas administrativas publicas"
W763,Otros estrangulamientos y ahorcamientos accidentales: areas de deporte y atletismo
W764,Otros estrangulamientos y ahorcamientos accidentales: calles y carreteras
W765,Otros estrangulamientos y ahorcamientos accidentales: comercio y areas de servicio
W766,Otros estrangulamientos y ahorcamientos accidentales: area industrial y de la construccion
W767,Otros estrangulamientos y ahorcamientos accidentales: granja
W768,Otros estrangulamientos y ahorcamientos accidentales: otro lugar especificado
W769,Otros estrangulamientos y ahorcamientos accidentales: lugar no especificado
W770,"Obstruccion de la respiracion debida a hundimiento, caida de tierra u otras sustancias: vivienda"
W771,"Obstruccion de la respiracion debida a hundimiento, caida de tierra u otras sustancias: institucion residencial"
W772,"Obstruccion de la respiracion debida a hundimiento, caida de tierra u otras sustancias: escuelas, otras instituciones y areas administrativas publicas"
W773,"Obstruccion de la respiracion debida a hundimiento, caida de tierra u otras sustancias: areas de deporte y atletismo"
W774,"Obstruccion de la respiracion debida a hundimiento, caida de tierra u otras sustancias: calles y carreteras"
W775,"Obstruccion de la respiracion debida a hundimiento, caida de tierra u otras sustancias: comercio y areas de servicio"
W776,"Obstruccion de la respiracion debida a hundimiento, caida de tierra u otras sustancias: area industrial y de la construccion"
W777,"Obstruccion de la respiracion debida a hundimiento, caida de tierra u otras sustancias: granja"
W778,"Obstruccion de la respiracion debida a hundimiento, caida de tierra u otras sustancias: otro lugar especificado"
W779,"Obstruccion de la respiracion debida a hundimiento, caida de tierra u otras sustancias: lugar no especificado"
W780,Inhalacion de contenidos gastricos: vivienda
W781,Inhalacion de contenidos gastricos: institucion residencial
W782,"Inhalacion de contenidos gastricos: escuelas, otras instituciones y areas administrativas publicas"
W783,Inhalacion de contenidos gastricos: areas de deporte y atletismo
W784,Inhalacion de contenidos gastricos: calles y carreteras
W785,Inhalacion de contenidos gastricos: comercio y areas de servicio
W786,Inhalacion de contenidos gastricos: area industrial y de la construccion
W787,Inhalacion de contenidos gastricos: granja
W788,Inhalacion de contenidos gastricos: otro lugar especificado
W789,Inhalacion de contenidos gastricos: lugar no especificado
W790,Inhalacion e ingestion de alimento que causa obstruccion de las vias respiratorias: vivienda
W791,Inhalacion e ingestion de alimento que causa obstruccion de las vias respiratorias: institucion residencial
W792,"Inhalacion e ingestion de alimento que causa obstruccion de las vias respiratorias: escuelas, otras instituciones y areas administrativas publicas"
W793,Inhalacion e ingestion de alimento que causa obstruccion de las vias respiratorias: areas de deporte y atletismo
W794,Inhalacion e ingestion de alimento que causa obstruccion de las vias respiratorias: calles y carreteras
W795,Inhalacion e ingestion de alimento que causa obstruccion de las vias respiratorias: comercio y areas de servicio
W796,Inhalacion e ingestion de alimento que causa obstruccion de las vias respiratorias: area industrial y de la construccion
W797,Inhalacion e ingestion de alimento que causa obstruccion de las vias respiratorias: granja
W798,Inhalacion e ingestion de alimento que causa obstruccion de las vias respiratorias: otro lugar especificado
W799,Inhalacion e ingestion de alimento que causa obstruccion de las vias respiratorias: lugar no especificado
W800,Inhalacion e ingestion de otros objetos que causan obstruccion de las vias respiratorias: vivienda
W801,Inhalacion e ingestion de otros objetos que causan obstruccion de las vias respiratorias: institucion residencial
W802,"Inhalacion e ingestion de otros objetos que causan obstruccion de las vias respiratorias: escuelas, otras instituciones y areas administrativas publicas"
W803,Inhalacion e ingestion de otros objetos que causan obstruccion de las vias respiratorias: areas de deporte y atletismo
W804,Inhalacion e ingestion de otros objetos que causan obstruccion de las vias respiratorias: calles y carreteras
W805,Inhalacion e ingestion de otros objetos que causan obstruccion de las vias respiratorias: comercio y areas de servicio
W806,Inhalacion e ingestion de otros objetos que causan obstruccion de las vias respiratorias: area industrial y de la construccion
W807,Inhalacion e ingestion de otros objetos que causan obstruccion de las vias respiratorias: granja
W808,Inhalacion e ingestion de otros objetos que causan obstruccion de las vias respiratorias: otro lugar especificado
W809,Inhalacion e ingestion de otros objetos que causan obstruccion de las vias respiratorias: lugar no especificado
W810,Confinado o atrapado en un ambiente con bajo contenido de oxigeno: vivienda
W811,Confinado o atrapado en un ambiente con bajo contenido de oxigeno: institucion residencial
W812,"Confinado o atrapado en un ambiente con bajo contenido de oxigeno: escuelas, otras instituciones y areas administrativas publicas"
W813,Confinado o atrapado en un ambiente con bajo contenido de oxigeno: areas de deporte y atletismo
W814,Confinado o atrapado en un ambiente con bajo contenido de oxigeno: calles y carreteras
W815,Confinado o atrapado en un ambiente con bajo contenido de oxigeno: comercio y areas de servicio
W816,Confinado o atrapado en un ambiente con bajo contenido de oxigeno: area industrial y de la construccion
W817,Confinado o atrapado en un ambiente con bajo contenido de oxigeno: granja
W818,Confinado o atrapado en un ambiente con bajo contenido de oxigeno: otro lugar especificado
W819,Confinado o atrapado en un ambiente con bajo contenido de oxigeno: lugar no especificado
W830,Otras obstrucciones especificadas de la respiracion: vivienda
W831,Otras obstrucciones especificadas de la respiracion: institucion residencial
W832,"Otras obstrucciones especificadas de la respiracion: escuelas, otras instituciones y areas administrativas publicas"
W833,Otras obstrucciones especificadas de la respiracion: areas de deporte y atletismo
W834,Otras obstrucciones especificadas de la respiracion: calles y carreteras
W835,Otras obstrucciones especificadas de la respiracion: comercio y areas de servicio
W836,Otras obstrucciones especificadas de la respiracion: area industrial y de la construccion
W837,Otras obstrucciones especificadas de la respiracion: granja
W838,Otras obstrucciones especificadas de la respiracion: otro lugar especificado
W839,Otras obstrucciones especificadas de la respiracion: lugar no especificado
W840,Obstrucciones no especificada de la respiracion: vivienda
W841,Obstrucciones no especificada de la respiracion: institucion residencial
W842,"Obstrucciones no especificada de la respiracion: escuelas, otras instituciones y areas administrativas publicas"
W843,Obstrucciones no especificada de la respiracion: areas de deporte y atletismo
W844,Obstrucciones no especificada de la respiracion: calles y carreteras
W845,Obstrucciones no especificada de la respiracion: comercio y areas de servicio
W846,Obstrucciones no especificada de la respiracion: area industrial y de la construccion
W847,Obstrucciones no especificada de la respiracion: granja
W848,Obstrucciones no especificada de la respiracion: otro lugar especificado
W849,Obstrucciones no especificada de la respiracion: lugar no especificado
W850,Exposicion a lineas de transmision electrica: vivienda
W851,Exposicion a lineas de transmision electrica: institucion residencial
W852,"Exposicion a lineas de transmision electrica: escuelas, otras instituciones y areas administrativas publicas"
W853,Exposicion a lineas de transmision electrica: areas de deporte y atletismo
W854,Exposicion a lineas de transmision electrica: calles y carreteras
W855,Exposicion a lineas de transmision electrica: comercio y areas de servicio
W856,Exposicion a lineas de transmision electrica: area industrial y de la construccion
W857,Exposicion a lineas de transmision electrica: granja
W858,Exposicion a lineas de transmision electrica: otro lugar especificado
W859,Exposicion a lineas de transmision electrica: lugar no especificado
W860,Exposicion a otras corrientes electricas especificadas: vivienda
W861,Exposicion a otras corrientes electricas especificadas: institucion residencial
W862,"Exposicion a otras corrientes electricas especificadas: escuelas, otras instituciones y areas administrativas publicas"
W863,Exposicion a otras corrientes electricas especificadas: areas de deporte y atletismo
W864,Exposicion a otras corrientes electricas especificadas: calles y carreteras
W865,Exposicion a otras corrientes electricas especificadas: comercio y areas de servicio
W866,Exposicion a otras corrientes electricas especificadas: area industrial y de la construccion
W867,Exposicion a otras corrientes electricas especificadas: granja
W868,Exposicion a otras corrientes electricas especificadas: otro lugar especificado
W869,Exposicion a otras corrientes electricas especificadas: lugar no especificado
W870,Exposicion a corriente electrica no especificada: vivienda
W871,Exposicion a corriente electrica no especificada: institucion residencial
W872,"Exposicion a corriente electrica no especificada: escuelas, otras instituciones y areas administrativas publicas"
W873,Exposicion a corriente electrica no especificada: areas de deporte y atletismo
W874,Exposicion a corriente electrica no especificada: calles y carreteras
W875,Exposicion a corriente electrica no especificada: comercio y areas de servicio
W876,Exposicion a corriente electrica no especificada: area industrial y de la construccion
W877,Exposicion a corriente electrica no especificada: granja
W878,Exposicion a corriente electrica no especificada: otro lugar especificado
W879,Exposicion a corriente electrica no especificada: lugar no especificado
W880,Exposicion a radiacion ionizante: vivienda
W881,Exposicion a radiacion ionizante: institucion residencial
W882,"Exposicion a radiacion ionizante: escuelas, otras instituciones y areas administrativas publicas"
W883,Exposicion a radiacion ionizante: areas de deporte y atletismo
W884,Exposicion a radiacion ionizante: calles y carreteras
W885,Exposicion a radiacion ionizante: comercio y areas de servicio
W886,Exposicion a radiacion ionizante: area industrial y de la construccion
W887,Exposicion a radiacion ionizante: granja
W888,Exposicion a radiacion ionizante: otro lugar especificado
W889,Exposicion a radiacion ionizante: lugar no especificado
W890,"Exposicion a fuente de luz visible y ultravioleta, de origen artificial: vivienda"
W891,"Exposicion a fuente de luz visible y ultravioleta, de origen artificial: institucion residencial"
W892,"Exposicion a fuente de luz visible y ultravioleta, de origen artificial: escuelas, otras instituciones y areas administrativas publicas"
W893,"Exposicion a fuente de luz visible y ultravioleta, de origen artificial: areas de deporte y atletismo"
W894,"Exposicion a fuente de luz visible y ultravioleta, de origen artificial: calles y carreteras"
W895,"Exposicion a fuente de luz visible y ultravioleta, de origen artificial: comercio y areas de servicio"
W896,"Exposicion a fuente de luz visible y ultravioleta, de origen artificial: area industrial y de la construccion"
W897,"Exposicion a fuente de luz visible y ultravioleta, de origen artificial: granja"
W898,"Exposicion a fuente de luz visible y ultravioleta, de origen artificial: otro lugar especificado"
W899,"Exposicion a fuente de luz visible y ultravioleta, de origen artificial: lugar no especificado"
W900,Exposicion a otros tipos de radiacion no ionizante: vivienda
W901,Exposicion a otros tipos de radiacion no ionizante: institucion residencial
W902,"Exposicion a otros tipos de radiacion no ionizante: escuelas, otras instituciones y areas administrativas publicas"
W903,Exposicion a otros tipos de radiacion no ionizante: areas de deporte y atletismo
W904,Exposicion a otros tipos de radiacion no ionizante: calles y carreteras
W905,Exposicion a otros tipos de radiacion no ionizante: comercio y areas de servicio
W906,Exposicion a otros tipos de radiacion no ionizante: area industrial y de la construccion
W907,Exposicion a otros tipos de radiacion no ionizante: granja
W908,Exposicion a otros tipos de radiacion no ionizante: otro lugar especificado
W909,Exposicion a otros tipos de radiacion no ionizante: lugar no especificado
W910,Exposicion a radiacion de tipo no especificado: vivienda
W911,Exposicion a radiacion de tipo no especificado: institucion residencial
W912,"Exposicion a radiacion de tipo no especificado: escuelas, otras instituciones y areas administrativas publicas"
W913,Exposicion a radiacion de tipo no especificado: areas de deporte y atletismo
W914,Exposicion a radiacion de tipo no especificado: calles y carreteras
W915,Exposicion a radiacion de tipo no especificado: comercio y areas de servicio
W916,Exposicion a radiacion de tipo no especificado: area industrial y de la construccion
W917,Exposicion a radiacion de tipo no especificado: granja
W918,Exposicion a radiacion de tipo no especificado: otro lugar especificado
W919,Exposicion a radiacion de tipo no especificado: lugar no especificado
W920,Exposicion a calor excesivo de origen artificial: vivienda
W921,Exposicion a calor excesivo de origen artificial: institucion residencial
W922,"Exposicion a calor excesivo de origen artificial: escuelas, otras instituciones y areas administrativas publicas"
W923,Exposicion a calor excesivo de origen artificial: areas de deporte y atletismo
W924,Exposicion a calor excesivo de origen artificial: calles y carreteras
W925,Exposicion a calor excesivo de origen artificial: comercio y areas de servicio
W926,Exposicion a calor excesivo de origen artificial: area industrial y de la construccion
W927,Exposicion a calor excesivo de origen artificial: granja
W928,Exposicion a calor excesivo de origen artificial: otro lugar especificado
W929,Exposicion a calor excesivo de origen artificial: lugar no especificado
W930,Exposicion a frio excesivo de origen artificial: vivienda
W931,Exposicion a frio excesivo de origen artificial: institucion residencial
W932,"Exposicion a frio excesivo de origen artificial: escuelas, otras instituciones y areas administrativas publicas"
W933,Exposicion a frio excesivo de origen artificial: areas de deporte y atletismo
W934,Exposicion a frio excesivo de origen artificial: calles y carreteras
W935,Exposicion a frio excesivo de origen artificial: comercio y areas de servicio
W936,Exposicion a frio excesivo de origen artificial: area industrial y de la construccion
W937,Exposicion a frio excesivo de origen artificial: granja
W938,Exposicion a frio excesivo de origen artificial: otro lugar especificado
W939,Exposicion a frio excesivo de origen artificial: lugar no especificado
W940,Exposicion a presion de aire alta y baja y a cambios en la presion del aire: vivienda
W941,Exposicion a presion de aire alta y baja y a cambios en la presion del aire: institucion residencial
W942,"Exposicion a presion de aire alta y baja y a cambios en la presion del aire: escuelas, otras instituciones y areas administrativas publicas"
W943,Exposicion a presion de aire alta y baja y a cambios en la presion del aire: areas de deporte y atletismo
W944,Exposicion a presion de aire alta y baja y a cambios en la presion del aire: calles y carreteras
W945,Exposicion a presion de aire alta y baja y a cambios en la presion del aire: comercio y areas de servicio
W946,Exposicion a presion de aire alta y baja y a cambios en la presion del aire: area industrial y de la construccion
W947,Exposicion a presion de aire alta y baja y a cambios en la presion del aire: granja
W948,Exposicion a presion de aire alta y baja y a cambios en la presion del aire: otro lugar especificado
W949,Exposicion a presion de aire alta y baja y a cambios en la presion del aire: lugar no especificado
W990,"Exposicion a otros factores ambientales y a los no especificados, de origen artificial: vivienda"
W991,"Exposicion a otros factores ambientales y a los no especificados, de origen artificial: institucion residencial"
W992,"Exposicion a otros factores ambientales y a los no especificados, de origen artificial: escuelas, otras instituciones y areas administrativas publicas"
W993,"Exposicion a otros factores ambientales y a los no especificados, de origen artificial: areas de deporte y atletismo"
W994,"Exposicion a otros factores ambientales y a los no especificados, de origen artificial: calles y carreteras"
W995,"Exposicion a otros factores ambientales y a los no especificados, de origen artificial: comercio y areas de servicio"
W996,"Exposicion a otros factores ambientales y a los no especificados, de origen artificial: area industrial y de la construccion"
W997,"Exposicion a otros factores ambientales y a los no especificados, de origen artificial: granja"
W998,"Exposicion a otros factores ambientales y a los no especificados, de origen artificial: otro lugar especificado"
W999,"Exposicion a otros factores ambientales y a los no especificados, de origen artificial: lugar no especificado"
X000,Exposicion a fuego no controlado en edificio u otra construccion: vivienda
X001,Exposicion a fuego no controlado en edificio u otra construccion: institucion residencial
X002,"Exposicion a fuego no controlado en edificio u otra construccion: escuelas, otras instituciones y areas administrativas publicas"
X003,Exposicion a fuego no controlado en edificio u otra construccion: areas de deporte y atletismo
X004,Exposicion a fuego no controlado en edificio u otra construccion: calles y carreteras
X005,Exposicion a fuego no controlado en edificio u otra construccion: comercio y areas de servicio
X006,Exposicion a fuego no controlado en edificio u otra construccion: area industrial y de la construccion
X007,Exposicion a fuego no controlado en edificio u otra construccion: granja
X008,Exposicion a fuego no controlado en edificio u otra construccion: otro lugar especificado
X009,Exposicion a fuego no controlado en edificio u otra construccion: lugar no especificado
X010,Exposicion a fuego no controlado en lugar que no es edificio u otra construccion: vivienda
X011,Exposicion a fuego no controlado en lugar que no es edificio u otra construccion: institucion residencial
X012,"Exposicion a fuego no controlado en lugar que no es edificio u otra construccion: escuelas, otras instituciones y areas administrativas publicas"
X013,Exposicion a fuego no controlado en lugar que no es edificio u otra construccion: areas de deporte y atletismo
X014,Exposicion a fuego no controlado en lugar que no es edificio u otra construccion: calles y carreteras
X015,Exposicion a fuego no controlado en lugar que no es edificio u otra construccion: comercio y areas de servicio
X016,Exposicion a fuego no controlado en lugar que no es edificio u otra construccion: areas industrial y de la construccion
X017,Exposicion a fuego no controlado en lugar que no es edificio u otra construccion: granja
X018,Exposicion a fuego no controlado en lugar que no es edificio u otra construccion: otro lugar especificado
X019,Exposicion a fuego no controlado en lugar que no es edificio u otra construccion: lugar no especificado
X020,Exposicion a fuego controlado en edificio u otra construccion: vivienda
X021,Exposicion a fuego controlado en edificio u otra construccion: institucion residencial
X022,"Exposicion a fuego controlado en edificio u otra construccion: escuelas, otras instituciones y areas administrativas publicas"
X023,Exposicion a fuego controlado en edificio u otra construccion: areas de deporte y atletismo
X024,Exposicion a fuego controlado en edificio u otra construccion: calles y carreteras
X025,Exposicion a fuego controlado en edificio u otra construccion: comercio y area de servicio
X026,Exposicion a fuego controlado en edificio u otra construccion: area industrial y de la construccion
X027,Exposicion a fuego controlado en edificio u otra construccion: granja
X028,Exposicion a fuego controlado en edificio u otra construccion: otro lugar especificado
X029,Exposicion a fuego controlado en edificio u otra construccion: lugar no especificado
X030,Exposicion a fuego controlado en lugar que no es edificio u otra construccion: vivienda
X031,Exposicion a fuego controlado en lugar que no es edificio u otra construccion: institucion residencial
X032,"Exposicion a fuego controlado en lugar que no es edificio u otra construccion: escuelas, otras instituciones areas administrativas publicas"
X033,Exposicion a fuego controlado en lugar que no es edificio u otra construccion: areas de deporte y atletismo
X034,Exposicion a fuego controlado en lugar que no es edificio u otra construccion: calles y carreteras
X035,Exposicion a fuego controlado en lugar que no es edificio u otra construccion: comercio y areas de servicio
X036,Exposicion a fuego controlado en lugar que no es edificio u otra construccion: area industrial y de la construccion
X037,Exposicion a fuego controlado en lugar que no es edificio u otra construccion: granja
X038,Exposicion a fuego controlado en lugar que no es edificio u otra construccion: otro lugar especificado
X039,Exposicion a fuego controlado en lugar que no es edificio u otra construccion: lugar no especificado
X040,Exposicion a ignicion de material altamente inflamable: vivienda
X041,Exposicion a ignicion de material altamente inflamable: institucion residencial
X042,"Exposicion a ignicion de material altamente inflamable: escuelas, otras instituciones y areas administrativas publicas"
X043,Exposicion a ignicion de material altamente inflamable: areas de deporte y atletismo
X044,Exposicion a ignicion de material altamente inflamable: calles y carreteras
X045,Exposicion a ignicion de material altamente inflamable: comercio y areas de servicio
X046,Exposicion a ignicion de material altamente inflamable: area industrial y de la construccion
X047,Exposicion a ignicion de material altamente inflamable: granja
X048,Exposicion a ignicion de material altamente inflamable: otro lugar especificado
X049,Exposicion a ignicion de material altamente inflamable: lugar no especificado
X050,Exposicion a ignicion o fusion de ropas de dormir: vivienda
X051,Exposicion a ignicion o fusion de ropas de dormir: institucion residencial
X052,"Exposicion a ignicion o fusion de ropas de dormir: escuelas, otras instituciones y areas administrativas publicas"
X053,Exposicion a ignicion o fusion de ropas de dormir: areas de deporte y atletismo
X054,Exposicion a ignicion o fusion de ropas de dormir: calles y carreteras
X055,Exposicion a ignicion o fusion de ropas de dormir: comercio y area de servicios
X056,Exposicion a ignicion o fusion de ropas de dormir: area industrial y de la construccion
X057,Exposicion a ignicion o fusion de ropas de dormir: granja
X058,Exposicion a ignicion o fusion de ropas de dormir: otro lugar especificado
X059,Exposicion a ignicion o fusion de ropas de dormir: lugar no especificado
X060,Exposicion a ignicion o fusion de otras ropas y accesorios: vivienda
X061,Exposicion a ignicion o fusion de otras ropas y accesorios: institucion residencial
X062,"Exposicion a ignicion o fusion de otras ropas y accesorios: escuelas, otras instituciones y areas administrativas publicas"
X063,Exposicion a ignicion o fusion de otras ropas y accesorios: areas de deporte y atletismo
X064,Exposicion a ignicion o fusion de otras ropas y accesorios: calles y carreteras
X065,Exposicion a ignicion o fusion de otras ropas y accesorios: comercio y areas de servicio
X066,Exposicion a ignicion o fusion de otras ropas y accesorios: area industrial y de la construccion
X067,Exposicion a ignicion o fusion de otras ropas y accesorios: granja
X068,Exposicion a ignicion o fusion de otras ropas y accesorios: otro lugar especificado
X069,Exposicion a ignicion o fusion de otras ropas y accesorios: lugar no especificado
X080,"Exposicion a otros humos, fuegos o llamas especificados: vivienda"
X081,"Exposicion a otros humos, fuegos o llamas especificados: institucion residencial"
X082,"Exposicion a otros humos, fuegos o llamas especificados: escuelas, otras instituciones y areas administrativas publicas"
X083,"Exposicion a otros humos, fuegos o llamas especificados: areas de deporte y atletismo"
X084,"Exposicion a otros humos, fuegos o llamas especificados: calles y carreteras"
X085,"Exposicion a otros humos, fuegos o llamas especificados: comercio y areas de servicio"
X086,"Exposicion a otros humos, fuegos o llamas especificados: area industrial y de la construccion"
X087,"Exposicion a otros humos, fuegos o llamas especificados: granja"
X088,"Exposicion a otros humos, fuegos o llamas especificados: otro lugar especificado"
X089,"Exposicion a otros humos, fuegos o llamas especificados: lugar no especificado"
X090,"Exposicion a humos, fuegos o llamas no especificados: vivienda"
X091,"Exposicion a humos, fuegos o llamas no especificados: institucion residencial"
X092,"Exposicion a humos, fuegos o llamas no especificados: escuelas, otras instituciones y areas administrativas publicas"
X093,"Exposicion a humos, fuegos o llamas no especificados: areas de deporte y atletismo"
X094,"Exposicion a humos, fuegos o llamas no especificados: calles y carreteras"
X095,"Exposicion a humos, fuegos o llamas no especificados: comercio y areas de servicio"
X096,"Exposicion a humos, fuegos o llamas no especificados: area industrial y de la construccion"
X097,"Exposicion a humos, fuegos o llamas no especificados: granja"
X098,"Exposicion a humos, fuegos o llamas no especificados: otro lugar especificado"
X099,"Exposicion a humos, fuegos o llamas no especificados: lugar no especificado"
X100,"Contacto con bebidas, alimentos, grasas y aceites para cocinar, calientes: vivienda"
X101,"Contacto con bebidas, alimentos, grasas y aceites para cocinar, calientes: institucion residencial"
X102,"Contacto con bebidas, alimentos, grasas y aceites para cocinar, calientes: escuelas, otras instituciones y areas administrativas publicas"
X103,"Contacto con bebidas, alimentos, grasas y aceites para cocinar, calientes: areas de deporte y atletismo"
X104,"Contacto con bebidas, alimentos, grasas y aceites para cocinar, calientes: calles y carreteras"
X105,"Contacto con bebidas, alimentos, grasas y aceites para cocinar, calientes: comercio y areas de servicio"
X106,"Contacto con bebidas, alimentos, grasas y aceites para cocinar, calientes: area industrial y de la construccion"
X107,"Contacto con bebidas, alimentos, grasas y aceites para cocinar, calientes: granja"
X108,"Contacto con bebidas, alimentos, grasas y aceites para cocinar, calientes: otro lugar especificado"
X109,"Contacto con bebidas, alimentos, grasas y aceites para cocinar, calientes: lugar no especificado"
X110,Contacto con agua caliente corriente: vivienda
X111,Contacto con agua caliente corriente: institucion residencial
X112,"Contacto con agua caliente corriente: escuelas, otras instituciones y areas administrativas publicas"
X113,Contacto con agua caliente corriente: areas de deporte y atletismo
X114,Contacto con agua caliente corriente: calles y carreteras
X115,Contacto con agua caliente corriente: comercio y areas de servicio
X116,Contacto con agua caliente corriente: area industrial y de la construccion
X117,Contacto con agua caliente corriente: granja
X118,Contacto con agua caliente corriente: otro lugar especificado
X119,Contacto con agua caliente corriente: lugar no especificado
X120,Contacto con otros liquidos calientes: vivienda
X121,Contacto con otros liquidos calientes: institucion residencial
X122,"Contacto con otros liquidos calientes: escuelas, otras instituciones y areas administrativas publicas"
X123,Contacto con otros liquidos calientes: areas de deporte y atletismo
X124,Contacto con otros liquidos calientes: calles y carreteras
X125,Contacto con otros liquidos calientes: comercio y areas de servicio
X126,Contacto con otros liquidos calientes: area industrial y de la construccion
X127,Contacto con otros liquidos calientes: granja
X128,Contacto con otros liquidos calientes: otro lugar especificado
X129,Contacto con otros liquidos calientes: lugar no especificado
X130,Contacto con vapor de agua y otros vapores calientes: vivienda
X131,Contacto con vapor de agua y otros vapores calientes: institucion residencial
X132,"Contacto con vapor de agua y otros vapores calientes: escuelas, otras instituciones y areas administrativas publicas"
X133,Contacto con vapor de agua y otros vapores calientes: areas de deporte y atletismo
X134,Contacto con vapor de agua y otros vapores calientes: calles y carreteras
X135,Contacto con vapor de agua y otros vapores calientes: comercio y areas de servicio
X136,Contacto con vapor de agua y otros vapores calientes: area industrial y de la construccion
X137,Contacto con vapor de agua y otros vapores calientes: granja
X138,Contacto con vapor de agua y otros vapores calientes: otro lugar especificado
X139,Contacto con vapor de agua y otros vapores calientes: lugar no especificado
X140,Contacto con aire y gases calientes: vivienda
X141,Contacto con aire y gases calientes: institucion residencial
X142,"Contacto con aire y gases calientes: escuelas, otras instituciones y areas administrativas publicas"
X143,Contacto con aire y gases calientes: areas de deporte y atletismo
X144,Contacto con aire y gases calientes: calles y carreteras
X145,Contacto con aire y gases calientes: comercio y areas de servicio
X146,Contacto con aire y gases calientes: area industrial y de la construccion
X147,Contacto con aire y gases calientes: granja
X148,Contacto con aire y gases calientes: otro lugar especificado
X149,Contacto con aire y gases calientes: lugar no especificado
X150,Contacto con utensilios domesticos calientes: vivienda
X151,Contacto con utensilios domesticos calientes: institucion residencial
X152,"Contacto con utensilios domesticos calientes: escuelas, otras instituciones y areas administrativas publicas"
X153,Contacto con utensilios domesticos calientes: areas de deporte y atletismo
X154,Contacto con utensilios domesticos calientes: calles y carreteras
X155,Contacto con utensilios domesticos calientes: comercio y areas de servicio
X156,Contacto con utensilios domesticos calientes: area industrial y de la construccion
X157,Contacto con utensilios domesticos calientes: granja
X158,Contacto con utensilios domesticos calientes otro lugar especificado:
X159,Contacto con utensilios domesticos calientes: lugar no especificado
X160,"Contacto con radiadores, cañerias y artefactos para calefaccion, calientes: vivienda"
X161,"Contacto con radiadores, cañerias y artefactos para calefaccion, calientes: institucion residencial"
X162,"Contacto con radiadores, cañerias y artefactos para calefaccion, calientes: escuelas, otras instituciones y areas administrativas publicas"
X163,"Contacto con radiadores, cañerias y artefactos para calefaccion, calientes: areas de deporte y atletismo"
X164,"Contacto con radiadores, cañerias y artefactos para calefaccion, calientes: calles y carreteras"
X165,"Contacto con radiadores, cañerias y artefactos para calefaccion, calientes: comercio y areas de servicio"
X166,"Contacto con radiadores, cañerias y artefactos para calefaccion, calientes: area industrial y de la construccion"
X167,"Contacto con radiadores, cañerias y artefactos para calefaccion, calientes: granja"
X168,"Contacto con radiadores, cañerias y artefactos para calefaccion, calientes: otro lugar especificado"
X169,"Contacto con radiadores, cañerias y artefactos para calefaccion, calientes: lugar no especificado"
X170,"Contacto con maquinas, motores y herramientas calientes: vivienda"
X171,"Contacto con maquinas, motores y herramientas calientes: institucion residencial"
X172,"Contacto con maquinas, motores y herramientas calientes: escuelas, otras instituciones y areas administrativas publicas"
X173,"Contacto con maquinas, motores y herramientas calientes: areas de deporte y atletismo"
X174,"Contacto con maquinas, motores y herramientas calientes: calles y carreteras"
X175,"Contacto con maquinas, motores y herramientas calientes: comercio y areas de servicio"
X176,"Contacto con maquinas, motores y herramientas calientes: area industrial y de la construccion"
X177,"Contacto con maquinas, motores y herramientas calientes: granja"
X178,"Contacto con maquinas, motores y herramientas calientes: otro lugar especificado"
X179,"Contacto con maquinas, motores y herramientas calientes: lugar no especificado"
X180,Contacto con otros metales calientes: vivienda
X181,Contacto con otros metales calientes: institucion residencial
X182,"Contacto con otros metales calientes: escuelas, otras instituciones y areas administrativas publicas"
X183,Contacto con otros metales calientes: areas de deporte y atletismo
X184,Contacto con otros metales calientes: calles y carreteras
X185,Contacto con otros metales calientes: comercio y areas de servicio
X186,Contacto con otros metales calientes: area industrial y de la construccion
X187,Contacto con otros metales calientes: granja
X188,Contacto con otros metales calientes: otro lugar especificado
X189,Contacto con otros metales calientes: lugar no especificado
X190,"Contacto con otras sustancias calientes, y las no especificadas: vivienda"
X191,"Contacto con otras sustancias calientes, y las no especificadas: institucion residencial"
X192,"Contacto con otras sustancias calientes, y las no especificadas: escuelas, otras instituciones y areas administrativas publicas"
X193,"Contacto con otras sustancias calientes, y las no especificadas: areas de deporte y atletismo"
X194,"Contacto con otras sustancias calientes, y las no especificadas: calles y carreteras"
X195,"Contacto con otras sustancias calientes, y las no especificadas: comercio y areas de servicio"
X196,"Contacto con otras sustancias calientes, y las no especificadas: area industrial y de la construccion"
X197,"Contacto con otras sustancias calientes, y las no especificadas: granja"
X198,"Contacto con otras sustancias calientes, y las no especificadas: otro lugar especificado"
X199,"Contacto con otras sustancias calientes, y las no especificadas: lugar no especificado"
X200,Contacto traumatico con serpientes y lagartos venenosos: vivienda
X201,Contacto traumatico con serpientes y lagartos venenosos: institucion residencial
X202,"Contacto traumatico con serpientes y lagartos venenosos: escuelas, otras instituciones y areas administrativas publicas"
X203,Contacto traumatico con serpientes y lagartos venenosos: areas de deporte y atletismo
X204,Contacto traumatico con serpientes y lagartos venenosos: calles y carreteras
X205,Contacto traumatico con serpientes y lagartos venenosos: comercio y areas de servicio
X206,Contacto traumatico con serpientes y lagartos venenosos: area industrial y de la construccion
X207,Contacto traumatico con serpientes y lagartos venenosos: granja
X208,Contacto traumatico con serpientes y lagartos venenosos: otro lugar especificado
X209,Contacto traumatico con serpientes y lagartos venenosos: lugar no especificado
X210,Contacto traumatico con arañas venenosas: vivienda
X211,Contacto traumatico con arañas venenosas: institucion residencial
X212,"Contacto traumatico con arañas venenosas: escuelas, otras instituciones y areas administrativas publicas"
X213,Contacto traumatico con arañas venenosas: areas de deporte y atletismo
X214,Contacto traumatico con arañas venenosas: calles y carreteras
X215,Contacto traumatico con arañas venenosas: comercio y areas de servicio
X216,Contacto traumatico con arañas venenosas: area industrial y de la construccion
X217,Contacto traumatico con arañas venenosas: granja
X218,Contacto traumatico con arañas venenosas: otro lugar especificado
X219,Contacto traumatico con arañas venenosas: lugar no especificado
X220,Contacto traumatico con escorpion: vivienda
X221,Contacto traumatico con escorpion: institucion residencial
X222,"Contacto traumatico con escorpion: escuelas, otras instituciones y areas administrativas publicas"
X223,Contacto traumatico con escorpion: areas de deporte y atletismo
X224,Contacto traumatico con escorpion: calles y carreteras
X225,Contacto traumatico con escorpion: comercio y areas de servicio
X226,Contacto traumatico con escorpion: area industrial y de la construccion
X227,Contacto traumatico con escorpion: granja
X228,Contacto traumatico con escorpion: otro lugar especificado
X229,Contacto traumatico con escorpion: lugar no especificado
X230,"Contacto traumatico con avispones, avispas y abejas: vivienda"
X231,"Contacto traumatico con avispones, avispas y abejas: institucion residencial"
X232,"Contacto traumatico con avispones, avispas y abejas: escuelas, otras instituciones y areas administrativas publicas"
X233,"Contacto traumatico con avispones, avispas y abejas: areas de deporte y atletismo"
X234,"Contacto traumatico con avispones, avispas y abejas: calles y carreteras"
X235,"Contacto traumatico con avispones, avispas y abejas: comercio y areas de servicio"
X236,"Contacto traumatico con avispones, avispas y abejas: area industrial y de la construccion"
X237,"Contacto traumatico con avispones, avispas y abejas: granja"
X238,"Contacto traumatico con avispones, avispas y abejas: otro lugar especificado"
X239,"Contacto traumatico con avispones, avispas y abejas: lugar no especificado"
X240,Contacto traumatico con centipodos y miriapodos venenosos (tropicales): vivienda
X241,Contacto traumatico con centipodos y miriapodos venenosos (tropicales): institucion residencial
X242,"Contacto traumatico con centipodos y miriapodos venenosos (tropicales): escuelas, otras instituciones y areas administrativas publicas"
X243,Contacto traumatico con centipodos y miriapodos venenosos (tropicales): areas de deporte y atletismo
X244,Contacto traumatico con centipodos y miriapodos venenosos (tropicales): calles y carreteras
X245,Contacto traumatico con centipodos y miriapodos venenosos (tropicales): comercio y areas de servicio
X246,Contacto traumatico con centipodos y miriapodos venenosos (tropicales): area industrial y de la construccion
X247,Contacto traumatico con centipodos y miriapodos venenosos (tropicales): granja
X248,Contacto traumatico con centipodos y miriapodos venenosos (tropicales): otro lugar especificado
X249,Contacto traumatico con centipodos y miriapodos venenosos (tropicales): lugar no especificado
X250,Contacto traumatico con otros artropodos venenosos especificados: vivienda
X251,Contacto traumatico con otros artropodos venenosos especificados: institucion residencial
X252,"Contacto traumatico con otros artropodos venenosos especificados: escuelas, otras instituciones y areas administrativas publicas"
X253,Contacto traumatico con otros artropodos venenosos especificados: areas de deporte y atletismo
X254,Contacto traumatico con otros artropodos venenosos especificados: calles y carreteras
X255,Contacto traumatico con otros artropodos venenosos especificados: comercio y areas de servicio
X256,Contacto traumatico con otros artropodos venenosos especificados: area industrial y de la construccion
X257,Contacto traumatico con otros artropodos venenosos especificados: granja
X258,Contacto traumatico con otros artropodos venenosos especificados: otro lugar especificado
X259,Contacto traumatico con otros artropodos venenosos especificados: lugar no especificado
X260,Contacto traumatico con animales y plantas marinas venenosos: vivienda
X261,Contacto traumatico con animales y plantas marinas venenosos: institucion residencial
X262,"Contacto traumatico con animales y plantas marinas venenosos: escuelas, otras instituciones y areas administrativas publicas"
X263,Contacto traumatico con animales y plantas marinas venenosos: areas de deporte y atletismo
X264,Contacto traumatico con animales y plantas marinas venenosos: calles y carreteras
X265,Contacto traumatico con animales y plantas marinas venenosos: comercio y areas de servicio
X266,Contacto traumatico con animales y plantas marinas venenosos: area industrial y de la construccion
X267,Contacto traumatico con animales y plantas marinas venenosos: granja
X268,Contacto traumatico con animales y plantas marinas venenosos: otro lugar especificado
X269,Contacto traumatico con animales y plantas marinas venenosos: lugar no especificado
X270,Contacto traumatico con otros animales venenosos especificados: vivienda
X271,Contacto traumatico con otros animales venenosos especificados: institucion residencial
X272,"Contacto traumatico con otros animales venenosos especificados: escuelas, otras instituciones y areas administrativas publicas"
X273,Contacto traumatico con otros animales venenosos especificados: areas de deporte y atletismo
X274,Contacto traumatico con otros animales venenosos especificados: calles y carreteras
X275,Contacto traumatico con otros animales venenosos especificados: comercio y areas de servicio
X276,Contacto traumatico con otros animales venenosos especificados: area industrial y de la construccion
X277,Contacto traumatico con otros animales venenosos especificados: granja
X278,Contacto traumatico con otros animales venenosos especificados: otro lugar especificado
X279,Contacto traumatico con otros animales venenosos especificados: lugar no especificado
X280,Contacto traumatico con otras plantas venenosas especificadas: vivienda
X281,Contacto traumatico con otras plantas venenosas especificadas: institucion residencial
X282,"Contacto traumatico con otras plantas venenosas especificadas: escuelas, otras instituciones y areas administrativas publicas"
X283,Contacto traumatico con otras plantas venenosas especificadas: areas de deporte y atletismo
X284,Contacto traumatico con otras plantas venenosas especificadas: calles y carreteras
X285,Contacto traumatico con otras plantas venenosas especificadas: comercio y areas de servicio
X286,Contacto traumatico con otras plantas venenosas especificadas: area industrial y de la construccion
X287,Contacto traumatico con otras plantas venenosas especificadas: granja
X288,Contacto traumatico con otras plantas venenosas especificadas: otro lugar especificado
X289,Contacto traumatico con otras plantas venenosas especificadas: lugar no especificado
X290,Contacto traumatico con animales y plantas venenosos no especificados: vivienda
X291,Contacto traumatico con animales y plantas venenosos no especificados: institucion residencial
X292,"Contacto traumatico con animales y plantas venenosos no especificados: escuelas, otras instituciones y areas administrativas publicas"
X293,Contacto traumatico con animales y plantas venenosos no especificados: areas de deporte y atletismo
X294,Contacto traumatico con animales y plantas venenosos no especificados: calles y carreteras
X295,Contacto traumatico con animales y plantas venenosos no especificados: comercio y areas de servicio
X296,Contacto traumatico con animales y plantas venenosos no especificados: area industrial y de la construccion
X297,Contacto traumatico con animales y plantas venenosos no especificados: granja
X298,Contacto traumatico con animales y plantas venenosos no especificados: otro lugar especificado
X299,Contacto traumatico con animales y plantas venenosos no especificados: lugar no especificado
X300,Exposicion al calor natural excesivo: vivienda
X301,Exposicion al calor natural excesivo: institucion residencial
X302,"Exposicion al calor natural excesivo: escuelas, otras instituciones y areas administrativas publicas"
X303,Exposicion al calor natural excesivo: areas de deporte y atletismo
X304,Exposicion al calor natural excesivo: calles y carreteras
X305,Exposicion al calor natural excesivo: comercio y areas de servicio
X306,Exposicion al calor natural excesivo: area industrial y de la construccion
X307,Exposicion al calor natural excesivo: granja
X308,Exposicion al calor natural excesivo: otro lugar especificado
X309,Exposicion al calor natural excesivo: lugar no especificado
X310,Exposicion al frio natural excesivo: vivienda
X311,Exposicion al frio natural excesivo: institucion residencial
X312,"Exposicion al frio natural excesivo: escuelas, otras instituciones y areas administrativas publicas"
X313,Exposicion al frio natural excesivo: areas de deporte y atletismo
X314,Exposicion al frio natural excesivo: calles y carreteras
X315,Exposicion al frio natural excesivo: comercio y areas de servicio
X316,Exposicion al frio natural excesivo: area industrial y de la construccion
X317,Exposicion al frio natural excesivo: granja
X318,Exposicion al frio natural excesivo: otro lugar especificado
X319,Exposicion al frio natural excesivo: lugar no especificado
X320,Exposicion a rayos solares: vivienda
X321,Exposicion a rayos solares: institucion residencial
X322,"Exposicion a rayos solares: escuelas, otras instituciones y areas administrativas publicas"
X323,Exposicion a rayos solares: areas de deporte y atletismo
X324,Exposicion a rayos solares: calles y carreteras
X325,Exposicion a rayos solares: comercio y areas de servicio
X326,Exposicion a rayos solares: area industrial y de la construccion
X327,Exposicion a rayos solares: granja
X328,Exposicion a rayos solares: otro lugar especificado
X329,Exposicion a rayos solares: lugar no especificado
X330,Victima de rayo: vivienda
X331,Victima de rayo: institucion residencial
X332,"Victima de rayo: escuelas, otras instituciones y areas administrativas publicas"
X333,Victima de rayo: areas de deporte y atletismo
X334,Victima de rayo: calles y carreteras
X335,Victima de rayo: comercio y areas de servicio
X336,Victima de rayo: area industrial y de la construccion
X337,Victima de rayo: granja
X338,Victima de rayo: otro lugar especificado
X339,Victima de rayo: lugar no especificado
X340,Victima de terremoto: vivienda
X341,Victima de terremoto: institucion residencial
X342,"Victima de terremoto: escuelas, otras instituciones y areas administrativas publicas"
X343,Victima de terremoto: areas de deporte y atletismo
X344,Victima de terremoto: calles y carreteras
X345,Victima de terremoto: comercio y areas de servicio
X346,Victima de terremoto: area industrial y de la construccion
X347,Victima de terremoto: granja
X348,Victima de terremoto: otro lugar especificado
X349,Victima de terremoto: lugar no especificado
X350,Victima de erupcion volcanica: vivienda
X351,Victima de erupcion volcanica: institucion residencial
X352,"Victima de erupcion volcanica: escuelas, otras instituciones y areas administrativas publicas"
X353,Victima de erupcion volcanica: areas de deporte y atletismo
X354,Victima de erupcion volcanica: calles y carreteras
X355,Victima de erupcion volcanica: comercio y areas de servicio
X356,Victima de erupcion volcanica: area industrial y de la construccion
X357,Victima de erupcion volcanica: granja
X358,Victima de erupcion volcanica: otro lugar especificado
X359,Victima de erupcion volcanica: lugar no especificado
X360,"Victima de avalancha, derrumbe y otros movimientos de tierra: vivienda"
X361,"Victima de avalancha, derrumbe y otros movimientos de tierra: institucion residencial"
X362,"Victima de avalancha, derrumbe y otros movimientos de tierra: escuelas, otras instituciones y areas administrativas publicas"
X363,"Victima de avalancha, derrumbe y otros movimientos de tierra: areas de deporte y atletismo"
X364,"Victima de avalancha, derrumbe y otros movimientos de tierra: calles y carreteras"
X365,"Victima de avalancha, derrumbe y otros movimientos de tierra: comercio y areas de servicio"
X366,"Victima de avalancha, derrumbe y otros movimientos de tierra: area industrial y de la construccion"
X367,"Victima de avalancha, derrumbe y otros movimientos de tierra: granja"
X368,"Victima de avalancha, derrumbe y otros movimientos de tierra: otro lugar especificado"
X369,"Victima de avalancha, derrumbe y otros movimientos de tierra: lugar no especificado"
X370,Victima de tormenta cataclismica: vivienda
X371,Victima de tormenta cataclismica: institucion residencial
X372,"Victima de tormenta cataclismica: escuelas, otras instituciones y areas administrativas publicas"
X373,Victima de tormenta cataclismica: areas de deporte y atletismo
X374,Victima de tormenta cataclismica: calles y carreteras
X375,Victima de tormenta cataclismica: comercio y areas de servicio
X376,Victima de tormenta cataclismica: area industrial y de la construccion
X377,Victima de tormenta cataclismica: granja
X378,Victima de tormenta cataclismica: otro lugar especificado
X379,Victima de tormenta cataclismica: lugar no especificado
X380,Victima de inundacion: vivienda
X381,Victima de inundacion: institucion residencial
X382,"Victima de inundacion: escuelas, otras instituciones y areas administrativas publicas"
X383,Victima de inundacion: areas de deporte y atletismo
X384,Victima de inundacion: calles y carreteras
X385,Victima de inundacion: comercio y areas de servicio
X386,Victima de inundacion: area industrial y de la construccion
X387,Victima de inundacion: granja
X388,Victima de inundacion: otro lugar especificado
X389,Victima de inundacion: lugar no especificado
X390,"Exposicion a otras fuerzas de la naturaleza, y las no especificadas: vivienda"
X391,"Exposicion a otras fuerzas de la naturaleza, y las no especificadas: institucion residencial"
X392,"Exposicion a otras fuerzas de la naturaleza, y las no especificadas: escuelas, otras instituciones y areas administrativas publicas"
X393,"Exposicion a otras fuerzas de la naturaleza, y las no especificadas: areas de deporte y atletismo"
X394,"Exposicion a otras fuerzas de la naturaleza, y las no especificadas: calles y carreteras"
X395,"Exposicion a otras fuerzas de la naturaleza, y las no especificadas: comercio y areas de servicio"
X396,"Exposicion a otras fuerzas de la naturaleza, y las no especificadas: area industrial y de la construccion"
X397,"Exposicion a otras fuerzas de la naturaleza, y las no especificadas: granja"
X398,"Exposicion a otras fuerzas de la naturaleza, y las no especificadas: otro lugar especificado"
X399,"Exposicion a otras fuerzas de la naturaleza, y las no especificadas: lugar no especificado"
X400,"Envenenamiento accidental por, y exposicion a analgesicos no narcoticos, antipireticos y antirreumaticos: vivienda"
X401,"Envenenamiento accidental por, y exposicion a analgesicos no narcoticos, antipireticos y antirreumaticos: institucion residencial"
X402,"Envenenamiento accidental por, y exposicion a analgesicos no narcoticos, antipireticos y antirreumaticos: escuelas, otras instituciones y areas administrativas publicas"
X403,"Envenenamiento accidental por, y exposicion a analgesicos no narcoticos, antipireticos y antirreumaticos: areas de deporte y atletismo"
X404,"Envenenamiento accidental por, y exposicion a analgesicos no narcoticos, antipireticos y antirreumaticos: calles y carreteras"
X405,"Envenenamiento accidental por, y exposicion a analgesicos no narcoticos, antipireticos y antirreumaticos: comercio y areas de servicio"
X406,"Envenenamiento accidental por, y exposicion a analgesicos no narcoticos, antipireticos y antirreumaticos: area industrial y de la construccion"
X407,"Envenenamiento accidental por, y exposicion a analgesicos no narcoticos, antipireticos y antirreumaticos: granja"
X408,"Envenenamiento accidental por, y exposicion a analgesicos no narcoticos, antipireticos y antirreumaticos: otro lugar especificado"
X409,"Envenenamiento accidental por, y exposicion a analgesicos no narcoticos, antipireticos y antirreumaticos: lugar no especificado"
X410,"Envenenamiento accidental por, y exposicion a drogas antiepilepticas, sedantes, hipnoticas, antiparkinsonianas y psicotropicas, no clasificadas en otra parte: vivienda"
X411,"Envenenamiento accidental por, y exposicion a drogas antiepilepticas, sedantes, hipnoticas, antiparkinsonianas y psicotropicas, no clasificadas en otra parte: institucion residencial"
X412,"Envenenamiento accidental por, y exposicion a drogas antiepilepticas, sedantes, hipnoticas, antiparkinsonianas y psicotropicas, no clasificadas en otra parte: escuelas, otras instituciones y areas administrativas publicas"
X413,"Envenenamiento accidental por, y exposicion a drogas antiepilepticas, sedantes, hipnoticas, antiparkinsonianas y psicotropicas, no clasificadas en otra parte: areas de deporte y atletismo"
X414,"Envenenamiento accidental por, y exposicion a drogas antiepilepticas, sedantes, hipnoticas, antiparkinsonianas y psicotropicas, no clasificadas en otra parte: calles y carreteras"
X415,"Envenenamiento accidental por, y exposicion a drogas antiepilepticas, sedantes, hipnoticas, antiparkinsonianas y psicotropicas, no clasificadas en otra parte: comercio y area de servicio"
X416,"Envenenamiento accidental por, y exposicion a drogas antiepilepticas, sedantes, hipnoticas, antiparkinsonianas y psicotropicas, no clasificadas en otra parte: area industrial y de la construccion"
X417,"Envenenamiento accidental por, y exposicion a drogas antiepilepticas, sedantes, hipnoticas, antiparkinsonianas y psicotropicas, no clasificadas en otra parte: granja"
X418,"Envenenamiento accidental por, y exposicion a drogas antiepilepticas, sedantes, hipnoticas, antiparkinsonianas y psicotropicas, no clasificadas en otra parte: otro lugar especificado"
X419,"Envenenamiento accidental por, y exposicion a drogas antiepilepticas, sedantes, hipnoticas, antiparkinsonianas y psicotropicas, no clasificadas en otra parte: lugar no especificado"
X420,"Envenenamiento accidental por, y exposicion a narcoticos y psicodislepticos [alucinogenos], no clasificados en otra parte: vivienda"
X421,"Envenenamiento accidental por, y exposicion a narcoticos y psicodislepticos [alucinogenos], no clasificados en otra parte: institucion residencial"
X422,"Envenenamiento accidental por, y exposicion a narcoticos y psicodislepticos [alucinogenos], no clasificados en otra parte: escuelas, otras instituciones y areas administrativas publicas"
X423,"Envenenamiento accidental por, y exposicion a narcoticos y psicodislepticos [alucinogenos], no clasificados en otra parte: areas de deporte y atletismo"
X424,"Envenenamiento accidental por, y exposicion a narcoticos y psicodislepticos [alucinogenos], no clasificados en otra parte: calles y carreteras"
X425,"Envenenamiento accidental por, y exposicion a narcoticos y psicodislepticos [alucinogenos], no clasificados en otra parte: comercio y area de servicios"
X426,"Envenenamiento accidental por, y exposicion a narcoticos y psicodislepticos [alucinogenos], no clasificados en otra parte: area industrial y de la construccion"
X427,"Envenenamiento accidental por, y exposicion a narcoticos y psicodislepticos [alucinogenos], no clasificados en otra parte: granja"
X428,"Envenenamiento accidental por, y exposicion a narcoticos y psicodislepticos [alucinogenos], no clasificados en otra parte: otro lugar especificado"
X429,"Envenenamiento accidental por, y exposicion a narcoticos y psicodislepticos [alucinogenos], no clasificados en otra parte: lugar no especificado"
X430,"Envenenamiento accidental por, y exposicion a otras drogas que actuan sobre el sistema nervioso autonomo: vivienda"
X431,"Envenenamiento accidental por, y exposicion a otras drogas que actuan sobre el sistema nervioso autonomo: institucion residencial"
X432,"Envenenamiento accidental por, y exposicion a otras drogas que actuan sobre el sistema nervioso autonomo: escuelas, otras instituciones y areas administrativas publicas"
X433,"Envenenamiento accidental por, y exposicion a otras drogas que actuan sobre el sistema nervioso autonomo: areas de deporte y atletismo"
X434,"Envenenamiento accidental por, y exposicion a otras drogas que actuan sobre el sistema nervioso autonomo: calles y carreteras"
X435,"Envenenamiento accidental por, y exposicion a otras drogas que actuan sobre el sistema nervioso autonomo: comercio y area de servicio"
X436,"Envenenamiento accidental por, y exposicion a otras drogas que actuan sobre el sistema nervioso autonomo: area industrial y de la construccion"
X437,"Envenenamiento accidental por, y exposicion a otras drogas que actuan sobre el sistema nervioso autonomo: granja"
X438,"Envenenamiento accidental por, y exposicion a otras drogas que actuan sobre el sistema nervioso autonomo: otro lugar especificado"
X439,"Envenenamiento accidental por, y exposicion a otras drogas que actuan sobre el sistema nervioso autonomo: lugar no especificado"
X440,"Envenenamiento accidental por, y exposicion a otras drogas, medicamentos y sustancias biologicas, y los no especificados: vivienda"
X441,"Envenenamiento accidental por, y exposicion a otras drogas, medicamentos y sustancias biologicas, y los no especificados: institucion residencial"
X442,"Envenenamiento accidental por, y exposicion a otras drogas, medicamentos y sustancias biologicas, y los no especificados: escuelas, otras instituciones y areas administrativas publicas"
X443,"Envenenamiento accidental por, y exposicion a otras drogas, medicamentos y sustancias biologicas, y los no especificados: areas de deporte y atletismo"
X444,"Envenenamiento accidental por, y exposicion a otras drogas, medicamentos y sustancias biologicas, y los no especificados: calles y carreteras"
X445,"Envenenamiento accidental por, y exposicion a otras drogas, medicamentos y sustancias biologicas, y los no especificados: comercio y area de servicios"
X446,"Envenenamiento accidental por, y exposicion a otras drogas, medicamentos y sustancias biologicas, y los no especificados: area industrial y de la construccion"
X447,"Envenenamiento accidental por, y exposicion a otras drogas, medicamentos y sustancias biologicas, y los no especificados: granja"
X448,"Envenenamiento accidental por, y exposicion a otras drogas, medicamentos y sustancias biologicas, y los no especificados: otro lugar especificado"
X449,"Envenenamiento accidental por, y exposicion a otras drogas, medicamentos y sustancias biologicas, y los no especificados: lugar no especificado"
X450,"Envenenamiento accidental por, y exposicion al alcohol: vivienda"
X451,"Envenenamiento accidental por, y exposicion al alcohol: institucion residencial"
X452,"Envenenamiento accidental por, y exposicion al alcohol: escuelas, otras instituciones y areas administrativas publicas"
X453,"Envenenamiento accidental por, y exposicion al alcohol: areas de deporte y atletismo"
X454,"Envenenamiento accidental por, y exposicion al alcohol: calles y carreteras"
X455,"Envenenamiento accidental por, y exposicion al alcohol: comercio y areas de servicio"
X456,"Envenenamiento accidental por, y exposicion al alcohol: area industrial y de la construccion"
X457,"Envenenamiento accidental por, y exposicion al alcohol: granja"
X458,"Envenenamiento accidental por, y exposicion al alcohol: otro lugar especificado"
X459,"Envenenamiento accidental por, y exposicion al alcohol: lugar no especificado"
X460,"Envenenamiento accidental por, y exposicion a disolventes organicos e hidrocarburos halogenados y sus vapores: vivienda"
X461,"Envenenamiento accidental por, y exposicion a disolventes organicos e hidrocarburos halogenados y sus vapores: institucion residencial"
X462,"Envenenamiento accidental por, y exposicion a disolventes organicos e hidrocarburos halogenados y sus vapores: escuelas otras instituciones y areas administrativas publicas"
X463,"Envenenamiento accidental por, y exposicion a disolventes organicos e hidrocarburos halogenados y sus vapores: areas de deporte y atletismo"
X464,"Envenenamiento accidental por, y exposicion a disolventes organicos e hidrocarburos halogenados y sus vapores: calles y carreteras"
X465,"Envenenamiento accidental por, y exposicion a disolventes organicos e hidrocarburos halogenados y sus vapores: comercio y area de servicios"
X466,"Envenenamiento accidental por, y exposicion a disolventes organicos e hidrocarburos halogenados y sus vapores: area industrial y de la construccion"
X467,"Envenenamiento accidental por, y exposicion a disolventes organicos e hidrocarburos halogenados y sus vapores: granja"
X468,"Envenenamiento accidental por, y exposicion a disolventes organicos e hidrocarburos halogenados y sus vapores: otro lugar especificado"
X469,"Envenenamiento accidental por, y exposicion a disolventes organicos e hidrocarburos halogenados y sus vapores: lugar no especificado"
X470,"Envenenamiento accidental por, y exposicion a otros gases y vapores: vivienda"
X471,"Envenenamiento accidental por, y exposicion a otros gases y vapores: institucion residencial"
X472,"Envenenamiento accidental por, y exposicion a otros gases y vapores: escuelas, otras instituciones y areas administrativas publicas"
X473,"Envenenamiento accidental por, y exposicion a otros gases y vapores: areas de deporte y atletismo"
X474,"Envenenamiento accidental por, y exposicion a otros gases y vapores: calles y carreteras"
X475,"Envenenamiento accidental por, y exposicion a otros gases y vapores: comercio y area de servicios"
X476,"Envenenamiento accidental por, y exposicion a otros gases y vapores: area industrial y de la construccion"
X477,"Envenenamiento accidental por, y exposicion a otros gases y vapores: granja"
X478,"Envenenamiento accidental por, y exposicion a otros gases y vapores: otro lugar especificado"
X479,"Envenenamiento accidental por, y exposicion a otros gases y vapores: lugar no especificado"
X480,"Envenenamiento accidental por, y exposicion a plaguicidas: vivienda"
X481,"Envenenamiento accidental por, y exposicion a plaguicidas: institucion residencial"
X482,"Envenenamiento accidental por, y exposicion a plaguicidas: escuelas, otras instituciones y areas administrativas publicas"
X483,"Envenenamiento accidental por, y exposicion a plaguicidas: areas de deporte y atletismo"
X484,"Envenenamiento accidental por, y exposicion a plaguicidas: calles y carretera"
X485,"Envenenamiento accidental por, y exposicion a plaguicidas: comercio y area de servicios"
X486,"Envenenamiento accidental por, y exposicion a plaguicidas: area industrial y de la construccion"
X487,"Envenenamiento accidental por, y exposicion a plaguicidas: granja"
X488,"Envenenamiento accidental por, y exposicion a plaguicidas: otro lugar especificado"
X489,"Envenenamiento accidental por, y exposicion a plaguicidas: lugar no especificado"
X490,"Envenenamiento accidental por, y exposicion a otros productos quimicos y sustancias nocivas, y los no especificados: vivienda"
X491,"Envenenamiento accidental por, y exposicion a otros productos quimicos y sustancias nocivas, y los no especificados: institucion residencial"
X492,"Envenenamiento accidental por, y exposicion a otros productos quimicos y sustancias nocivas, y los no especificados: escuelas, otras instituciones y areas administrativas publicas"
X493,"Envenenamiento accidental por, y exposicion a otros productos quimicos y sustancias nocivas, y los no especificados: areas de deporte y atletismo"
X494,"Envenenamiento accidental por, y exposicion a otros productos quimicos y sustancias nocivas, y los no especificados: calles y carreteras"
X495,"Envenenamiento accidental por, y exposicion a otros productos quimicos y sustancias nocivas, y los no especificados: comercio y area de servicios"
X496,"Envenenamiento accidental por, y exposicion a otros productos quimicos y sustancias nocivas, y los no especificados: area industrial y de la construccion"
X497,"Envenenamiento accidental por, y exposicion a otros productos quimicos y sustancias nocivas, y los no especificados: granja"
X498,"Envenenamiento accidental por, y exposicion a otros productos quimicos y sustancias nocivas, y los no especificados: otro lugar especificado"
X499,"Envenenamiento accidental por, y exposicion a otros productos quimicos y sustancias nocivas, y los no especificados: lugar no especificado"
X500,Exceso de esfuerzo y movimientos extenuantes y repetitivos: vivienda
X501,Exceso de esfuerzo y movimientos extenuantes y repetitivos: institucion residencial
X502,"Exceso de esfuerzo y movimientos extenuantes y repetitivos: escuelas, otras instituciones y areas administrativas publicas"
X503,Exceso de esfuerzo y movimientos extenuantes y repetitivos: areas de deporte y atletismo
X504,Exceso de esfuerzo y movimientos extenuantes y repetitivos: calles y carreteras
X505,Exceso de esfuerzo y movimientos extenuantes y repetitivos: comercio y areas de servicio
X506,Exceso de esfuerzo y movimientos extenuantes y repetitivos: area industrial y de la construccion
X507,Exceso de esfuerzo y movimientos extenuantes y repetitivos: granja
X508,Exceso de esfuerzo y movimientos extenuantes y repetitivos: otro lugar especificado
X509,Exceso de esfuerzo y movimientos extenuantes y repetitivos: lugar no especificado
X510,Viajes y desplazamientos: vivienda
X511,Viajes y desplazamientos: institucion residencial
X512,"Viajes y desplazamientos: escuelas, otras instituciones y areas administrativas publicas"
X513,Viajes y desplazamientos: areas de deporte y atletismo
X514,Viajes y desplazamientos: calles y carreteras
X515,Viajes y desplazamientos: comercio y areas de servicio
X516,Viajes y desplazamientos: area industrial y de la construccion
X517,Viajes y desplazamientos: granja
X518,Viajes y desplazamientos: otro lugar especificado
X519,Viajes y desplazamientos: lugar no especificado
X520,Permanencia prolongada en ambiente sin gravedad: vivienda
X521,Permanencia prolongada en ambiente sin gravedad: institucion residencial
X522,"Permanencia prolongada en ambiente sin gravedad: escuelas, otras instituciones y areas administrativas publicas"
X523,Permanencia prolongada en ambiente sin gravedad: areas de deporte y atletismo
X524,Permanencia prolongada en ambiente sin gravedad: calles y carreteras
X525,Permanencia prolongada en ambiente sin gravedad: comercio y areas de servicio
X526,Permanencia prolongada en ambiente sin gravedad: area industrial y de la construccion
X527,Permanencia prolongada en ambiente sin gravedad: granja
X528,Permanencia prolongada en ambiente sin gravedad: otro lugar especificado
X529,Permanencia prolongada en ambiente sin gravedad: lugar no especificado
X530,Privacion de alimentos: vivienda
X531,Privacion de alimentos: institucion residencial
X532,"Privacion de alimentos: escuelas, otras instituciones y areas administrativas publicas"
X533,Privacion de alimentos: areas de deporte y atletismo
X534,Privacion de alimentos: calles y carreteras
X535,Privacion de alimentos: comercio y areas de servicio
X536,Privacion de alimentos: area industrial y de la construccion
X537,Privacion de alimentos: granja
X538,Privacion de alimentos: otro lugar especificado
X539,Privacion de alimentos: lugar no especificado
X540,Privacion de agua: vivienda
X541,Privacion de agua: institucion residencial
X542,"Privacion de agua: escuelas, otras instituciones y areas administrativas publicas"
X543,Privacion de agua: areas de deporte y atletismo
X544,Privacion de agua: calles y carreteras
X545,Privacion de agua: comercio y areas de servicio
X546,Privacion de agua: area industrial y de la construccion
X547,Privacion de agua: granja
X548,Privacion de agua: otro lugar especificado
X549,Privacion de agua: lugar no especificado
X570,Privacion no especificada: vivienda
X571,Privacion no especificada: institucion residencial
X572,"Privacion no especificada: escuelas, otras instituciones y areas administrativas publicas"
X573,Privacion no especificada: areas de deporte y atletismo
X574,Privacion no especificada: calles y carreteras
X575,Privacion no especificada: comercio y areas de servicio
X576,Privacion no especificada: area industrial y de la construccion
X577,Privacion no especificada: granja
X578,Privacion no especificada: otro lugar especificado
X579,Privacion no especificada: lugar no especificado
X580,Exposicion a factores especificados: vivienda
X581,Exposicion a factores especificados: institucion residencial
X582,"Exposicion a factores especificados: escuelas, otras instituciones y areas administrativas publicas"
X583,Exposicion a factores especificados: areas de deporte y atletismo
X584,Exposicion a factores especificados: calles y carreteras
X585,Exposicion a factores especificados: comercio y areas de servicio
X586,Exposicion a factores especificados: area industrial y de la construccion
X587,Exposicion a factores especificados: granja
X588,Exposicion a factores especificados: otro lugar especificado
X589,Exposicion a factores especificados: lugar no especificado
X591,Exposicion a factores no especificados: institucion residencial
X592,"Exposicion a factores no especificados: escuelas, otras instituciones y areas administrativas publicas"
X593,Exposicion a factores no especificados: areas de deporte y atletismo
X594,Exposicion a factores no especificados: calles y carreteras
X595,Exposicion a factores no especificados: comercio y areas de servicio
X596,Exposicion a factores no especificados: area industrial y de la construccion
X597,Exposicion a factores no especificados: granja
X598,Exposicion a factores no especificados: otro lugar especificado
X600,"Envenenamiento autoinfligido intencionalmente por, y exposicion a analgesicos no narcoticos, antipireticos y antirreumaticos: vivienda"
X601,"Envenenamiento autoinfligido intencionalmente por, y exposicion a analgesicos no narcoticos, antipireticos y antirreumaticos: institucion residencial"
X602,"Envenenamiento autoinfligido intencionalmente por, y exposicion a analgesicos no narcoticos, antipireticos y antirreumaticos: escuelas, otras instituciones y areas administrativas publicas"
X603,"Envenenamiento autoinfligido intencionalmente por, y exposicion a analgesicos no narcoticos, antipireticos y antirreumaticos: areas de deporte y atletismo"
X604,"Envenenamiento autoinfligido intencionalmente por, y exposicion a analgesicos no narcoticos, antipireticos y antirreumaticos: calles y carreteras"
X605,"Envenenamiento autoinfligido intencionalmente por, y exposicion a analgesicos no narcoticos, antipireticos y antirreumaticos: comercio y areas de servicio"
X606,"Envenenamiento autoinfligido intencionalmente por, y exposicion a analgesicos no narcoticos, antipireticos y antirreumaticos: area industrial y de la construccion"
X607,"Envenenamiento autoinfligido intencionalmente por, y exposicion a analgesicos no narcoticos, antipireticos y antirreumaticos: granja"
X608,"Envenenamiento autoinfligido intencionalmente por, y exposicion a analgesicos no narcoticos, antipireticos y antirreumaticos: otro lugar especificado"
X609,"Envenenamiento autoinfligido intencionalmente por, y exposicion a analgesicos no narcoticos, antipireticos y antirreumaticos: lugar no especificado"
X610,"Envenenamiento autoinfligido intencionalmente por, y exposicion a drogas antiepilepticas, sedantes, hipnoticas, antiparkinsonianas y psicotropicas, no clasificadas en otra parte: vivienda"
X611,"Envenenamiento autoinfligido intencionalmente por, y exposicion a drogas antiepilepticas, sedantes, hipnoticas, antiparkinsonianas y psicotropicas, no clasificadas en otra parte: institucion residencial"
X612,"Envenenamiento autoinfligido intencionalmente por, y exposicion a drogas antiepilepticas, sedantes, hipnoticas, antiparkinsonianas y psicotropicas, no clasificadas en otra parte: escuelas, otras instituciones y areas administrativas publicas"
X613,"Envenenamiento autoinfligido intencionalmente por, y exposicion a drogas antiepilepticas, sedantes, hipnoticas, antiparkinsonianas y psicotropicas, no clasificadas en otra parte: areas de deporte y atletismo"
X614,"Envenenamiento autoinfligido intencionalmente por, y exposicion a drogas antiepilepticas, sedantes, hipnoticas, antiparkinsonianas y psicotropicas, no clasificadas en otra parte: calles y carreteras"
X615,"Envenenamiento autoinfligido intencionalmente por, y exposicion a drogas antiepilepticas, sedantes, hipnoticas, antiparkinsonianas y psicotropicas, no clasificadas en otra parte: comercio y areas de servicio"
X616,"Envenenamiento autoinfligido intencionalmente por, y exposicion a drogas antiepilepticas, sedantes, hipnoticas, antiparkinsonianas y psicotropicas, no clasificadas en otra parte: area industrial y de la construccion"
X617,"Envenenamiento autoinfligido intencionalmente por, y exposicion a drogas antiepilepticas, sedantes, hipnoticas, antiparkinsonianas y psicotropicas, no clasificadas en otra parte: granja"
X618,"Envenenamiento autoinfligido intencionalmente por, y exposicion a drogas antiepilepticas, sedantes, hipnoticas, antiparkinsonianas y psicotropicas, no clasificadas en otra parte: otro lugar especificado"
X619,"Envenenamiento autoinfligido intencionalmente por, y exposicion a drogas antiepilepticas, sedantes, hipnoticas, antiparkinsonianas y psicotropicas, no clasificadas en otra parte: lugar no especificado"
X620,"Envenenamiento autoinfligido intencionalmente por, y exposicion a narcoticos y psicodislepticos [alucinogenos], no clasificados en otra parte: vivienda"
X621,"Envenenamiento autoinfligido intencionalmente por, y exposicion a narcoticos y psicodislepticos [alucinogenos], no clasificados en otra parte: institucion residencial"
X622,"Envenenamiento autoinfligido intencionalmente por, y exposicion a narcoticos y psicodislepticos [alucinogenos], no clasificados en otra parte: escuelas, otras instituciones y areas administrativas publicas"
X623,"Envenenamiento autoinfligido intencionalmente por, y exposicion a narcoticos y psicodislepticos [alucinogenos], no clasificados en otra parte: areas de deporte y atletismo"
X624,"Envenenamiento autoinfligido intencionalmente por, y exposicion a narcoticos y psicodislepticos [alucinogenos], no clasificados en otra parte: calles y carreteras"
X625,"Envenenamiento autoinfligido intencionalmente por, y exposicion a narcoticos y psicodislepticos [alucinogenos], no clasificados en otra parte: comercio y areas de servicio"
X626,"Envenenamiento autoinfligido intencionalmente por, y exposicion a narcoticos y psicodislepticos [alucinogenos], no clasificados en otra parte: area industrial y de la construccion"
X627,"Envenenamiento autoinfligido intencionalmente por, y exposicion a narcoticos y psicodislepticos [alucinogenos], no clasificados en otra parte: granja"
X628,"Envenenamiento autoinfligido intencionalmente por, y exposicion a narcoticos y psicodislepticos [alucinogenos], no clasificados en otra parte: otro lugar especificado"
X629,"Envenenamiento autoinfligido intencionalmente por, y exposicion a narcoticos y psicodislepticos [alucinogenos], no clasificados en otra parte: lugar no especificado"
X630,"Envenenamiento autoinfligido intencionalmente por, y exposicion a otras drogas que actuan sobre el sistema nervioso autonomo: vivienda"
X631,"Envenenamiento autoinfligido intencionalmente por, y exposicion a otras drogas que actuan sobre el sistema nervioso autonomo: institucion residencial"
X632,"Envenenamiento autoinfligido intencionalmente por, y exposicion a otras drogas que actuan sobre el sistema nervioso autonomo: escuelas, otras instituciones y areas administrativas publicas"
X633,"Envenenamiento autoinfligido intencionalmente por, y exposicion a otras drogas que actuan sobre el sistema nervioso autonomo: areas de deporte y atletismo"
X634,"Envenenamiento autoinfligido intencionalmente por, y exposicion a otras drogas que actuan sobre el sistema nervioso autonomo: calles y carreteras"
X635,"Envenenamiento autoinfligido intencionalmente por, y exposicion a otras drogas que actuan sobre el sistema nervioso autonomo: comercio y areas de servicio"
X636,"Envenenamiento autoinfligido intencionalmente por, y exposicion a otras drogas que actuan sobre el sistema nervioso autonomo: area industrial y de la construccion"
X637,"Envenenamiento autoinfligido intencionalmente por, y exposicion a otras drogas que actuan sobre el sistema nervioso autonomo: granja"
X638,"Envenenamiento autoinfligido intencionalmente por, y exposicion a otras drogas que actuan sobre el sistema nervioso autonomo: otro lugar especificado"
X639,"Envenenamiento autoinfligido intencionalmente por, y exposicion a otras drogas que actuan sobre el sistema nervioso autonomo: lugar no especificado"
X640,"Envenenamiento autoinfligido intencionalmente por, y exposicion a otras drogas medicamentos y sustancias biologicas, y los no especificados: vivienda"
X641,"Envenenamiento autoinfligido intencionalmente por, y exposicion a otras drogas medicamentos y sustancias biologicas, y los no especificados: institucion residencial"
X642,"Envenenamiento autoinfligido intencionalmente por, y exposicion a otras drogas medicamentos y sustancias biologicas, y los no especificados: escuelas, otras instituciones y areas administrativas publicas"
X643,"Envenenamiento autoinfligido intencionalmente por, y exposicion a otras drogas medicamentos y sustancias biologicas, y los no especificados: areas de deporte y atletismo"
X644,"Envenenamiento autoinfligido intencionalmente por, y exposicion a otras drogas medicamentos y sustancias biologicas, y los no especificados: calles y carreteras"
X645,"Envenenamiento autoinfligido intencionalmente por, y exposicion a otras drogas medicamentos y sustancias biologicas, y los no especificados: comercio y areas de servicio"
X646,"Envenenamiento autoinfligido intencionalmente por, y exposicion a otras drogas medicamentos y sustancias biologicas, y los no especificados: area industrial y de la construccion"
X647,"Envenenamiento autoinfligido intencionalmente por, y exposicion a otras drogas medicamentos y sustancias biologicas, y los no especificados: granja"
X648,"Envenenamiento autoinfligido intencionalmente por, y exposicion a otras drogas medicamentos y sustancias biologicas, y los no especificados: otro lugar especificado"
X649,"Envenenamiento autoinfligido intencionalmente por, y exposicion a otras drogas medicamentos y sustancias biologicas, y los no especificados: lugar no especificado"
X650,"Envenenamiento autoinfligido intencionalmente por, y exposicion al alcohol: vivienda"
X651,"Envenenamiento autoinfligido intencionalmente por, y exposicion al alcohol: institucion residencial"
X652,"Envenenamiento autoinfligido intencionalmente por, y exposicion al alcohol: escuelas, otras instituciones y areas administrativas publicas"
X653,"Envenenamiento autoinfligido intencionalmente por, y exposicion al alcohol: areas de deporte y atletismo"
X654,"Envenenamiento autoinfligido intencionalmente por, y exposicion al alcohol: calles y carreteras"
X655,"Envenenamiento autoinfligido intencionalmente por, y exposicion al alcohol: comercio y areas de servicio"
X656,"Envenenamiento autoinfligido intencionalmente por, y exposicion al alcohol: area industrial y de la construccion"
X657,"Envenenamiento autoinfligido intencionalmente por, y exposicion al alcohol: granja"
X658,"Envenenamiento autoinfligido intencionalmente por, y exposicion al alcohol: otro lugar especificado"
X659,"Envenenamiento autoinfligido intencionalmente por, y exposicion al alcohol: lugar no especificado"
X660,"Envenenamiento autoinfligido intencionalmente por, y exposicion a disolventes organicos e hidrocarburos halogenados y sus vapores: vivienda"
X661,"Envenenamiento autoinfligido intencionalmente por, y exposicion a disolventes organicos e hidrocarburos halogenados y sus vapores: institucion residencial"
X662,"Envenenamiento autoinfligido intencionalmente por, y exposicion a disolventes organicos e hidrocarburos halogenados y sus vapores: escuelas, otras instituciones y areas administrativas publicas"
X663,"Envenenamiento autoinfligido intencionalmente por, y exposicion a disolventes organicos e hidrocarburos halogenados y sus vapores: areas de deporte y atletismo"
X664,"Envenenamiento autoinfligido intencionalmente por, y exposicion a disolventes organicos e hidrocarburos halogenados y sus vapores: calles y carreteras"
X665,"Envenenamiento autoinfligido intencionalmente por, y exposicion a disolventes organicos e hidrocarburos halogenados y sus vapores: comercio y areas de servicio"
X666,"Envenenamiento autoinfligido intencionalmente por, y exposicion a disolventes organicos e hidrocarburos halogenados y sus vapores: area industrial y de la construccion"
X667,"Envenenamiento autoinfligido intencionalmente por, y exposicion a disolventes organicos e hidrocarburos halogenados y sus vapores: granja"
X668,"Envenenamiento autoinfligido intencionalmente por, y exposicion a disolventes organicos e hidrocarburos halogenados y sus vapores: otro lugar especificado"
X669,"Envenenamiento autoinfligido intencionalmente por, y exposicion a disolventes organicos e hidrocarburos halogenados y sus vapores: lugar no especificado"
X670,"Envenenamiento autoinfligido intencionalmente por, y exposicion a otros gases y vapores: vivienda"
X671,"Envenenamiento autoinfligido intencionalmente por, y exposicion a otros gases y vapores: institucion residencial"
X672,"Envenenamiento autoinfligido intencionalmente por, y exposicion a otros gases y vapores: escuelas, otras instituciones y areas administrativas publicas"
X673,"Envenenamiento autoinfligido intencionalmente por, y exposicion a otros gases y vapores: areas de deporte y atletismo"
X674,"Envenenamiento autoinfligido intencionalmente por, y exposicion a otros gases y vapores: calles y carreteras"
X675,"Envenenamiento autoinfligido intencionalmente por, y exposicion a otros gases y vapores: comercio y areas de servicio"
X676,"Envenenamiento autoinfligido intencionalmente por, y exposicion a otros gases y vapores: area industrial y de la construccion"
X677,"Envenenamiento autoinfligido intencionalmente por, y exposicion a otros gases y vapores: granja"
X678,"Envenenamiento autoinfligido intencionalmente por, y exposicion a otros gases y vapores: otro lugar especificado"
X679,"Envenenamiento autoinfligido intencionalmente por, y exposicion a otros gases y vapores: lugar no especificado"
X680,"Envenenamiento autoinfligido intencionalmente por, y exposicion a plaguicidas: vivienda"
X681,"Envenenamiento autoinfligido intencionalmente por, y exposicion a plaguicidas: institucion residencial"
X682,"Envenenamiento autoinfligido intencionalmente por, y exposicion a plaguicidas: escuelas, otras instituciones y areas administrativas publicas"
X683,"Envenenamiento autoinfligido intencionalmente por, y exposicion a plaguicidas: areas de deporte y atletismo"
X684,"Envenenamiento autoinfligido intencionalmente por, y exposicion a plaguicidas: calles y carreteras"
X685,"Envenenamiento autoinfligido intencionalmente por, y exposicion a plaguicidas: comercio y areas de servicio"
X686,"Envenenamiento autoinfligido intencionalmente por, y exposicion a plaguicidas: area industrial y de la construccion"
X687,"Envenenamiento autoinfligido intencionalmente por, y exposicion a plaguicidas: granja"
X688,"Envenenamiento autoinfligido intencionalmente por, y exposicion a plaguicidas: otro lugar especificado"
X689,"Envenenamiento autoinfligido intencionalmente por, y exposicion a plaguicidas: lugar no especificado"
X690,"Envenenamiento autoinfligido intencionalmente por, y exposicion a otros productos quimicos y sustancias nocivas, y los no especificados: vivienda"
X691,"Envenenamiento autoinfligido intencionalmente por, y exposicion a otros productos quimicos y sustancias nocivas, y los no especificados: institucion residencial"
X692,"Envenenamiento autoinfligido intencionalmente por, y exposicion a otros productos quimicos y sustancias nocivas, y los no especificados: escuelas, otras instituciones y areas administrativas publicas"
X693,"Envenenamiento autoinfligido intencionalmente por, y exposicion a otros productos quimicos y sustancias nocivas, y los no especificados: areas de deporte y atletismo"
X694,"Envenenamiento autoinfligido intencionalmente por, y exposicion a otros productos quimicos y sustancias nocivas, y los no especificados: calles y carreteras"
X695,"Envenenamiento autoinfligido intencionalmente por, y exposicion a otros productos quimicos y sustancias nocivas, y los no especificados: comercio y areas de servicio"
X696,"Envenenamiento autoinfligido intencionalmente por, y exposicion a otros productos quimicos y sustancias nocivas, y los no especificados: area industrial y de la construccion"
X697,"Envenenamiento autoinfligido intencionalmente por, y exposicion a otros productos quimicos y sustancias nocivas, y los no especificados: granja"
X698,"Envenenamiento autoinfligido intencionalmente por, y exposicion a otros productos quimicos y sustancias nocivas, y los no especificados: otro lugar especificado"
X699,"Envenenamiento autoinfligido intencionalmente por, y exposicion a otros productos quimicos y sustancias nocivas, y los no especificados: lugar no especificado"
X700,"Lesion autoinfligida intencionalmente por ahorcamiento, estrangulamiento o sofocacion: vivienda"
X701,"Lesion autoinfligida intencionalmente por ahorcamiento, estrangulamiento o sofocacion: institucion residencial"
X702,"Lesion autoinfligida intencionalmente por ahorcamiento, estrangulamiento o sofocacion: escuelas, otras instituciones y areas administrativas publicas"
X703,"Lesion autoinfligida intencionalmente por ahorcamiento, estrangulamiento o sofocacion: areas de deporte y atletismo"
X704,"Lesion autoinfligida intencionalmente por ahorcamiento, estrangulamiento o sofocacion: calles y carreteras"
X705,"Lesion autoinfligida intencionalmente por ahorcamiento, estrangulamiento o sofocacion: comercio y areas de servicio"
X706,"Lesion autoinfligida intencionalmente por ahorcamiento, estrangulamiento o sofocacion: area industrial y de la construccion"
X707,"Lesion autoinfligida intencionalmente por ahorcamiento, estrangulamiento o sofocacion: granja"
X708,"Lesion autoinfligida intencionalmente por ahorcamiento, estrangulamiento o sofocacion: otro lugar especificado"
X709,"Lesion autoinfligida intencionalmente por ahorcamiento, estrangulamiento o sofocacion: lugar no especificado"
X710,Lesion autoinfligida intencionalmente por ahogamiento y sumersion: vivienda
X711,Lesion autoinfligida intencionalmente por ahogamiento y sumersion: institucion residencial
X712,"Lesion autoinfligida intencionalmente por ahogamiento y sumersion: escuelas, otras instituciones y areas administrativas publicas"
X713,Lesion autoinfligida intencionalmente por ahogamiento y sumersion: areas de deporte y atletismo
X714,Lesion autoinfligida intencionalmente por ahogamiento y sumersion: calles y carreteras
X715,Lesion autoinfligida intencionalmente por ahogamiento y sumersion: comercio y areas de servicio
X716,Lesion autoinfligida intencionalmente por ahogamiento y sumersion: area industrial y de la construccion
X717,Lesion autoinfligida intencionalmente por ahogamiento y sumersion: granja
X718,Lesion autoinfligida intencionalmente por ahogamiento y sumersion: otro lugar especificado
X719,Lesion autoinfligida intencionalmente por ahogamiento y sumersion: lugar no especificado
X720,Lesion autoinfligida intencionalmente por disparo de arma corta: vivienda
X721,Lesion autoinfligida intencionalmente por disparo de arma corta: institucion residencial
X722,"Lesion autoinfligida intencionalmente por disparo de arma corta: escuelas, otras instituciones y areas administrativas publicas"
X723,Lesion autoinfligida intencionalmente por disparo de arma corta: areas de deporte y atletismo
X724,Lesion autoinfligida intencionalmente por disparo de arma corta: calles y carreteras
X725,Lesion autoinfligida intencionalmente por disparo de arma corta: comercio y areas de servicio
X726,Lesion autoinfligida intencionalmente por disparo de arma corta: area industrial y de la construccion
X727,Lesion autoinfligida intencionalmente por disparo de arma corta: granja
X728,Lesion autoinfligida intencionalmente por disparo de arma corta: otro lugar especificado
X729,Lesion autoinfligida intencionalmente por disparo de arma corta: lugar no especificado
X730,"Lesion autoinfligida intencionalmente por disparo de rifle, escopeta y arma larga: vivienda"
X731,"Lesion autoinfligida intencionalmente por disparo de rifle, escopeta y arma larga: institucion residencial"
X732,"Lesion autoinfligida intencionalmente por disparo de rifle, escopeta y arma larga: escuelas, otras instituciones y areas administrativas publicas"
X733,"Lesion autoinfligida intencionalmente por disparo de rifle, escopeta y arma larga: areas de deporte y atletismo"
X734,"Lesion autoinfligida intencionalmente por disparo de rifle, escopeta y arma larga: calles y carreteras"
X735,"Lesion autoinfligida intencionalmente por disparo de rifle, escopeta y arma larga: comercio y areas de servicio"
X736,"Lesion autoinfligida intencionalmente por disparo de rifle, escopeta y arma larga: area industrial y de la construccion"
X737,"Lesion autoinfligida intencionalmente por disparo de rifle, escopeta y arma larga: granja"
X738,"Lesion autoinfligida intencionalmente por disparo de rifle, escopeta y arma larga: otro lugar especificado"
X739,"Lesion autoinfligida intencionalmente por disparo de rifle, escopeta y arma larga: lugar no especificado"
X740,"Lesion autoinfligida intencionalmente por disparo de otras armas de fuego, y las no especificadas: vivienda"
X741,"Lesion autoinfligida intencionalmente por disparo de otras armas de fuego, y las no especificadas: institucion residencial"
X742,"Lesion autoinfligida intencionalmente por disparo de otras armas de fuego, y las no especificadas: escuelas, otras instituciones y areas administrativas publicas"
X743,"Lesion autoinfligida intencionalmente por disparo de otras armas de fuego, y las no especificadas: areas de deporte y atletismo"
X744,"Lesion autoinfligida intencionalmente por disparo de otras armas de fuego, y las no especificadas: calles y carreteras"
X745,"Lesion autoinfligida intencionalmente por disparo de otras armas de fuego, y las no especificadas: comercio y areas de servicio"
X746,"Lesion autoinfligida intencionalmente por disparo de otras armas de fuego, y las no especificadas: area industrial y de la construccion"
X747,"Lesion autoinfligida intencionalmente por disparo de otras armas de fuego, y las no especificadas: granja"
X748,"Lesion autoinfligida intencionalmente por disparo de otras armas de fuego, y las no especificadas: otro lugar especificado"
X749,"Lesion autoinfligida intencionalmente por disparo de otras armas de fuego, y las no especificadas: lugar no especificado"
X750,Lesion autoinfligida intencionalmente por material explosivo: vivienda
X751,Lesion autoinfligida intencionalmente por material explosivo: institucion residencial
X752,"Lesion autoinfligida intencionalmente por material explosivo: escuelas, otras instituciones y areas administrativas publicas"
X753,Lesion autoinfligida intencionalmente por material explosivo: areas de deporte y atletismo
X754,Lesion autoinfligida intencionalmente por material explosivo: calles y carreteras
X755,Lesion autoinfligida intencionalmente por material explosivo: comercio y areas de servicio
X756,Lesion autoinfligida intencionalmente por material explosivo: area industrial y de la construccion
X757,Lesion autoinfligida intencionalmente por material explosivo: granja
X758,Lesion autoinfligida intencionalmente por material explosivo: otro lugar especificado
X759,Lesion autoinfligida intencionalmente por material explosivo: lugar no especificado
X760,"Lesion autoinfligida intencionalmente por humo, fuego y llamas: vivienda"
X761,"Lesion autoinfligida intencionalmente por humo, fuego y llamas: institucion residencial"
X762,"Lesion autoinfligida intencionalmente por humo, fuego y llamas: escuelas, otras instituciones y areas administrativas publicas"
X763,"Lesion autoinfligida intencionalmente por humo, fuego y llamas: areas de deporte y atletismo"
X764,"Lesion autoinfligida intencionalmente por humo, fuego y llamas: calles y carreteras"
X765,"Lesion autoinfligida intencionalmente por humo, fuego y llamas: comercio y areas de servicio"
X766,"Lesion autoinfligida intencionalmente por humo, fuego y llamas: area industrial y de la construccion"
X767,"Lesion autoinfligida intencionalmente por humo, fuego y llamas: granja"
X768,"Lesion autoinfligida intencionalmente por humo, fuego y llamas: otro lugar especificado"
X769,"Lesion autoinfligida intencionalmente por humo, fuego y llamas: lugar no especificado"
X770,"Lesion autoinfligida intencionalmente por vapor de agua, vapores y objetos calientes: vivienda"
X771,"Lesion autoinfligida intencionalmente por vapor de agua, vapores y objetos calientes: institucion residencial"
X772,"Lesion autoinfligida intencionalmente por vapor de agua, vapores y objetos calientes: escuelas, otras instituciones y areas administrativas publicas"
X773,"Lesion autoinfligida intencionalmente por vapor de agua, vapores y objetos calientes: areas de deporte y atletismo"
X774,"Lesion autoinfligida intencionalmente por vapor de agua, vapores y objetos calientes: calles y carreteras"
X775,"Lesion autoinfligida intencionalmente por vapor de agua, vapores y objetos calientes: comercio y areas de servicio"
X776,"Lesion autoinfligida intencionalmente por vapor de agua, vapores y objetos calientes: area industrial y de la construccion"
X777,"Lesion autoinfligida intencionalmente por vapor de agua, vapores y objetos calientes: granja"
X778,"Lesion autoinfligida intencionalmente por vapor de agua, vapores y objetos calientes: otro lugar especificado"
X779,"Lesion autoinfligida intencionalmente por vapor de agua, vapores y objetos calientes: lugar no especificado"
X780,Lesion autoinfligida intencionalmente por objeto cortante: vivienda
X781,Lesion autoinfligida intencionalmente por objeto cortante: institucion residencial
X782,"Lesion autoinfligida intencionalmente por objeto cortante: escuelas, otras instituciones y areas administrativas publicas"
X783,Lesion autoinfligida intencionalmente por objeto cortante: areas de deporte y atletismo
X784,Lesion autoinfligida intencionalmente por objeto cortante: calles y carreteras
X785,Lesion autoinfligida intencionalmente por objeto cortante: comercio y areas de servicio
X786,Lesion autoinfligida intencionalmente por objeto cortante: area industrial y de la construccion
X787,Lesion autoinfligida intencionalmente por objeto cortante: granja
X788,Lesion autoinfligida intencionalmente por objeto cortante: otro lugar especificado
X789,Lesion autoinfligida intencionalmente por objeto cortante: lugar no especificado
X790,Lesion autoinfligida intencionalmente por objeto romo o sin filo: vivienda
X791,Lesion autoinfligida intencionalmente por objeto romo o sin filo: institucion residencial
X792,"Lesion autoinfligida intencionalmente por objeto romo o sin filo: escuelas, otras instituciones y areas administrativas publicas"
X793,Lesion autoinfligida intencionalmente por objeto romo o sin filo: areas de deporte y atletismo
X794,Lesion autoinfligida intencionalmente por objeto romo o sin filo: calles y carreteras
X795,Lesion autoinfligida intencionalmente por objeto romo o sin filo: comercio y areas de servicio
X796,Lesion autoinfligida intencionalmente por objeto romo o sin filo: area industrial y de la construccion
X797,Lesion autoinfligida intencionalmente por objeto romo o sin filo: granja
X798,Lesion autoinfligida intencionalmente por objeto romo o sin filo: otro lugar especificado
X799,Lesion autoinfligida intencionalmente por objeto romo o sin filo: lugar no especificado
X800,Lesion autoinfligida intencionalmente al saltar desde un lugar elevado: vivienda
X801,Lesion autoinfligida intencionalmente al saltar desde un lugar elevado: institucion residencial
X802,"Lesion autoinfligida intencionalmente al saltar desde un lugar elevado: escuelas, otras instituciones y areas administrativas publicas"
X803,Lesion autoinfligida intencionalmente al saltar desde un lugar elevado: areas de deporte y atletismo
X804,Lesion autoinfligida intencionalmente al saltar desde un lugar elevado: calles y carreteras
X805,Lesion autoinfligida intencionalmente al saltar desde un lugar elevado: comercio y areas de servicio
X806,Lesion autoinfligida intencionalmente al saltar desde un lugar elevado: area industrial y de la construccion
X807,Lesion autoinfligida intencionalmente al saltar desde un lugar elevado: granja
X808,Lesion autoinfligida intencionalmente al saltar desde un lugar elevado: otro lugar especificado
X809,Lesion autoinfligida intencionalmente al saltar desde un lugar elevado: lugar no especificado
X810,Lesion autoinfligida intencionalmente por arrojarse o colocarse delante de objeto en movimiento: vivienda
X811,Lesion autoinfligida intencionalmente por arrojarse o colocarse delante de objeto en movimiento: institucion residencial
X812,"Lesion autoinfligida intencionalmente por arrojarse o colocarse delante de objeto en movimiento: escuelas, otras instituciones y areas administrativas publicas"
X813,Lesion autoinfligida intencionalmente por arrojarse o colocarse delante de objeto en movimiento: areas de deporte y atletismo
X814,Lesion autoinfligida intencionalmente por arrojarse o colocarse delante de objeto en movimiento: calles y carreteras
X815,Lesion autoinfligida intencionalmente por arrojarse o colocarse delante de objeto en movimiento: comercio y areas de servicio
X816,Lesion autoinfligida intencionalmente por arrojarse o colocarse delante de objeto en movimiento: area industrial y de la construccion
X817,Lesion autoinfligida intencionalmente por arrojarse o colocarse delante de objeto en movimiento: granja
X818,Lesion autoinfligida intencionalmente por arrojarse o colocarse delante de objeto en movimiento: otro lugar especificado
X819,Lesion autoinfligida intencionalmente por arrojarse o colocarse delante de objeto en movimiento: lugar no especificado
X820,Lesion autoinfligida intencionalmente por colision de vehiculo de motor: vivienda
X821,Lesion autoinfligida intencionalmente por colision de vehiculo de motor: institucion residencial
X822,"Lesion autoinfligida intencionalmente por colision de vehiculo de motor: escuelas, otras instituciones y areas administrativas publicas"
X823,Lesion autoinfligida intencionalmente por colision de vehiculo de motor: areas de deporte y atletismo
X824,Lesion autoinfligida intencionalmente por colision de vehiculo de motor: calles y carreteras
X825,Lesion autoinfligida intencionalmente por colision de vehiculo de motor: comercio y areas de servicio
X826,Lesion autoinfligida intencionalmente por colision de vehiculo de motor: area industrial y de la construccion
X827,Lesion autoinfligida intencionalmente por colision de vehiculo de motor: granja
X828,Lesion autoinfligida intencionalmente por colision de vehiculo de motor: otro lugar especificado
X829,Lesion autoinfligida intencionalmente por colision de vehiculo de motor: lugar no especificado
X830,Lesion autoinfligida intencionalmente por otros medios especificados: vivienda
X831,Lesion autoinfligida intencionalmente por otros medios especificados: institucion residencial
X832,"Lesion autoinfligida intencionalmente por otros medios especificados: escuelas, otras instituciones y areas administrativas publicas"
X833,Lesion autoinfligida intencionalmente por otros medios especificados: areas de deporte y atletismo
X834,Lesion autoinfligida intencionalmente por otros medios especificados: calles y carreteras
X835,Lesion autoinfligida intencionalmente por otros medios especificados: comercio y areas de servicio
X836,Lesion autoinfligida intencionalmente por otros medios especificados: area industrial y de la construccion
X837,Lesion autoinfligida intencionalmente por otros medios especificados: granja
X838,Lesion autoinfligida intencionalmente por otros medios especificados: otro lugar especificado
X839,Lesion autoinfligida intencionalmente por otros medios especificados: lugar no especificado
X840,Lesion autoinfligida intencionalmente por medios no especificados: vivienda
X841,Lesion autoinfligida intencionalmente por medios no especificados: institucion residencial
X842,"Lesion autoinfligida intencionalmente por medios no especificados: escuelas, otras instituciones y areas administrativas publicas"
X843,Lesion autoinfligida intencionalmente por medios no especificados: areas de deporte y atletismo
X844,Lesion autoinfligida intencionalmente por medios no especificados: calles y carreteras
X845,Lesion autoinfligida intencionalmente por medios no especificados: comercio y areas de servicio
X846,Lesion autoinfligida intencionalmente por medios no especificados: area industrial y de la construccion
X847,Lesion autoinfligida intencionalmente por medios no especificados: granja
X848,Lesion autoinfligida intencionalmente por medios no especificados: otro lugar especificado
X849,Lesion autoinfligida intencionalmente por medios no especificados: lugar no especificado
X850,"Agresion con drogas, medicamentos y sustancias biologicas: vivienda"
X851,"Agresion con drogas, medicamentos y sustancias biologicas: institucion residencial"
X852,"Agresion con drogas, medicamentos y sustancias biologicas: escuelas, otras instituciones y areas administrativas publicas"
X853,"Agresion con drogas, medicamentos y sustancias biologicas: areas de deporte y atletismo"
X854,"Agresion con drogas, medicamentos y sustancias biologicas: calles y carreteras"
X855,"Agresion con drogas, medicamentos y sustancias biologicas: comercio y areas de servicio"
X856,"Agresion con drogas, medicamentos y sustancias biologicas: area industrial y de la construccion"
X857,"Agresion con drogas, medicamentos y sustancias biologicas: granja"
X858,"Agresion con drogas, medicamentos y sustancias biologicas: otro lugar especificado"
X859,"Agresion con drogas, medicamentos y sustancias biologicas: lugar no especificado"
X860,Agresion con sustancia corrosiva: vivienda
X861,Agresion con sustanciacorrosiva: institucion residencial
X862,"Agresion con sustancia corrosiva: escuelas, otras instituciones y areas administrativas publicas"
X863,Agresion con sustanciacorrosiva: areas de deporte y atletismo
X864,Agresion con sustancia corrosiva: calles y carreteras
X865,Agresion con sustancia corrosiva: comercio y areas de servicio
X866,Agresion con sustancia corrosiva: area industrial y de la construccion
X867,Agresion con sustancia corrosiva: granja
X868,Agresion con sustanciacorrosiva: otro lugar especificado
X869,Agresion con sustancia corrosiva: lugar no especificado
X870,Agresion con plaguicidas: vivienda
X871,Agresion con plaguicidas: institucion residencial
X872,"Agresion con plaguicidas: escuelas, otras instituciones y areas administrativas publicas"
X873,Agresion con plaguicidas: areas de deporte y atletismo
X874,Agresion con plaguicidas: calles y carreteras
X875,Agresion con plaguicidas: comercio y areas de servicio
X876,Agresion con plaguicidas: area industrial y de la construccion
X877,Agresion con plaguicidas: granja
X878,Agresion con plaguicidas: otro lugar especificado
X879,Agresion con plaguicidas: lugar no especificado
X880,Agresion con gases y vapores: vivienda
X881,Agresion con gases y vapores: institucion residencial
X882,"Agresion con gases y vapores: escuelas, otras instituciones y areas administrativas publicas"
X883,Agresion con gases y vapores: areas de deporte y atletismo
X884,Agresion con gases y vapores: calles y carreteras
X885,Agresion con gases y vapores: comercio y areas de servicio
X886,Agresion con gases y vapores: area industrial y de la construccion
X887,Agresion con gases y vapores: granja
X888,Agresion con gases y vapores: otro lugar especificado
X889,Agresion con gases y vapores: lugar no especificado
X890,Agresion con otros productos quimicos y sustancias nocivas especificadas: vivienda
X891,Agresion con otros productos quimicos y sustancias nocivas especificadas: institucion residencial
X892,"Agresion con otros productos quimicos y sustancias nocivas especificadas: escuelas, otras instituciones y areas administrativas publicas"
X893,Agresion con otros productos quimicos y sustancias nocivas especificadas: areas de deporte y atletismo
X894,Agresion con otros productos quimicos y sustancias nocivas especificadas: calles y carreteras
X895,Agresion con otros productos quimicos y sustancias nocivas especificadas: comercio y areas de servicio
X896,Agresion con otros productos quimicos y sustancias nocivas especificadas: area industrial y de la construccion
X897,Agresion con otros productos quimicos y sustancias nocivas especificadas: granja
X898,Agresion con otros productos quimicos y sustancias nocivas especificadas: otro lugar especificado
X899,Agresion con otros productos quimicos y sustancias nocivas especificadas: lugar no especificado
X900,Agresion con productos quimicos y sustancias nocivas no especificadas: vivienda
X901,Agresion con productos quimicos y sustancias nocivas no especificadas: institucion residencial
X902,"Agresion con productos quimicos y sustancias nocivas no especificadas: escuelas, otras instituciones y areas administrativas publicas"
X903,Agresion con productos quimicos y sustancias nocivas no especificadas: areas de deporte y atletismo
X904,Agresion con productos quimicos y sustancias nocivas no especificadas: calles y carreteras
X905,Agresion con productos quimicos y sustancias nocivas no especificadas: comercio y areas de servicio
X906,Agresion con productos quimicos y sustancias nocivas no especificadas: area industrial y de la construccion
X907,Agresion con productos quimicos y sustancias nocivas no especificadas: granja
X908,Agresion con productos quimicos y sustancias nocivas no especificadas: otro lugar especificado
X909,Agresion con productos quimicos y sustancias nocivas no especificadas: lugar no especificado
X910,"Agresion por ahorcamiento, estrangulamiento y sofocacion: vivienda"
X911,"Agresion por ahorcamiento, estrangulamiento y sofocacion: institucion residencial"
X912,"Agresion por ahorcamiento, estrangulamiento y sofocacion: escuelas, otras instituciones y areas administrativas publicas"
X913,"Agresion por ahorcamiento, estrangulamiento y sofocacion: areas de deporte y atletismo"
X914,"Agresion por ahorcamiento, estrangulamiento y sofocacion: calles y carreteras"
X915,"Agresion por ahorcamiento, estrangulamiento y sofocacion: comercio y areas de servicio"
X916,"Agresion por ahorcamiento, estrangulamiento y sofocacion: area industrial y de la construccion"
X917,"Agresion por ahorcamiento, estrangulamiento y sofocacion: granja"
X918,"Agresion por ahorcamiento, estrangulamiento y sofocacion: otro lugar especificado"
X919,"Agresion por ahorcamiento, estrangulamiento y sofocacion: lugar no especificado"
X920,Agresion por ahogamiento y sumersion: vivienda
X921,Agresion por ahogamiento y sumersion: institucion residencial
X922,"Agresion por ahogamiento y sumersion: escuelas, otras instituciones y areas administrativas publicas"
X923,Agresion por ahogamiento y sumersion: areas de deporte y atletismo
X924,Agresion por ahogamiento y sumersion: calles y carreteras
X925,Agresion por ahogamiento y sumersion: comercio y areas de servicio
X926,Agresion por ahogamiento y sumersion: area industrial y de la construccion
X927,Agresion por ahogamiento y sumersion: granja
X928,Agresion por ahogamiento y sumersion: otro lugar especificado
X929,Agresion por ahogamiento y sumersion: lugar no especificado
X930,Agresion con disparo de arma corta: vivienda
X931,Agresion con disparo de arma corta: institucion residencial
X932,"Agresion con disparo de arma corta: escuelas, otras instituciones y areas administrativas publicas"
X933,Agresion con disparo de arma corta: areas de deporte y atletismo
X934,Agresion con disparo de arma corta: calles y carreteras
X935,Agresion con disparo de arma corta: comercio y areas de servicio
X936,Agresion con disparo de arma corta: area industrial y de la construccion
X937,Agresion con disparo de arma corta: granja
X938,Agresion con disparo de arma corta: otro lugar especificado
X939,Agresion con disparo de arma corta: lugar no especificado
X940,"Agresion con disparo de rifle, escopeta y arma larga: vivienda"
X941,"Agresion con disparo de rifle, escopeta y arma larga: institucion residencial"
X942,"Agresion con disparo de rifle, escopeta y arma larga: escuelas, otras instituciones y areas administrativas publicas"
X943,"Agresion con disparo de rifle, escopeta y arma larga: areas de deporte y atletismo"
X944,"Agresion con disparo de rifle, escopeta y arma larga: calles y carreteras"
X945,"Agresion con disparo de rifle, escopeta y arma larga: comercio y areas de servicio"
X946,"Agresion con disparo de rifle, escopeta y arma larga: area industrial y de la construccion"
X947,"Agresion con disparo de rifle, escopeta y arma larga: granja"
X948,"Agresion con disparo de rifle, escopeta y arma larga: otro lugar especificado"
X949,"Agresion con disparo de rifle, escopeta y arma larga: lugar no especificado"
X950,"Agresion con disparo de otras armas de fuego, y las no especificadas: vivienda"
X951,"Agresion con disparo de otras armas de fuego, y las no especificadas: institucion residencial"
X952,"Agresion con disparo de otras armas de fuego, y las no especificadas: escuelas, otras instituciones y areas administrativas publicas"
X953,"Agresion con disparo de otras armas de fuego, y las no especificadas: areas de deporte y atletismo"
X954,"Agresion con disparo de otras armas de fuego, y las no especificadas: calles y carreteras"
X955,"Agresion con disparo de otras armas de fuego, y las no especificadas: comercio y areas de servicio"
X956,"Agresion con disparo de otras armas de fuego, y las no especificadas: area industrial y de la construccion"
X957,"Agresion con disparo de otras armas de fuego, y las no especificadas: granja"
X958,"Agresion con disparo de otras armas de fuego, y las no especificadas: otro lugar especificado"
X959,"Agresion con disparo de otras armas de fuego, y las no especificadas: lugar no especificado"
X960,Agresion con material explosivo: vivienda
X961,Agresion con material explosivo: institucion residencial
X962,"Agresion con material explosivo: escuelas, otras instituciones y areas administrativas publicas"
X963,Agresion con material explosivo: areas de deporte y atletismo
X964,Agresion con material explosivo: calles y carreteras
X965,Agresion con material explosivo: comercio y areas de servicio
X966,Agresion con material explosivo: area industrial y de la construccion
X967,Agresion con material explosivo: granja
X968,Agresion con material explosivo: otro lugar especificado
X969,Agresion con material explosivo: lugar no especificado
X970,"Agresion con humo, fuego y llamas: vivienda"
X971,"Agresion con humo, fuego y llamas: institucion residencial"
X972,"Agresion con humo, fuego y llamas: escuelas, otras instituciones y areas administrativas publicas"
X973,"Agresion con humo, fuego y llamas: areas de deporte y atletismo"
X974,"Agresion con humo, fuego y llamas: calles y carreteras"
X975,"Agresion con humo, fuego y llamas: comercio y areas de servicio"
X976,"Agresion con humo, fuego y llamas: area industrial y de la construccion"
X977,"Agresion con humo, fuego y llamas: granja"
X978,"Agresion con humo, fuego y llamas: otro lugar especificado"
X979,"Agresion con humo, fuego y llamas: lugar no especificado"
X980,"Agresion con vapor de agua, vapores y objetos calientes: vivienda"
X981,"Agresion con vapor de agua, vapores y objetos calientes: institucion residencial"
X982,"Agresion con vapor de agua, vapores y objetos calientes: escuelas, otras instituciones y areas administrativas publicas"
X983,"Agresion con vapor de agua, vapores y objetos calientes: areas de deporte y atletismo"
X984,"Agresion con vapor de agua, vapores y objetos calientes: calles y carreteras"
X985,"Agresion con vapor de agua, vapores y objetos calientes: comercio y areas de servicio"
X986,"Agresion con vapor de agua, vapores y objetos calientes: area industrial y de la construccion"
X987,"Agresion con vapor de agua, vapores y objetos calientes: granja"
X988,"Agresion con vapor de agua, vapores y objetos calientes: otro lugar especificado"
X989,"Agresion con vapor de agua, vapores y objetos calientes: lugar no especificado"
X990,Agresion con objeto cortante: vivienda
X991,Agresion con objeto cortante: institucion residencial
X992,"Agresion con objeto cortante: escuelas, otras instituciones y areas administrativas publicas"
X993,Agresion con objeto cortante: areas de deporte y atletismo
X994,Agresion con objeto cortante: calles y carreteras
X995,Agresion con objeto cortante: comercio y areas de servicio
X996,Agresion con objeto cortante: area industrial y de la construccion
X997,Agresion con objeto cortante: granja
X998,Agresion con objeto cortante: otro lugar especificado
X999,Agresion con objeto cortante: lugar no especificado
Y000,Agresion con objeto romo o sin filo: vivienda
Y001,Agresion con objeto romo o sin filo: institucion residencial
Y002,Agresion con objeto romo o sin filo: escuelas otras instituciones y areas administrativas
Y003,Agresion con objeto romo o sin filo: areas de deporte y atletismo
Y004,Agresion con objeto romo o sin filo: calles y carreteras
Y005,Agresion con objeto romo o sin filo: comercio y area de servicios
Y006,Agresion con objeto romo o sin filo: area industrial y de la construccion
Y007,Agresion con objeto romo o sin filo: granja
Y008,Agresion con objeto romo o sin filo: otro lugar especificado
Y009,Agresion con objeto romo o sin filo: lugar no especificado
Y010,Agresion por empujon desde un lugar elevado: vivienda
Y011,Agresion por empujon desde un lugar elevado: institucion residencial
Y012,Agresion por empujon desde un lugar elevado: escuelas otras instituciones y areas administrativas
Y013,Agresion por empujon desde un lugar elevado: areas de deporte y atletismo
Y014,Agresion por empujon desde un lugar elevado: calles y carreteras
Y015,Agresion por empujon desde un lugar elevado: comercio y area de servicios
Y016,Agresion por empujon desde un lugar elevado: area industrial y de la construccion
Y017,Agresion por empujon desde un lugar elevado: granja
Y018,Agresion por empujon desde un lugar elevado: otro lugar especificado
Y019,Agresion por empujon desde un lugar elevado: lugar no especificado
Y020,Agresion por empujar o colocar a la victima delante de objeto en movimiento: vivienda
Y021,Agresion por empujar o colocar a la victima delante de objeto en movimiento: institucion residencial
Y022,Agresion por empujar o colocar a la victima delante de objeto en movimiento: escuelas otras instituciones y areas administrativas
Y023,Agresion por empujar o colocar a la victima delante de objeto en movimiento: areas de deporte y atletismo
Y024,Agresion por empujar o colocar a la victima delante de objeto en movimiento: calles y carreteras
Y025,Agresion por empujar o colocar a la victima delante de objeto en movimiento: comercio y area de servicios
Y026,Agresion por empujar o colocar a la victima delante de objeto en movimiento: area industrial y de la construccion
Y027,Agresion por empujar o colocar a la victima delante de objeto en movimiento: granja
Y028,Agresion por empujar o colocar a la victima delante de objeto en movimiento: otro lugar especificado
Y029,Agresion por empujar o colocar a la victima delante de objeto en movimiento: lugar no especificado
Y030,Agresion por colision de vehiculo de motor: vivienda
Y031,Agresion por colision de vehiculo de motor: institucion residencial
Y032,"Agresion por colision de vehiculo de motor: escuelas, otras instituciones y areas administrativas"
Y033,Agresion por colision de vehiculo de motor: areas de deporte y atletismo
Y034,Agresion por colision de vehiculo de motor: calles y carreteras
Y035,Agresion por colision de vehiculo de motor: comercio y area de servicios
Y036,Agresion por colision de vehiculo de motor: area industrial y de la construccion
Y037,Agresion por colision de vehiculo de motor: granja
Y038,Agresion por colision de vehiculo de motor: otro lugar especificado
Y039,Agresion por colision de vehiculo de motor: lugar no especificado
Y040,Agresion con fuerza corporal: vivienda
Y041,Agresion con fuerza corporal: institucion residencial
Y042,"Agresion con fuerza corporal: escuelas, otras instituciones y areas administrativas"
Y043,Agresion con fuerza corporal: areas de deporte y atletismo
Y044,Agresion con fuerza corporal: calles y carreteras
Y045,Agresion con fuerza corporal: comercio y area de servicios
Y046,Agresion con fuerza corporal: area industrial y de la construccion
Y047,Agresion con fuerza corporal: granja
Y048,Agresion con fuerza corporal: otro lugar especificado
Y049,Agresion con fuerza corporal: lugar no especificado
Y050,Agresion sexual con fuerza corporal: vivienda
Y051,Agresion sexual con fuerza corporal: institucion residencial
Y052,"Agresion sexual con fuerza corporal: escuelas, otras instituciones y areas administrativas"
Y053,Agresion sexual con fuerza corporal: areas de deporte y atletismo
Y054,Agresion sexual con fuerza corporal: calles y carreteras
Y055,Agresion sexual con fuerza corporal: comercio y area de servicios
Y056,Agresion sexual con fuerza corporal: area industrial y de la construccion
Y057,Agresion sexual con fuerza corporal: granja
Y058,Agresion sexual con fuerza corporal: otro lugar especificado
Y059,Agresion sexual con fuerza corporal: lugar no especificado
Y080,Agresion por otros medios especificados: vivienda
Y081,Agresion por otros medios especificados: institucion residencial
Y082,"Agresion por otros medios especificados: escuelas, otras instituciones y areas administrativas"
Y083,Agresion por otros medios especificados: areas de deporte y atletismo
Y084,Agresion por otros medios especificados: calles y carreteras
Y085,Agresion por otros medios especificados: comercio y area de servicios
Y086,Agresion por otros medios especificados: area industrial y de la construccion
Y087,Agresion por otros medios especificados: granja
Y088,Agresion por otros medios especificados: otro lugar especificado
Y089,Agresion por otros medios especificados: lugar no especificado
Y090,Agresion por medios no especificados: vivienda
Y091,Agresion por medios no especificados: institucion residencial
Y092,Agresion por medios no especificados: escuelas otras instituciones y areas administrativas
Y093,Agresion por medios no especificados: areas de deporte y atletismo
Y094,Agresion por medios no especificados: calles y carreteras
Y095,Agresion por medios no especificados: comercio y area de servicios
Y096,Agresion por medios no especificados: area industrial y de la construccion
Y097,Agresion por medios no especificados: granja
Y098,Agresion por medios no especificados: otro lugar especificado
Y099,Agresion por medios no especificados: lugar no especificado
Y100,"Envenenamiento por, y exposicion a analgesicos no narcoticos, antipireticos y antirreumaticos, de intencion no determinada: vivienda"
Y101,"Envenenamiento por, y exposicion a analgesicos no narcoticos, antipireticos y antirreumaticos, de intencion no determinada: institucion residencial"
Y102,"Envenenamiento por, y exposicion a analgesicos no narcoticos, antipireticos y antirreumaticos, de intencion no determinada: escuelas otras instituciones y areas administrativas"
Y103,"Envenenamiento por, y exposicion a analgesicos no narcoticos, antipireticos y antirreumaticos, de intencion no determinada: areas de deporte y atletismo"
Y104,"Envenenamiento por, y exposicion a analgesicos no narcoticos, antipireticos y antirreumaticos, de intencion no determinada: calles y carreteras"
Y105,"Envenenamiento por, y exposicion a analgesicos no narcoticos, antipireticos y antirreumaticos, de intencion no determinada: comercio y area de servicios"
Y106,"Envenenamiento por, y exposicion a analgesicos no narcoticos, antipireticos y antirreumaticos, de intencion no determinada: area industrial y de la construccion"
Y107,"Envenenamiento por, y exposicion a analgesicos no narcoticos, antipireticos y antirreumaticos, de intencion no determinada: granja"
Y108,"Envenenamiento por, y exposicion a analgesicos no narcoticos, antipireticos y antirreumaticos, de intencion no determinada: otro lugar especificado"
Y109,"Envenenamiento por, y exposicion a analgesicos no narcoticos, antipireticos y antirreumaticos, de intencion no determinada: lugar no especificado"
Y110,"Envenenamiento por, y exposicion a drogas antiepilepticas, sedantes, hipnoticas, antiparkinsonianas y psicotropicas, no clasificadas en otra parte, de intencion no determinada: vivienda"
Y111,"Envenenamiento por, y exposicion a drogas antiepilepticas, sedantes, hipnoticas, antiparkinsonianas y psicotropicas, no clasificadas en otra parte, de intencion no determinada: institucion residencial"
Y112,"Envenenamiento por, y exposicion a drogas antiepilepticas, sedantes, hipnoticas, antiparkinsonianas y psicotropicas, no clasificadas en otra parte, de intencion no determinada: escuelas otras instituciones y areas administrativas"
Y113,"Envenenamiento por, y exposicion a drogas antiepilepticas, sedantes, hipnoticas, antiparkinsonianas y psicotropicas, no clasificadas en otra parte, de intencion no determinada: areas de deporte y atletismo"
Y114,"Envenenamiento por, y exposicion a drogas antiepilepticas, sedantes, hipnoticas, antiparkinsonianas y psicotropicas, no clasificadas en otra parte, de intencion no determinada: calles y carreteras"
Y115,"Envenenamiento por, y exposicion a drogas antiepilepticas, sedantes, hipnoticas, antiparkinsonianas y psicotropicas, no clasificadas en otra parte, de intencion no determinada: comercio y area de servicios"
Y116,"Envenenamiento por, y exposicion a drogas antiepilepticas, sedantes, hipnoticas, antiparkinsonianas y psicotropicas, no clasificadas en otra parte, de intencion no determinada: area industrial y de la construccion"
Y117,"Envenenamiento por, y exposicion a drogas antiepilepticas, sedantes, hipnoticas, antiparkinsonianas y psicotropicas, no clasificadas en otra parte, de intencion no determinada: granja"
Y118,"Envenenamiento por, y exposicion a drogas antiepilepticas, sedantes, hipnoticas, antiparkinsonianas y psicotropicas, no clasificadas en otra parte, de intencion no determinada: otro lugar especificado"
Y119,"Envenenamiento por, y exposicion a drogas antiepilepticas, sedantes, hipnoticas, antiparkinsonianas y psicotropicas, no clasificadas en otra parte, de intencion no determinada: lugar no especificado"
Y120,"Envenenamiento por, y exposicion a narcoticos y psicodislepticos [alucinogenos], no clasificadas en otra parte, de intencion no determinada: vivienda"
Y121,"Envenenamiento por, y exposicion a narcoticos y psicodislepticos [alucinogenos], no clasificadas en otra parte, de intencion no determinada: institucion residencial"
Y122,"Envenenamiento por, y exposicion a narcoticos y psicodislepticos [alucinogenos], no clasificadas en otra parte, de intencion no determinada: escuelas otras instituciones y areas administrativas"
Y123,"Envenenamiento por, y exposicion a narcoticos y psicodislepticos [alucinogenos], no clasificadas en otra parte, de intencion no determinada: areas de deporte y atletismo"
Y124,"Envenenamiento por, y exposicion a narcoticos y psicodislepticos [alucinogenos], no clasificadas en otra parte, de intencion no determinada: calles y carreteras"
Y125,"Envenenamiento por, y exposicion a narcoticos y psicodislepticos [alucinogenos], no clasificadas en otra parte, de intencion no determinada: comercio y area de servicios"
Y126,"Envenenamiento por, y exposicion a narcoticos y psicodislepticos [alucinogenos], no clasificadas en otra parte, de intencion no determinada: area industrial y de la construccion"
Y127,"Envenenamiento por, y exposicion a narcoticos y psicodislepticos [alucinogenos], no clasificadas en otra parte, de intencion no determinada: granja"
Y128,"Envenenamiento por, y exposicion a narcoticos y psicodislepticos [alucinogenos], no clasificadas en otra parte, de intencion no determinada: otro lugar especificado"
Y129,"Envenenamiento por, y exposicion a narcoticos y psicodislepticos [alucinogenos], no clasificadas en otra parte, de intencion no determinada: lugar no especificado"
Y130,"Envenenamiento por, y exposicion a otras drogas que actuan sobre el sistema nervioso autonomo, de intencion no determinada: vivienda"
Y131,"Envenenamiento por, y exposicion a otras drogas que actuan sobre el sistema nervioso autonomo, de intencion no determinada: institucion residencial"
Y132,"Envenenamiento por, y exposicion a otras drogas que actuan sobre el sistema nervioso autonomo, de intencion no determinada: escuelas otras instituciones y areas administrativas"
Y133,"Envenenamiento por, y exposicion a otras drogas que actuan sobre el sistema nervioso autonomo, de intencion no determinada: areas de deporte y atletismo"
Y134,"Envenenamiento por, y exposicion a otras drogas que actuan sobre el sistema nervioso autonomo, de intencion no determinada: calles y carreteras"
Y135,"Envenenamiento por, y exposicion a otras drogas que actuan sobre el sistema nervioso autonomo, de intencion no determinada: comercio y area de servicios"
Y136,"Envenenamiento por, y exposicion a otras drogas que actuan sobre el sistema nervioso autonomo, de intencion no determinada: area industrial y de la construccion"
Y137,"Envenenamiento por, y exposicion a otras drogas que actuan sobre el sistema nervioso autonomo, de intencion no determinada: granja"
Y138,"Envenenamiento por, y exposicion a otras drogas que actuan sobre el sistema nervioso autonomo, de intencion no determinada: otro lugar especificado"
Y139,"Envenenamiento por, y exposicion a otras drogas que actuan sobre el sistema nervioso autonomo, de intencion no determinada: lugar no especificado"
Y140,"Envenenamiento por, y exposicion a otras drogas, medicamentos y sustancias biologicas, y las no especificadas, de intencion no determinada: vivienda"
Y141,"Envenenamiento por, y exposicion a otras drogas, medicamentos y sustancias biologicas, y las no especificadas, de intencion no determinada: institucion residencial"
Y142,"Envenenamiento por, y exposicion a otras drogas, medicamentos y sustancias biologicas, y las no especificadas, de intencion no determinada: escuelas otras instituciones y areas administrativas"
Y143,"Envenenamiento por, y exposicion a otras drogas, medicamentos y sustancias biologicas, y las no especificadas, de intencion no determinada: areas de deporte y atletismo"
Y144,"Envenenamiento por, y exposicion a otras drogas, medicamentos y sustancias biologicas, y las no especificadas, de intencion no determinada: calles y carreteras"
Y145,"Envenenamiento por, y exposicion a otras drogas, medicamentos y sustancias biologicas, y las no especificadas, de intencion no determinada: comercio y area de servicios"
Y146,"Envenenamiento por, y exposicion a otras drogas, medicamentos y sustancias biologicas, y las no especificadas, de intencion no determinada: area industrial y de la construccion"
Y147,"Envenenamiento por, y exposicion a otras drogas, medicamentos y sustancias biologicas, y las no especificadas, de intencion no determinada: granja"
Y148,"Envenenamiento por, y exposicion a otras drogas, medicamentos y sustancias biologicas, y las no especificadas, de intencion no determinada: otro lugar especificado"
Y149,"Envenenamiento por, y exposicion a otras drogas, medicamentos y sustancias biologicas, y las no especificadas, de intencion no determinada: lugar no especificado"
Y150,"Envenenamiento por, y exposicion al alcohol , de intencion no determinada: vivienda"
Y151,"Envenenamiento por, y exposicion al alcohol , de intencion no determinada: institucion residencial"
Y152,"Envenenamiento por, y exposicion al alcohol , de intencion no determinada: escuelas otras instituciones y areas administrativas"
Y153,"Envenenamiento por, y exposicion al alcohol , de intencion no determinada: areas de deporte y atletismo"
Y154,"Envenenamiento por, y exposicion al alcohol , de intencion no determinada: calles y carreteras"
Y155,"Envenenamiento por, y exposicion al alcohol , de intencion no determinada: comercio y area de servicios"
Y156,"Envenenamiento por, y exposicion al alcohol , de intencion no determinada: area industrial y de la construccion"
Y157,"Envenenamiento por, y exposicion al alcohol , de intencion no determinada: granja"
Y158,"Envenenamiento por, y exposicion al alcohol , de intencion no determinada: otro lugar especificado"
Y159,"Envenenamiento por, y exposicion al alcohol , de intencion no determinada: lugar no especificado"
Y160,"Envenenamiento por, y exposicion a disolventes organicos e hidrocarburos halogenados y sus vapores, de intencion no determinada: vivienda"
Y161,"Envenenamiento por, y exposicion a disolventes organicos e hidrocarburos halogenados y sus vapores, de intencion no determinada: institucion residencial"
Y162,"Envenenamiento por, y exposicion a disolventes organicos e hidrocarburos halogenados y sus vapores, de intencion no determinada: escuelas, otras instituciones y areas administrativas"
Y163,"Envenenamiento por, y exposicion a disolventes organicos e hidrocarburos halogenados y sus vapores, de intencion no determinada: areas de deporte y atletismo"
Y164,"Envenenamiento por, y exposicion a disolventes organicos e hidrocarburos halogenados y sus vapores, de intencion no determinada: calles y carreteras"
Y165,"Envenenamiento por, y exposicion a disolventes organicos e hidrocarburos halogenados y sus vapores, de intencion no determinada: comercio y area de servicios"
Y166,"Envenenamiento por, y exposicion a disolventes organicos e hidrocarburos halogenados y sus vapores, de intencion no determinada: area industrial y de la construccion"
Y167,"Envenenamiento por, y exposicion a disolventes organicos e hidrocarburos halogenados y sus vapores, de intencion no determinada: granja"
Y168,"Envenenamiento por, y exposicion a disolventes organicos e hidrocarburos halogenados y sus vapores, de intencion no determinada: otro lugar especificado"
Y169,"Envenenamiento por, y exposicion a disolventes organicos e hidrocarburos halogenados y sus vapores, de intencion no determinada: lugar no especificado"
Y170,"Envenenamiento por, y exposicion a otros gases y vapores, de intencion no determinada: vivienda"
Y171,"Envenenamiento por, y exposicion a otros gases y vapores, de intencion no determinada: institucion residencial"
Y172,"Envenenamiento por, y exposicion a otros gases y vapores, de intencion no determinada: escuelas, otras instituciones y areas administrativas"
Y173,"Envenenamiento por, y exposicion a otros gases y vapores, de intencion no determinada: areas de deporte y atletismo"
Y174,"Envenenamiento por, y exposicion a otros gases y vapores, de intencion no determinada: calles y carreteras"
Y175,"Envenenamiento por, y exposicion a otros gases y vapores, de intencion no determinada: comercio y area de servicios"
Y176,"Envenenamiento por, y exposicion a otros gases y vapores, de intencion no determinada: area industrial y de la construccion"
Y177,"Envenenamiento por, y exposicion a otros gases y vapores, de intencion no determinada: granja"
Y178,"Envenenamiento por, y exposicion a otros gases y vapores, de intencion no determinada: otro lugar especificado"
Y179,"Envenenamiento por, y exposicion a otros gases y vapores, de intencion no determinada: lugar no especificado"
Y180,"Envenenamiento por, y exposicion a plaguicidas, de intencion no determinada: vivienda"
Y181,"Envenenamiento por, y exposicion a plaguicidas, de intencion no determinada: institucion residencial"
Y182,"Envenenamiento por, y exposicion a plaguicidas, de intencion no determinada: escuelas otras instituciones y areas administrativas"
Y183,"Envenenamiento por, y exposicion a plaguicidas, de intencion no determinada: areas de deporte y atletismo"
Y184,"Envenenamiento por, y exposicion a plaguicidas, de intencion no determinada: calles y carreteras"
Y185,"Envenenamiento por, y exposicion a plaguicidas, de intencion no determinada: comercio y area de servicios"
Y186,"Envenenamiento por, y exposicion a plaguicidas, de intencion no determinada: area industrial y de la construccion"
Y187,"Envenenamiento por, y exposicion a plaguicidas, de intencion no determinada: granja"
Y188,"Envenenamiento por, y exposicion a plaguicidas, de intencion no determinada: otro lugar especificado"
Y189,"Envenenamiento por, y exposicion a plaguicidas, de intencion no determinada: lugar no especificado"
Y190,"Envenenamiento por, y exposicion a otros productos quimicos y sustancias nocivas, y los no especificados, de intencion no determinada: vivienda"
Y191,"Envenenamiento por, y exposicion a otros productos quimicos y sustancias nocivas, y los no especificados, de intencion no determinada: institucion residencial"
Y192,"Envenenamiento por, y exposicion a otros productos quimicos y sustancias nocivas, y los no especificados, de intencion no determinada: escuelas otras instituciones y areas administrativas"
Y193,"Envenenamiento por, y exposicion a otros productos quimicos y sustancias nocivas, y los no especificados, de intencion no determinada: areas de deporte y atletismo"
Y194,"Envenenamiento por, y exposicion a otros productos quimicos y sustancias nocivas, y los no especificados, de intencion no determinada: calles y carreteras"
Y195,"Envenenamiento por, y exposicion a otros productos quimicos y sustancias nocivas, y los no especificados, de intencion no determinada: comercio y area de servicios"
Y196,"Envenenamiento por, y exposicion a otros productos quimicos y sustancias nocivas, y los no especificados, de intencion no determinada: area industrial y de la construccion"
Y197,"Envenenamiento por, y exposicion a otros productos quimicos y sustancias nocivas, y los no especificados, de intencion no determinada: granja"
Y198,"Envenenamiento por, y exposicion a otros productos quimicos y sustancias nocivas, y los no especificados, de intencion no determinada: otro lugar especificado"
Y199,"Envenenamiento por, y exposicion a otros productos quimicos y sustancias nocivas, y los no especificados, de intencion no determinada: lugar no especificado"
Y200,"Ahorcamiento, estrangulamiento y sofocacion, de intencion no determinada: vivienda"
Y201,"Ahorcamiento, estrangulamiento y sofocacion, de intencion no determinada: institucion residencial"
Y202,"Ahorcamiento, estrangulamiento y sofocacion, de intencion no determinada: escuelas otras instituciones y areas administrativas"
Y203,"Ahorcamiento, estrangulamiento y sofocacion, de intencion no determinada: areas de deporte y atletismo"
Y204,"Ahorcamiento, estrangulamiento y sofocacion, de intencion no determinada: calles y carreteras"
Y205,"Ahorcamiento, estrangulamiento y sofocacion, de intencion no determinada: comercio y area de servicios"
Y206,"Ahorcamiento, estrangulamiento y sofocacion, de intencion no determinada: area industrial y de la construccion"
Y207,"Ahorcamiento, estrangulamiento y sofocacion, de intencion no determinada: granja"
Y208,"Ahorcamiento, estrangulamiento y sofocacion, de intencion no determinada: otro lugar especificado"
Y209,"Ahorcamiento, estrangulamiento y sofocacion, de intencion no determinada: lugar no especificado"
Y210,"Ahogamiento y sumersion, de intencion no determinada: vivienda"
Y211,"Ahogamiento y sumersion, de intencion no determinada: institucion residencial"
Y212,"Ahogamiento y sumersion, de intencion no determinada: escuelas otras instituciones y areas administrativas"
Y213,"Ahogamiento y sumersion, de intencion no determinada: areas de deporte y atletismo"
Y214,"Ahogamiento y sumersion, de intencion no determinada: calles y carreteras"
Y215,"Ahogamiento y sumersion, de intencion no determinada: comercio y area de servicios"
Y216,"Ahogamiento y sumersion, de intencion no determinada: area industrial y de la construccion"
Y217,"Ahogamiento y sumersion, de intencion no determinada: granja"
Y218,"Ahogamiento y sumersion, de intencion no determinada: otro lugar especificado"
Y219,"Ahogamiento y sumersion, de intencion no determinada: lugar no especificado"
Y220,"Disparo de arma corta, de intencion no determinada: vivienda"
Y221,"Disparo de arma corta, de intencion no determinada: institucion residencial"
Y222,"Disparo de arma corta, de intencion no determinada: escuelas, otras instituciones y areas administrativas"
Y223,"Disparo de arma corta, de intencion no determinada: areas de deporte y atletismo"
Y224,"Disparo de arma corta, de intencion no determinada: calles y carreteras"
Y225,"Disparo de arma corta, de intencion no determinada: comercio y area de servicios"
Y226,"Disparo de arma corta, de intencion no determinada: area industrial y de la construccion"
Y227,"Disparo de arma corta, de intencion no determinada: granja"
Y228,"Disparo de arma corta, de intencion no determinada: otro lugar especificado"
Y229,"Disparo de arma corta, de intencion no determinada: lugar no especificado"
Y230,"Disparo de rifle, escopeta y arma larga, de intencion no determinada: vivienda"
Y231,"Disparo de rifle, escopeta y arma larga, de intencion no determinada: institucion residencial"
Y232,"Disparo de rifle, escopeta y arma larga, de intencion no determinada: escuelas, otras instituciones y areas administrativas"
Y233,"Disparo de rifle, escopeta y arma larga, de intencion no determinada: areas de deporte y atletismo"
Y234,"Disparo de rifle, escopeta y arma larga, de intencion no determinada: calles y carreteras"
Y235,"Disparo de rifle, escopeta y arma larga, de intencion no determinada: comercio y area de servicios"
Y236,"Disparo de rifle, escopeta y arma larga, de intencion no determinada: area industrial y de la construccion"
Y237,"Disparo de rifle, escopeta y arma larga, de intencion no determinada: granja"
Y238,"Disparo de rifle, escopeta y arma larga, de intencion no determinada: otro lugar especificado"
Y239,"Disparo de rifle, escopeta y arma larga, de intencion no determinada: lugar no especificado"
Y240,"Disparo de otras armas de fuego, y las no especificadas, de intencion no determinada: vivienda"
Y241,"Disparo de otras armas de fuego, y las no especificadas, de intencion no determinada: institucion residencial"
Y242,"Disparo de otras armas de fuego, y las no especificadas, de intencion no determinada: escuelas, otras instituciones y areas administrativas"
Y243,"Disparo de otras armas de fuego, y las no especificadas, de intencion no determinada: areas de deporte y atletismo"
Y244,"Disparo de otras armas de fuego, y las no especificadas, de intencion no determinada: calles y carreteras"
Y245,"Disparo de otras armas de fuego, y las no especificadas, de intencion no determinada: comercio y area de servicios"
Y246,"Disparo de otras armas de fuego, y las no especificadas, de intencion no determinada: area industrial y de la construccion"
Y247,"Disparo de otras armas de fuego, y las no especificadas, de intencion no determinada: granja"
Y248,"Disparo de otras armas de fuego, y las no especificadas, de intencion no determinada: otro lugar especificado"
Y249,"Disparo de otras armas de fuego, y las no especificadas, de intencion no determinada: lugar no especificado"
Y250,"Contacto traumatico con material explosivo, de intencion no determinada: vivienda"
Y251,"Contacto traumatico con material explosivo, de intencion no determinada: institucion residencial"
Y252,"Contacto traumatico con material explosivo, de intencion no determinada: escuelas otras instituciones y areas administrativas"
Y253,"Contacto traumatico con material explosivo, de intencion no determinada: areas de deporte y atletismo"
Y254,"Contacto traumatico con material explosivo, de intencion no determinada: calles y carreteras"
Y255,"Contacto traumatico con material explosivo, de intencion no determinada: comercio y area de servicios"
Y256,"Contacto traumatico con material explosivo, de intencion no determinada: area industrial y de la construccion"
Y257,"Contacto traumatico con material explosivo, de intencion no determinada: granja"
Y258,"Contacto traumatico con material explosivo, de intencion no determinada: otro lugar especificado"
Y259,"Contacto traumatico con material explosivo, de intencion no determinada: lugar no especificado"
Y260,"Exposicion al humo, fuego y llamas, de intencion no determinada: vivienda"
Y261,"Exposicion al humo, fuego y llamas, de intencion no determinada: institucion residencial"
Y262,"Exposicion al humo, fuego y llamas, de intencion no determinada: escuelas, otras instituciones y areas administrativas"
Y263,"Exposicion al humo, fuego y llamas, de intencion no determinada: areas de deporte y atletismo"
Y264,"Exposicion al humo, fuego y llamas, de intencion no determinada: calles y carreteras"
Y265,"Exposicion al humo, fuego y llamas, de intencion no determinada: comercio y area de servicios"
Y266,"Exposicion al humo, fuego y llamas, de intencion no determinada: area industrial y de la construccion"
Y267,"Exposicion al humo, fuego y llamas, de intencion no determinada: granja"
Y268,"Exposicion al humo, fuego y llamas, de intencion no determinada: otro lugar especificado"
Y269,"Exposicion al humo, fuego y llamas, de intencion no determinada: lugar no especificado"
Y270,"Contacto con vapor de agua, vapores y objetos calientes, de intencion no determinada: vivienda"
Y271,"Contacto con vapor de agua, vapores y objetos calientes, de intencion no determinada: institucion residencial"
Y272,"Contacto con vapor de agua, vapores y objetos calientes, de intencion no determinada: escuelas, otras instituciones y areas administrativas"
Y273,"Contacto con vapor de agua, vapores y objetos calientes, de intencion no determinada: areas de deporte y atletismo"
Y274,"Contacto con vapor de agua, vapores y objetos calientes, de intencion no determinada: calles y carreteras"
Y275,"Contacto con vapor de agua, vapores y objetos calientes, de intencion no determinada: comercio y area de servicios"
Y276,"Contacto con vapor de agua, vapores y objetos calientes, de intencion no determinada: area industrial y de la construccion"
Y277,"Contacto con vapor de agua, vapores y objetos calientes, de intencion no determinada: granja"
Y278,"Contacto con vapor de agua, vapores y objetos calientes, de intencion no determinada: otro lugar especificado"
Y279,"Contacto con vapor de agua, vapores y objetos calientes, de intencion no determinada: lugar no especificado"
Y280,"Contacto traumatico con objeto cortante, de intencion no determinada: vivienda"
Y281,"Contacto traumatico con objeto cortante, de intencion no determinada: institucion residencial"
Y282,"Contacto traumatico con objeto cortante, de intencion no determinada: escuelas, otras instituciones y areas administrativas"
Y283,"Contacto traumatico con objeto cortante, de intencion no determinada: areas de deporte y atletismo"
Y284,"Contacto traumatico con objeto cortante, de intencion no determinada: calles y carreteras"
Y285,"Contacto traumatico con objeto cortante, de intencion no determinada: comercio y area de servicios"
Y286,"Contacto traumatico con objeto cortante, de intencion no determinada: area industrial y de la construccion"
Y287,"Contacto traumatico con objeto cortante, de intencion no determinada: granja"
Y288,"Contacto traumatico con objeto cortante, de intencion no determinada: otro lugar especificado"
Y289,"Contacto traumatico con objeto cortante, de intencion no determinada: lugar no especificado"
Y290,"Contacto traumatico con objeto romo o sin filo, de intencion no determinada: vivienda"
Y291,"Contacto traumatico con objeto romo o sin filo, de intencion no determinada: institucion residencial"
Y292,"Contacto traumatico con objeto romo o sin filo, de intencion no determinada: escuelas, otras instituciones y areas administrativas"
Y293,"Contacto traumatico con objeto romo o sin filo, de intencion no determinada: areas de deporte y atletismo"
Y294,"Contacto traumatico con objeto romo o sin filo, de intencion no determinada: calles y carreteras"
Y295,"Contacto traumatico con objeto romo o sin filo, de intencion no determinada: comercio y area de servicios"
Y296,"Contacto traumatico con objeto romo o sin filo, de intencion no determinada: area industrial y de la construccion"
Y297,"Contacto traumatico con objeto romo o sin filo, de intencion no determinada: granja"
Y298,"Contacto traumatico con objeto romo o sin filo, de intencion no determinada: otro lugar especificado"
Y299,"Contacto traumatico con objeto romo o sin filo, de intencion no determinada: lugar no especificado"
Y300,"Caida, salto o empujon desde lugar elevado, de intencion no determinada: vivienda"
Y301,"Caida, salto o empujon desde lugar elevado, de intencion no determinada: institucion residencial"
Y302,"Caida, salto o empujon desde lugar elevado, de intencion no determinada: escuelas, otras instituciones y areas administrativas"
Y303,"Caida, salto o empujon desde lugar elevado, de intencion no determinada: areas de deporte y atletismo"
Y304,"Caida, salto o empujon desde lugar elevado, de intencion no determinada: calles y carreteras"
Y305,"Caida, salto o empujon desde lugar elevado, de intencion no determinada: comercio y area de servicios"
Y306,"Caida, salto o empujon desde lugar elevado, de intencion no determinada: area industrial y de la construccion"
Y307,"Caida, salto o empujon desde lugar elevado, de intencion no determinada: granja"
Y308,"Caida, salto o empujon desde lugar elevado, de intencion no determinada: otro lugar especificado"
Y309,"Caida, salto o empujon desde lugar elevado, de intencion no determinada: lugar no especificado"
Y310,"Caida, permanencia o carrera delante o hacia objeto en movimiento, de intencion no determinada: vivienda"
Y311,"Caida, permanencia o carrera delante o hacia objeto en movimiento, de intencion no determinada: institucion residencial"
Y312,"Caida, permanencia o carrera delante o hacia objeto en movimiento, de intencion no determinada: escuelas, otras instituciones y areas administrativas"
Y313,"Caida, permanencia o carrera delante o hacia objeto en movimiento, de intencion no determinada: areas de deporte y atletismo"
Y314,"Caida, permanencia o carrera delante o hacia objeto en movimiento, de intencion no determinada: calles y carreteras"
Y315,"Caida, permanencia o carrera delante o hacia objeto en movimiento, de intencion no determinada: comercio y area de servicios"
Y316,"Caida, permanencia o carrera delante o hacia objeto en movimiento, de intencion no determinada: area industrial y de la construccion"
Y317,"Caida, permanencia o carrera delante o hacia objeto en movimiento, de intencion no determinada: granja"
Y318,"Caida, permanencia o carrera delante o hacia objeto en movimiento, de intencion no determinada: otro lugar especificado"
Y319,"Caida, permanencia o carrera delante o hacia objeto en movimiento, de intencion no determinada: lugar no especificado"
Y320,"Colision de vehiculo de motor, de intencion no determinada: vivienda"
Y321,"Colision de vehiculo de motor, de intencion no determinada: institucion residencial"
Y322,"Colision de vehiculo de motor, de intencion no determinada: escuelas, otras instituciones y areas administrativas"
Y323,"Colision de vehiculo de motor, de intencion no determinada: areas de deporte y atletismo"
Y324,"Colision de vehiculo de motor, de intencion no determinada: calles y carreteras"
Y325,"Colision de vehiculo de motor, de intencion no determinada: comercio y area de servicios"
Y326,"Colision de vehiculo de motor, de intencion no determinada: area industrial y de la construccion"
Y327,"Colision de vehiculo de motor, de intencion no determinada: granja"
Y328,"Colision de vehiculo de motor, de intencion no determinada: otro lugar especificado"
Y329,"Colision de vehiculo de motor, de intencion no determinada: lugar no especificado"
Y330,"Otros eventos especificados, de intencion no determinada: vivienda"
Y331,"Otros eventos especificados, de intencion no determinada: institucion residencial"
Y332,"Otros eventos especificados, de intencion no determinada: escuelas, otras instituciones y areas administrativas"
Y333,"Otros eventos especificados, de intencion no determinada: areas de deporte y atletismo"
Y334,"Otros eventos especificados, de intencion no determinada: calles y carreteras"
Y335,"Otros eventos especificados, de intencion no determinada: comercio y area de servicios"
Y336,"Otros eventos especificados, de intencion no determinada: area industrial y de la construccion"
Y337,"Otros eventos especificados, de intencion no determinada: granja"
Y338,"Otros eventos especificados, de intencion no determinada: otro lugar especificado"
Y339,"Otros eventos especificados, de intencion no determinada: lugar no especificado"
Y340,"Evento no especificado, de intencion no determinada: vivienda"
Y341,"Evento no especificado, de intencion no determinada: institucion residencial"
Y342,"Evento no especificado, de intencion no determinada: escuelas, otras instituciones y areas administrativas"
Y343,"Evento no especificado, de intencion no determinada: areas de deporte y atletismo"
Y344,"Evento no especificado, de intencion no determinada: calles y carreteras"
Y345,"Evento no especificado, de intencion no determinada: comercio y area de servicios"
Y346,"Evento no especificado, de intencion no determinada: area industrial y de la construccion"
Y347,"Evento no especificado, de intencion no determinada: granja"
Y348,"Evento no especificado, de intencion no determinada: otro lugar especificado"
Y349,"Evento no especificado, de intencion no determinada: lugar no especificado"
Y700,Dispositivos de anestesiologia asociados con incidentes adversos: dispositivos de diagnostico y monitoreo
Y701,Dispositivos de anestesiologia asociados con incidentes adversos: dispositivos terapeuticos (no quirurgicos) y de rehabilitacion
Y702,"Dispositivos de anestesiologia asociados con incidentes adversos: dispositivos protesicos y otros implantes, materiales y accesorios"
Y703,"Dispositivos de anestesiologia asociados con incidentes adversos: instrumentos quirurgicos, dispositivos y materiales (inclusive suturas)"
Y708,"Dispositivos de anestesiologia asociados con incidentes adversos: dispositivos diversos, no clasificados en otra parte"
Y710,Dispositivos cardiovasculares asociados con incidentes adversos: dispositivos de diagnostico y monitoreo
Y711,Dispositivos cardiovasculares asociados con incidentes adversos: dispositivos terapeuticos (no quirurgicos) y de rehabilitacion
Y712,"Dispositivos cardiovasculares asociados con incidentes adversos: dispositivos protesicos y otros implantes, materiales y accesorios"
Y713,"Dispositivos cardiovasculares asociados con incidentes adversos: instrumentos quirurgicos, dispositivos y materiales (inclusive suturas)"
Y718,"Dispositivos cardiovasculares asociados con incidentes adversos: dispositivos diversos, no clasificados en otra parte"
Y720,Dispositivos otorrinolaringologicos asociados con incidentes adversos: dispositivos de diagnostico y monitoreo
Y721,Dispositivos otorrinolaringologicos asociados con incidentes adversos: dispositivos terapeuticos (no quirurgicos) y de rehabilitacion
Y722,"Dispositivos otorrinolaringologicos asociados con incidentes adversos: dispositivos protesicos y otros implantes, materiales y accesorios"
Y723,"Dispositivos otorrinolaringologicos asociados con incidentes adversos: instrumentos quirurgicos, dispositivos y materiales (inclusive suturas)"
Y728,"Dispositivos otorrinolaringologicos asociados con incidentes adversos: dispositivos diversos, no clasificados en otra parte"
Y730,Dispositivos de gastroenterologia y urologia asociados con incidentes adversos: dispositivos de diagnostico y monitoreo
Y731,Dispositivos de gastroenterologia y urologia asociados con incidentes adversos: dispositivos terapeuticos (no quirurgicos) y de rehabilitacion
Y732,"Dispositivos de gastroenterologia y urologia asociados con incidentes adversos: dispositivos protesicos y otros implantes, materiales y accesorios"
Y733,"Dispositivos de gastroenterologia y urologia asociados con incidentes adversos: instrumentos quirurgicos, dispositivos y materiales (inclusive suturas)"
Y738,"Dispositivos de gastroenterologia y urologia asociados con incidentes adversos: dispositivos diversos, no clasificados en otra parte"
Y740,Dispositivos para uso hospitalario general y personal asociados con incidentes adversos: dispositivos de diagnostico y monitoreo
Y741,Dispositivos para uso hospitalario general y personal asociados con incidentes adversos: dispositivos terapeuticos (no quirurgicos) y de rehabilitacion
Y742,"Dispositivos para uso hospitalario general y personal asociados con incidentes adversos: dispositivos protesicos y otros implantes, materiales y accesorios"
Y743,"Dispositivos para uso hospitalario general y personal asociados con incidentes adversos: instrumentos quirurgicos, dispositivos y materiales (inclusive suturas)"
Y748,"Dispositivos para uso hospitalario general y personal asociados con incidentes adversos: dispositivos diversos, no clasificados en otra parte"
Y750,Dispositivos neurologicos asociados con incidentes adversos: dispositivos de diagnostico y monitoreo
Y751,Dispositivos neurologicos asociados con incidentes adversos: dispositivos terapeuticos (no quirurgicos) y de rehabilitacion
Y752,"Dispositivos neurologicos asociados con incidentes adversos: dispositivos protesicos y otros implantes, materiales y accesorios"
Y753,"Dispositivos neurologicos asociados con incidentes adversos: instrumentos quirurgicos, dispositivos y materiales (inclusive suturas)"
Y758,"Dispositivos neurologicos asociados con incidentes adversos: dispositivos diversos, no clasificados en otra parte"
Y760,Dispositivos ginecologicos y obstetricos asociados con incidentes adversos: dispositivos de diagnostico y monitoreo
Y761,Dispositivos ginecologicos y obstetricos asociados con incidentes adversos: dispositivos terapeuticos (no quirurgicos) y de rehabilitacion
Y762,"Dispositivos ginecologicos y obstetricos asociados con incidentes adversos: dispositivos protesicos y otros implantes, materiales y accesorios"
Y763,"Dispositivos ginecologicos y obstetricos asociados con incidentes adversos: instrumentos quirurgicos, dispositivos y materiales (inclusive suturas)"
Y768,"Dispositivos ginecologicos y obstetricos asociados con incidentes adversos: dispositivos diversos, no clasificados en otra parte"
Y770,Dispositivos oftalmicos asociados con incidentes adversos: dispositivos de diagnostico y monitoreo
Y771,Dispositivos oftalmicos asociados con incidentes adversos: dispositivos terapeuticos (no quirurgicos) y de rehabilitacion
Y772,"Dispositivos oftalmicos asociados con incidentes adversos: dispositivos protesicos y otros implantes, materiales y accesorios"
Y773,"Dispositivos oftalmicos asociados con incidentes adversos: instrumentos quirurgicos, dispositivos y materiales (inclusive suturas)"
Y778,"Dispositivos oftalmicos asociados con incidentes adversos: dispositivos diversos, no clasificados en otra parte"
Y780,Aparatos radiologicos asociados con incidentes adversos: dispositivos de diagnostico y monitoreo
Y781,Aparatos radiologicos asociados con incidentes adversos: dispositivos terapeuticos (no quirurgicos) y de rehabilitacion
Y782,"Aparatos radiologicos asociados con incidentes adversos: dispositivos protesicos y otros implantes, materiales y accesorios"
Y783,"Aparatos radiologicos asociados con incidentes adversos: instrumentos quirurgicos, dispositivos y materiales (inclusive suturas)"
Y788,"Aparatos radiologicos asociados con incidentes adversos: dispositivos diversos, no clasificados en otra parte"
Y790,Dispositivos ortopedicos asociados con incidentes adversos: dispositivos de diagnostico y monitoreo
Y791,Dispositivos ortopedicos asociados con incidentes adversos: dispositivos terapeuticos (no quirurgicos) y de rehabilitacion
Y792,"Dispositivos ortopedicos asociados con incidentes adversos: dispositivos protesicos y otros implantes, materiales y accesorios"
Y793,"Dispositivos ortopedicos asociados con incidentes adversos: instrumentos quirurgicos, dispositivos y materiales (inclusive suturas)"
Y798,"Dispositivos ortopedicos asociados con incidentes adversos: dispositivos diversos, no clasificados en otra parte"
Y800,Aparatos de medicina fisica asociados con incidentes adversos: dispositivos de diagnostico y monitoreo
Y801,Aparatos de medicina fisica asociados con incidentes adversos: dispositivos terapeuticos (no quirurgicos) y de rehabilitacion
Y802,"Aparatos de medicina fisica asociados con incidentes adversos: dispositivos protesicos y otros implantes, materiales y accesorios"
Y803,"Aparatos de medicina fisica asociados con incidentes adversos: instrumentos quirurgicos, dispositivos y materiales (inclusive suturas)"
Y808,"Aparatos de medicina fisica asociados con incidentes adversos: dispositivos diversos, no clasificados en otra parte"
Y810,Dispositivos de cirugia general y plastica asociados con incidentes adversos: dispositivos de diagnostico y monitoreo
Y811,Dispositivos de cirugia general y plastica asociados con incidentes adversos: dispositivos terapeuticos (no quirurgicos) y de rehabilitacion
Y812,"Dispositivos de cirugia general y plastica asociados con incidentes adversos: dispositivos protesicos y otros implantes, materiales y accesorios"
Y813,"Dispositivos de cirugia general y plastica asociados con incidentes adversos: instrumentos quirurgicos, dispositivos y materiales (inclusive suturas)"
Y818,"Dispositivos de cirugia general y plastica asociados con incidentes adversos: dispositivos diversos, no clasificados en otra parte"
Y820,"Otros dispositivos medicos, y los no especificados, asociados con incidentes adversos: dispositivos de diagnostico y monitoreo"
Y821,"Otros dispositivos medicos, y los no especificados, asociados con incidentes adversos: dispositivos terapeuticos (no quirurgicos) y de rehabilitacion"
Y822,"Otros dispositivos medicos, y los no especificados, asociados con incidentes adversos: dispositivos protesicos y otros implantes, materiales y accesorios"
Y823,"Otros dispositivos medicos, y los no especificados, asociados con incidentes adversos: instrumentos quirurgicos, dispositivos y materiales (inclusive suturas)"
Y828,"Otros dispositivos medicos, y los no especificados, asociados con incidentes adversos: dispositivos diversos, no clasificados en otra parte"
